{"stats":{"minecraft:broken":{"mekanismtools:osmium_helmet":1,"mekanismtools:stone_paxel":2,"exnihilosequentia:stone_hammer":3,"minecraft:fishing_rod":2,"minecraft:wooden_pickaxe":3,"minecraft:stone_pickaxe":1,"excompressum:compressed_hammer_stone":7},"minecraft:dropped":{"minecraft:iron_sword":1,"thermal:cooked_corn":13,"farmersdelight:honey_cookie":2,"exnihilosequentia:granite_pebble":3,"minecraft:lapis_lazuli":8,"thermal:peanut":1,"minecraft:diamond":5,"minecraft:crafting_table":9,"minecraft:cookie":18,"mob_grinding_utils:rotten_egg":1,"minecraft:emerald":13,"minecraft:gray_concrete":7,"aquaculture:fish_fillet_raw":2,"supplementaries:rope":4,"avaritia:double_compressed_crafting_table":1,"create:mechanical_arm":1,"minecraft:stone_button":2,"pamhc2foodcore:saltitem":2,"minecraft:jungle_sapling":1,"minecraft:bone_meal":10,"minecraft:sand":2,"create:goggles":1,"thermal:peanut_seeds":1,"minecraft:sugar":2,"minecraft:fishing_rod":1,"minecraft:white_wool":22,"mekanismtools:refined_obsidian_sword":3,"pamhc2foodcore:fruitsaladitem":21,"minecraft:sugar_cane":14,"mysticalagriculture:infusion_pedestal":1,"pamhc2foodcore:hotchocolateitem":6,"exnihilosequentia:aluminum_ingot":64,"minecraft:wheat":1,"minecraft:obsidian":44,"exnihilosequentia:copper_pieces":23,"pamhc2foodcore:caramelitem":2,"minecraft:rotten_flesh":9,"minecraft:oak_planks":96,"thermal:corn":6,"exnihilosequentia:potato_seeds":1,"pamhc2foodcore:chocolatecupcakeitem":11,"thermal:eggplant_seeds":1,"mekanism:hazmat_pants":1,"pamhc2foodcore:freshmilkitem":2,"minecraft:charcoal":128,"exnihilosequentia:carrot_seeds":1,"thermal:jar":2,"exnihilosequentia:wooden_crook":1,"exnihilosequentia:acacia_seeds":1,"pamhc2foodcore:carrotcupcakeitem":7,"mekanismtools:lapis_lazuli_boots":1,"minecraft:iron_ingot":32,"exnihilosequentia:sweet_berry_seeds":1,"minecraft:wheat_seeds":13,"create:polished_rose_quartz":1,"farmersdelight:skillet":3,"mekanism:hazmat_mask":1,"mekanism:dust_obsidian":3,"minecraft:cobblestone":995,"mekanismtools:lapis_lazuli_chestplate":3,"vanillahammers:obsidian_hammer":3,"mekanismtools:stone_paxel":4,"minecraft:coal":9,"mob_grinding_utils:xp_tap":1,"create:andesite_casing":16,"minecraft:lava_bucket":1,"exnihilosequentia:red_coral_larvae":7,"farmersdelight:cooked_cod_slice":1,"exnihilosequentia:aluminum_pieces":14,"minecraft:dried_kelp":44,"exnihilosequentia:raw_silver":4,"minecraft:paper":134,"create:sand_paper":1,"minecraft:moss_carpet":8,"quark:azalea_planks":7,"minecraft:stone_sword":5,"thermal:amaranth_seeds":6,"mob_grinding_utils:tinted_glass":1,"minecraft:bowl":1,"minecraft:stone_shovel":1,"minecraft:white_carpet":10,"exnihilosequentia:porcelain_clay":64,"exnihilosequentia:pickle_seeds":1,"thermal:strawberry":2,"thermal:pbj_sandwich":3,"exnihilosequentia:gold_pieces":8,"minecraft:pumpkin_seeds":4,"thermal:tomato_seeds":3,"minecraft:diamond_sword":3,"exnihilosequentia:grass_seeds":9,"kubejs:stone_coin":3,"create:hand_crank":1,"create:brass_casing":1,"supplementaries:flute":6,"create:belt_connector":13,"exnihilosequentia:mycelium_spores":1,"storagenetwork:inventory_remote":2,"exnihilosequentia:uranium_pieces":10,"pamhc2foodcore:mixingbowlitem":1,"minecraft:oak_log":11,"minecraft:baked_potato":14,"exnihilosequentia:diorite_pebble":6,"minecraft:ender_pearl":2,"bhc:relic_apple":1,"exnihilosequentia:jungle_seeds":1,"thermal:cheese_wedge":2,"pamhc2foodcore:chocolatepuddingitem":2,"excompressum:sheep_bait":1,"exnihilosequentia:spruce_seeds":1,"mekanismtools:lapis_lazuli_leggings":2,"minecraft:flint":464,"minecraft:cornflower":1,"exnihilosequentia:raw_tin":1,"solcarrot:food_book":2,"pamhc2foodcore:yogurtitem":9,"create:large_cogwheel":3,"exnihilosequentia:stone_hammer":3,"ftbquests:book":1,"thermal:green_bean_seeds":3,"farmersdelight:sweet_berry_cheesecake":1,"create:crushing_wheel":3,"exnihilosequentia:oak_barrel":1,"minecraft:gravel":270,"exnihilosequentia:cactus_seeds":1,"chimes:bamboo_chimes":1,"buildersdelight:iron_chisel":2,"farmersdelight:hot_cocoa":1,"minecraft:beetroot":1,"ae2:fluix_dust":1,"mekanismtools:lapis_lazuli_helmet":2,"minecraft:carrot":1,"sophisticatedbackpacks:diamond_backpack":1,"ae2:sky_dust":2,"pamhc2foodcore:chocolatedonutitem":2,"minecraft:gunpowder":1,"thermal:cinnabar":2,"pamhc2foodcore:fruitcrumbleitem":1,"minecraft:beetroot_seeds":8,"minecraft:melon_seeds":6,"minecraft:azalea":3,"comforts:sleeping_bag_white":2,"minecraft:iron_ore":48,"thermal:cooked_eggplant":1,"farmersdelight:ratatouille":3,"farmersdelight:fish_stew":1,"exnihilosequentia:basalt_pebble":3,"create:andesite_alloy":37,"minecraft:water_bucket":2,"minecraft:stone_hoe":3,"minecraft:bread":3,"create:unprocessed_obsidian_sheet":7,"mekanism:hazmat_gown":1,"storagenetwork:crafting_remote":2,"minecraft:mossy_cobblestone":4,"minecraft:poisonous_potato":1,"exnihilosequentia:birch_seeds":1,"exnihilosequentia:iron_pieces":3,"exnihilosequentia:kelp_seeds":18,"create:zinc_nugget":3,"minecraft:copper_ingot":9,"thermal:bell_pepper":2,"exnihilosequentia:andesite_pebble":3,"minecraft:stick":18,"minecraft:milk_bucket":1,"minecraft:torch":320,"create:sturdy_sheet":16,"exnihilosequentia:dust":64,"pamhc2foodcore:cookingoilitem":1,"minecraft:slime_spawn_egg":1,"thermal:green_bean":1,"minecraft:cactus":2,"minecraft:bucket":5,"excompressum:cow_bait":1,"minecraft:redstone_block":14,"farmersdelight:pasta_with_meatballs":1,"pamhc2foodcore:marshmellowsitem":14,"minecraft:sweet_berries":2,"minecraft:brown_dye":1,"create:shaft":13,"excompressum:chicken_bait":2,"minecraft:stripped_oak_log":1,"pamhc2foodcore:donutitem":2,"pamhc2foodcore:bakedvegetablemedlyitem":7,"pamhc2foodcore:freshwateritem":10,"mekanism:hazmat_boots":1,"thermal:iron_plate":1,"thermal:sadiroot_seeds":3,"thermal:eggplant":1,"minecraft:andesite":1,"minecraft:cake":1,"exnihilosequentia:lead_pieces":21,"exnihilosequentia:silver_pieces":6,"minecraft:oak_sapling":16,"minecraft:stone_pickaxe":8,"minecraft:wooden_pickaxe":1,"pamhc2foodcore:carrotbreaditem":2,"thermal:niter":1,"excompressum:compressed_gravel":42},"minecraft:killed_by":{"minecraft:zombie":1,"blue_skies:infested_swarmer":1,"minecraft:creeper":2,"mekanismadditions:baby_skeleton":1,"minecraft:player":73,"minecraft:enderman":2,"minecraft:skeleton":3},"minecraft:mined":{"quark:azalea_log":61,"create:andesite_casing":8,"minecraft:obsidian":2,"exnihilosequentia:oak_sieve":1,"minecraft:jungle_log":20,"snad:snad":2,"minecraft:hopper":1,"minecraft:oak_wall_sign":2,"minecraft:nether_wart":17,"mcwlights:classic_street_lamp":3,"minecraft:pumpkin":8,"minecraft:moss_carpet":13,"thermal:corn":4,"thermal:amaranth":12,"minecraft:cave_vines":3,"thermal:eggplant":2,"cfm:oak_kitchen_counter":3,"create:mechanical_press":1,"engineersdecor:metal_sliding_door":1,"chimes:bamboo_chimes":4,"minecraft:kelp_plant":49,"minecraft:torch":75,"rsgauges:sensitive_glass_block":2,"minecraft:melon":8,"excompressum:compressed_cobblestone":539,"create:train_door":1,"excompressum:oak_heavy_sieve":3,"minecraft:sugar_cane":255,"minecraft:birch_sapling":4,"create:basin":2,"avaritia:double_compressed_crafting_table":1,"createaddition:electric_motor":1,"minecraft:wheat":15,"minecraft:pumpkin_stem":6,"mcwdoors:bamboo_western_door":1,"minecraft:grass":71,"mekanismadditions:gray_plastic_glow":3,"minecraft:dark_oak_sapling":6,"create:hand_crank":3,"thermal:barley":8,"minecraft:attached_pumpkin_stem":1,"minecraft:mossy_cobblestone":3,"functionalstorage:oak_1":4,"minecraft:moss_block":219,"minecraft:kelp":7,"engineersdecor:sign_exit":1,"supplementaries:rope":6,"minecraft:jungle_sapling":2,"minecraft:andesite":1,"thermal:onion":1,"minecraft:potatoes":1,"minecraft:cobblestone_slab":6,"minecraft:vine":6,"minecraft:bamboo":8,"minecraft:gray_concrete":14,"quark:oak_chest":2,"minecraft:dandelion":3,"minecraft:cornflower":2,"create:fluid_pipe":1,"create:mechanical_pump":1,"minecraft:tall_grass":49,"thermal:green_bean":1,"cookingforblockheads:cutting_board":2,"excompressum:cow_bait":5,"farmersdelight:skillet":11,"furnacemk2:furnacemk2":1,"minecraft:spruce_log":73,"minecraft:white_carpet":13,"thermal:radish":1,"create:crushing_wheel":3,"cfm:oak_coffee_table":8,"minecraft:sunflower":3,"minecraft:gravel":66,"minecraft:fern":4,"minecraft:oak_sapling":9,"minecraft:cobblestone_stairs":9,"minecraft:cave_vines_plant":2,"minecraft:grass_block":1,"comforts:sleeping_bag_white":1,"cobblefordays:tier_1":1,"minecraft:iron_ore":5,"thermal:tomato":2,"exnihilosequentia:oak_barrel":6,"supplementaries:stick":74,"minecraft:flowering_azalea_leaves":1,"minecraft:iron_bars":9,"minecraft:azalea_leaves":1,"minecraft:azalea":5,"mob_grinding_utils:tinted_glass":4,"excompressum:compressed_sand":79,"mob_grinding_utils:fan":2,"mysticalagriculture:infusion_altar":3,"decorative_blocks:oak_support":3,"minecraft:clay":37,"quark:cobblestone_bricks":34,"thermal:sadiroot":7,"minecraft:poppy":1,"thermal:peanut":4,"create:brass_casing":1,"minecraft:cobblestone":242,"minecraft:oak_planks":6,"chimes:iron_chimes":1,"minecraft:wall_torch":76,"create:large_water_wheel":1,"farmersdelight:cutting_board":1,"excompressum:chicken_bait":6,"exnihilosequentia:oak_crucible":4,"minecraft:oak_log":162,"minecraft:beetroots":11,"minecraft:sand":19,"minecraft:dirt":9,"minecraft:oak_leaves":57,"exnihilosequentia:infested_leaves":75,"minecraft:ladder":43,"minecraft:stone_button":1,"create:large_cogwheel":1,"minecraft:rooted_dirt":2,"minecraft:large_fern":2,"thermal:strawberry":3,"minecraft:oak_trapdoor":4,"minecraft:spruce_sapling":17,"minecraft:furnace":1,"minecraft:carrots":4,"mekanismadditions:gray_plastic":3,"minecraft:stripped_oak_log":10,"sophisticatedstorage:iron_barrel":1,"minecraft:stone":6880,"farmersdelight:cooking_pot":9,"minecraft:flowering_azalea":4,"exnihilosequentia:dust":6,"minecraft:crafting_table":5,"minecraft:sculk_sensor":1,"excompressum:compressed_gravel":144,"minecraft:air":852,"minecraft:cactus":3,"cfm:oak_chair":4,"minecraft:sweet_berry_bush":18,"minecraft:cocoa":45,"create:mechanical_crafter":21,"farmersdelight:stove":1,"engineersdecor:sign_danger":1},"minecraft:killed":{"minecraft:skeleton":55,"minecraft:chicken":3,"minecraft:zombie":67,"minecraft:cow":1,"mekanismadditions:baby_skeleton":24,"minecraft:enderman":9,"minecraft:spider":3,"mekanismadditions:baby_enderman":1,"mekanismadditions:baby_creeper":11,"minecraft:creeper":29,"minecraft:blaze":1,"minecraft:slime":13,"nourished_end:radjelly":1},"minecraft:picked_up":{"minecraft:seagrass":5,"storagenetwork:inventory_remote":3,"thermal:amaranth":36,"minecraft:prismarine_shard":45,"exnihilosequentia:oak_crucible":4,"exnihilomekanism:osmium_pieces":129,"minecraft:diamond_sword":2,"exnihilosequentia:andesite_pebble":9,"quark:azalea_log":62,"exnihilosequentia:dark_oak_seeds":4,"create:bar_of_chocolate":2,"farmersdelight:cutting_board":1,"exnihilosequentia:flint_mesh":6,"minecraft:string":270,"thermal:barley_seeds":42,"create:unprocessed_obsidian_sheet":2,"minecraft:beetroot":50,"chimes:bamboo_chimes":4,"mysticalagriculture:inferium_essence":25,"minecraft:horn_coral_block":3,"exnihilosequentia:oak_sieve":1,"minecraft:written_book":5,"thermal:eggplant":22,"mysticalagriculture:infusion_altar":4,"minecraft:melon_slice":44,"create:train_door":1,"thermal:sadiroot_seeds":47,"create:andesite_casing":9,"pamhc2foodcore:cuttingboarditem":2,"farmersdelight:chicken_cuts":4,"mob_grinding_utils:rotten_egg":1,"minecraft:black_dye":81,"thermal:apatite":30,"minecraft:stone_sword":2,"mekanismadditions:gray_plastic":3,"excompressum:compressed_sand":2,"thermal:radish_seeds":35,"create:mechanical_arm":1,"minecraft:blaze_rod":1,"minecraft:iron_bars":8,"minecraft:feather":4,"minecraft:water_bucket":2,"minecraft:jungle_log":20,"minecraft:flint":768,"pamhc2foodcore:juiceritem":1,"exnihilosequentia:gold_pieces":270,"minecraft:gray_concrete":14,"bhc:red_heart":2,"ftbquests:book":1,"create:shaft":8,"minecraft:glowstone_dust":24,"exnihilosequentia:jungle_seeds":8,"minecraft:moss_block":234,"exnihilosequentia:iron_mesh":2,"mekanismtools:stone_paxel":2,"chimes:iron_chimes":1,"thermal:onion_seeds":40,"exnihilosequentia:silkworm":73,"mekanismadditions:gray_plastic_glow":3,"exnihilosequentia:pickle_seeds":2,"minecraft:lever":1,"thermal:eggplant_seeds":40,"exnihilosequentia:silver_pieces":415,"storagenetwork:crafting_remote":2,"minecraft:bread":1,"minecraft:rooted_dirt":2,"minecraft:crafting_table":6,"pamhc2foodcore:potitem":1,"minecraft:nether_wart":55,"minecraft:clay_ball":120,"exnihilosequentia:spruce_seeds":6,"thermal:strawberry":21,"minecraft:cornflower":4,"minecraft:white_carpet":24,"thermal:radish":19,"minecraft:beef":2,"farmersdelight:cod_slice":4,"excompressum:compressed_cobblestone":42,"thermal:niter":23,"minecraft:jungle_sapling":4,"minecraft:poppy":3,"supplementaries:rope":63,"minecraft:birch_sapling":4,"minecraft:egg":8,"exnihilosequentia:zinc_pieces":211,"create:polished_rose_quartz":1,"minecraft:stone":137,"thermal:sadiroot":20,"farmersdelight:minced_beef":4,"sophisticatedbackpacks:backpack":2,"exnihilosequentia:granite_pebble":11,"minecraft:carrot":58,"minecraft:redstone":111,"create:brass_casing":1,"exnihilosequentia:pink_coral_larvae":6,"minecraft:prismarine_crystals":6,"exnihilosequentia:diamond_mesh":1,"mcwdoors:bamboo_western_door":1,"exnihilosequentia:mycelium_spores":2,"minecraft:stone_shovel":1,"excompressum:compressed_gravel":25,"exnihilosequentia:carrot_seeds":8,"farmersdelight:cooked_chicken_cuts":2,"minecraft:beetroot_seeds":92,"minecraft:shears":1,"mekanismtools:lapis_lazuli_leggings":1,"aquaculture:carp":1,"minecraft:tube_coral_block":3,"rsgauges:sensitive_glass_block":2,"minecraft:glow_berries":6,"minecraft:white_wool":2,"exnihilosequentia:basalt_pebble":7,"minecraft:stripped_oak_log":12,"ae2:fluix_dust":20,"exnihilosequentia:fern_seeds":1,"engineersdecor:sign_danger":1,"furnacemk2:furnacemk2":1,"excompressum:cow_bait":5,"minecraft:oak_log":159,"exnihilosequentia:iron_pieces":1292,"farmersdelight:skillet":16,"avaritia:double_compressed_crafting_table":2,"minecraft:paper":1,"create:crushing_wheel":10,"exnihilosequentia:aluminum_pieces":393,"minecraft:apple":6,"farmersdelight:cooking_pot":9,"minecraft:kelp":123,"solcarrot:food_book":3,"thermal:corn":45,"minecraft:stone_pickaxe":9,"exnihilosequentia:oak_seeds":4,"minecraft:flowering_azalea":11,"cfm:oak_coffee_table":8,"mcwlights:classic_street_lamp":3,"minecraft:milk_bucket":14,"minecraft:sweet_berries":175,"thermal:strawberry_seeds":37,"minecraft:gravel":3553,"exnihilosequentia:stone_hammer":3,"minecraft:spruce_sapling":36,"exnihilosequentia:birch_seeds":4,"minecraft:spruce_log":73,"exnihilosequentia:yellow_coral_larvae":13,"exnihilosequentia:oak_barrel":6,"quark:cobblestone_bricks":34,"minecraft:slime_ball":8,"exnihilosequentia:sweet_berry_seeds":2,"minecraft:painting":2,"minecraft:melon_seeds":37,"thermal:amaranth_seeds":110,"pamhc2foodcore:fruitsaladitem":3,"exnihilosequentia:copper_pieces":428,"minecraft:hopper":1,"minecraft:ender_pearl":7,"sophisticatedstorage:iron_barrel":1,"minecraft:wheat":88,"minecraft:redstone_block":7,"vanillahammers:obsidian_hammer":4,"pamhc2foodcore:cheeseitem":1,"minecraft:potion":1,"minecraft:brain_coral_block":3,"quark:azalea_planks":1,"cfm:oak_kitchen_counter":2,"minecraft:oak_sign":11,"thermal:sulfur":25,"thermal:iron_plate":1,"cobblefordays:tier_1":1,"create:mechanical_press":1,"thermal:tomato":25,"minecraft:bucket":20,"comforts:sleeping_bag_white":3,"exnihilosequentia:emerald_mesh":3,"create:sturdy_sheet":4,"minecraft:cobblestone_slab":12,"blue_skies:bug_guts":1,"minecraft:azalea":25,"minecraft:furnace":1,"minecraft:stick":160,"createaddition:electric_motor":1,"exnihilosequentia:large_fern_seeds":1,"minecraft:torch":311,"pamhc2foodcore:mixingbowlitem":1,"minecraft:dried_kelp":39,"create:large_cogwheel":4,"minecraft:cactus":8,"minecraft:rotten_flesh":35,"thermal:corn_seeds":89,"farmersdelight:tree_bark":1,"exnihilosequentia:sugarcane_seeds":2,"farmersdelight:raw_pasta":3,"minecraft:obsidian":57,"minecraft:cod":2,"minecraft:blaze_powder":26,"minecraft:cobblestone":6057,"mekanismtools:lapis_lazuli_chestplate":2,"exnihilosequentia:blackstone_pebble":4,"minecraft:andesite":17,"mekanismtools:lapis_lazuli_helmet":1,"minecraft:potato":100,"exnihilosequentia:string_mesh":7,"thermal:onion":27,"supplementaries:flute":8,"exnihilosequentia:porcelain_clay":39,"exnihilosequentia:tin_pieces":397,"minecraft:lapis_lazuli":382,"minecraft:dirt":39,"thermal:cooked_eggplant":1,"mekanism:dust_obsidian":13,"exnihilosequentia:fired_crucible":1,"minecraft:glass":4,"minecraft:bone":39,"mekanismtools:refined_obsidian_sword":2,"minecraft:wheat_seeds":229,"minecraft:bow":1,"minecraft:orange_tulip":4,"thermal:cooked_corn":20,"pamhc2foodcore:bakewareitem":1,"exnihilosequentia:crafting_doll":20,"farmersdelight:pumpkin_slice":16,"exnihilosequentia:grass_seeds":10,"minecraft:bamboo":58,"minecraft:oak_planks":9,"minecraft:stone_hoe":3,"exnihilosequentia:lead_pieces":400,"thermal:bell_pepper_seeds":20,"thermal:barley":19,"minecraft:poisonous_potato":1,"minecraft:sand":1573,"exnihilosequentia:kelp_seeds":24,"buildersdelight:iron_chisel":2,"excompressum:compressed_dust":26,"minecraft:mossy_cobblestone":7,"thermal:peanut":20,"pamhc2foodcore:saltitem":1,"engineersdecor:sign_exit":1,"minecraft:sugar":2,"minecraft:clay":55,"minecraft:diamond":40,"minecraft:bone_meal":172,"mob_grinding_utils:tinted_glass":6,"minecraft:emerald":32,"minecraft:oak_sapling":84,"minecraft:oak_leaves":56,"functionalstorage:oak_1":2,"minecraft:cocoa_beans":189,"minecraft:charcoal":64,"minecraft:chicken":3,"minecraft:ladder":45,"bonsaitrees3:bonsaipot":1,"thermal:cinnabar":29,"minecraft:wooden_pickaxe":1,"minecraft:chain":1,"farmersdelight:diamond_knife":1,"mysticalagriculture:infusion_pedestal":2,"minecraft:oak_trapdoor":4,"minecraft:stone_stairs":1,"minecraft:moss_carpet":59,"exnihilosequentia:potato_seeds":4,"exnihilosequentia:dust":673,"farmersdelight:straw":12,"excompressum:chicken_bait":5,"create:basin":2,"thermal:pbj_sandwich":1,"minecraft:sugar_cane":463,"minecraft:dark_oak_sapling":6,"exnihilosequentia:cactus_seeds":8,"minecraft:raw_iron":5,"minecraft:copper_ingot":15,"minecraft:bowl":71,"minecraft:gray_dye":11,"minecraft:stone_button":4,"exnihilosequentia:diorite_pebble":17,"exnihilosequentia:uranium_pieces":109,"create:hand_crank":5,"thermal:green_bean":25,"minecraft:brown_dye":2,"exnihilosequentia:purple_coral_larvae":6,"exnihilosequentia:nickel_pieces":440,"farmersdelight:cooked_cod_slice":2,"thermal:peanut_seeds":41,"mekanismtools:osmium_helmet":1,"exnihilosequentia:bamboo_seeds":4,"exnihilosequentia:blue_coral_larvae":10,"minecraft:arrow":39,"ae2:certus_quartz_dust":28,"excompressum:oak_heavy_sieve":3,"minecraft:leather":1,"cfm:oak_chair":4,"create:andesite_alloy":19,"exnihilosequentia:acacia_seeds":3,"minecraft:gunpowder":19,"minecraft:cobblestone_stairs":7,"mekanism:salt":43,"ae2:sky_dust":33,"minecraft:fire_coral_block":3,"decorative_blocks:oak_support":4,"minecraft:iron_ingot":35,"thermal:tomato_seeds":35,"minecraft:oak_slab":1,"minecraft:pumpkin":9,"thermal:bell_pepper":12,"exnihilosequentia:red_coral_larvae":14,"minecraft:dandelion":3,"mekanismtools:diamond_paxel":1,"thermal:green_bean_seeds":40,"minecraft:spider_eye":1,"quark:oak_chest":2,"pamhc2foodcore:grinderitem":1,"minecraft:pumpkin_seeds":34,"minecraft:sculk_sensor":1,"create:zinc_nugget":5,"mekanism:fluorite_gem":62,"exnihilosequentia:raw_silver":4,"farmersdelight:stove":1,"minecraft:coal":416,"minecraft:sunflower":3},"minecraft:custom":{"minecraft:interact_with_crafting_table":207,"minecraft:open_barrel":283,"minecraft:eat_cake_slice":2,"minecraft:leave_game":10,"minecraft:time_since_death":72211,"minecraft:play_time":1271383,"minecraft:deaths":112,"minecraft:jump":11876,"minecraft:interact_with_furnace":43,"minecraft:sleep_in_bed":2,"minecraft:damage_dealt":34282,"minecraft:inspect_dispenser":2,"minecraft:interact_with_anvil":1,"minecraft:inspect_hopper":9,"minecraft:sneak_time":27330,"minecraft:total_world_time":1271383,"minecraft:time_since_rest":72440,"minecraft:swim_one_cm":12521,"minecraft:fly_one_cm":2337367,"minecraft:open_chest":427,"minecraft:fish_caught":3,"minecraft:fall_one_cm":214764,"minecraft:animals_bred":2,"twilightforest:e115_slices_eaten":1,"minecraft:sprint_one_cm":1655737,"minecraft:drop":1906,"minecraft:interact_with_brewingstand":1,"minecraft:walk_on_water_one_cm":98128,"minecraft:player_kills":128,"minecraft:crouch_one_cm":32788,"minecraft:mob_kills":226,"minecraft:climb_one_cm":224047,"minecraft:walk_one_cm":3555058,"minecraft:walk_under_water_one_cm":46012,"minecraft:boat_one_cm":1480,"minecraft:damage_taken":35214,"minecraft:damage_absorbed":40},"minecraft:used":{"minecraft:moss_block":223,"minecraft:beetroot":1,"pamhc2foodcore:carrotcupcakeitem":5,"minecraft:ladder":20,"minecraft:stone":1,"excompressum:compressed_hammer_stone":1189,"minecraft:rotten_flesh":2,"excompressum:compressed_flint":7,"twilightforest:experiment_115":1,"minecraft:soul_sand":9,"minecraft:cocoa_beans":50,"exnihilosequentia:birch_seeds":4,"minecraft:jungle_sapling":3,"minecraft:lava_bucket":58,"vanillahammers:obsidian_hammer":902,"pamhc2foodcore:saltitem":1,"farmersdelight:glow_berry_custard":2,"minecraft:bow":8,"minecraft:sweet_berries":30,"minecraft:furnace":3,"minecraft:oak_sapling":30,"minecraft:egg":1,"minecraft:potato":31,"pamhc2foodcore:freshmilkitem":16,"minecraft:cactus":2,"minecraft:orange_tulip":2,"minecraft:wooden_pickaxe":192,"exnihilosequentia:oak_sieve":3,"minecraft:clay":22,"farmersdelight:pumpkin_slice":6,"minecraft:cookie":14,"minecraft:glow_berries":3,"elevatorid:elevator_white":2,"minecraft:golden_apple":1,"mob_grinding_utils:tinted_glass":3,"minecraft:sand":60,"minecraft:gray_concrete":7,"pamhc2foodcore:caramelappleitem":1,"minecraft:pumpkin_seeds":9,"pamhc2foodcore:caramelitem":3,"chimes:iron_chimes":2,"farmersdelight:honey_cookie":6,"bhc:relic_apple":1,"pamhc2foodcore:cheeseitem":1,"pamhc2foodcore:freshwateritem":20,"minecraft:stone_button":12,"exnihilosequentia:large_fern_seeds":1,"farmersdelight:chocolate_pie":1,"excompressum:cow_bait":6,"minecraft:diamond_sword":158,"create:basin":2,"minecraft:oak_boat":1,"bonsaitrees3:bonsaipot":1,"minecraft:oak_trapdoor":46,"minecraft:iron_bars":1,"minecraft:stone_sword":48,"exnihilosequentia:cactus_seeds":1,"exnihilosequentia:witch_water_bucket":5,"exnihilosequentia:potato_seeds":1,"minecraft:torch":81,"minecraft:stick":74,"minecraft:brewing_stand":1,"thermal:eggplant_seeds":5,"storagenetwork:inventory_remote":1,"exnihilosequentia:grass_seeds":5,"minecraft:stone_stairs":1,"decorative_blocks:oak_support":3,"sophisticatedstorage:iron_barrel":1,"thermal:bell_pepper":2,"mysticalagriculture:infusion_pedestal":9,"farmersdelight:oak_cabinet":2,"thermal:chocolate_cake":1,"minecraft:flowering_azalea":5,"excompressum:compressed_cobblestone":122,"minecraft:rooted_dirt":2,"minecraft:jungle_log":15,"thermal:green_bean":9,"pamhc2foodcore:chocolatepuddingitem":7,"thermal:barley_seeds":11,"minecraft:melon_seeds":3,"minecraft:bamboo":6,"cobblefordays:tier_1":1,"exnihilosequentia:dark_oak_seeds":1,"mcwdoors:bamboo_western_door":1,"farmersdelight:cooking_pot":10,"chimes:bamboo_chimes":4,"comforts:sleeping_bag_white":3,"excompressum:compressed_gravel":14,"minecraft:wheat_seeds":37,"minecraft:water_bucket":199,"pamhc2foodcore:carrotbreaditem":2,"quark:cobblestone_bricks":2,"pamhc2foodcore:cocoapowderitem":1,"exnihilosequentia:jungle_seeds":1,"exnihilosequentia:fern_seeds":4,"exnihilosequentia:granite_pebble":1,"mekanismtools:stone_paxel":525,"cfm:oak_coffee_table":14,"avaritia:double_compressed_crafting_table":1,"storagenetwork:crafting_remote":1,"pamhc2foodcore:sweetberryjuiceitem":1,"minecraft:mossy_cobblestone":1,"minecraft:crafting_table":3,"mekanismtools:refined_obsidian_sword":8,"mekanismadditions:gray_plastic_glow":2,"minecraft:campfire":2,"minecraft:oak_log":41,"exnihilosequentia:oak_barrel":6,"cfm:white_sofa":4,"farmersdelight:pasta_with_meatballs":1,"exnihilosequentia:spruce_seeds":1,"minecraft:sunflower":3,"quark:azalea_log":2,"thermal:strawberry_seeds":6,"mcwdoors:bamboo_japanese2_door":1,"minecraft:spruce_sapling":12,"supplementaries:rope":2,"minecraft:cobblestone":450,"quark:oak_chest":12,"minecraft:stripped_oak_log":9,"minecraft:dandelion":1,"minecraft:kelp":16,"create:bar_of_chocolate":1,"minecraft:moss_carpet":13,"pamhc2foodcore:chocolatedonutitem":1,"engineersdecor:sign_danger":1,"engineersdecor:sign_exit":1,"pamhc2foodcore:fruitcrumbleitem":1,"minecraft:oak_sign":11,"farmersdelight:stove":2,"minecraft:nether_wart":26,"minecraft:iron_sword":2,"mysticalagriculture:infusion_altar":4,"excompressum:compressed_sand":18,"exnihilosequentia:sea_water_bucket":6,"cookingforblockheads:spice_rack":5,"pamhc2foodcore:sweetberryyogurtitem":1,"farmersdelight:fish_stew":1,"exnihilosequentia:oak_crucible":5,"farmersdelight:cooked_cod_slice":1,"minecraft:carrot":8,"thermal:cooked_corn":7,"minecraft:beehive":2,"mekanismtools:diamond_paxel":1663,"minecraft:milk_bucket":2,"pamhc2foodcore:cookingoilitem":1,"thermal:sadiroot_seeds":9,"pamhc2foodcore:chocolatecupcakeitem":5,"rsgauges:sensitive_glass_block":1,"thermal:peanut_seeds":7,"minecraft:slime_spawn_egg":1,"farmersdelight:tomato_sauce":1,"createaddition:electric_motor":1,"farmersdelight:cutting_board":2,"minecraft:written_book":7,"minecraft:beetroot_seeds":15,"pamhc2foodcore:marshmellowchicksitem":1,"minecraft:dark_oak_sapling":6,"create:crushing_wheel":7,"thermal:corn_seeds":22,"minecraft:stone_pickaxe":144,"minecraft:oak_planks":25,"minecraft:ender_pearl":1,"pamhc2foodcore:meatloafitem":1,"minecraft:sugar_cane":36,"pamhc2foodcore:marshmellowsitem":1,"furnacemk2:furnacemk2":1,"quark:azalea_planks":19,"minecraft:shears":56,"cfm:oak_chair":6,"cfm:oak_kitchen_counter":16,"farmersdelight:ratatouille":1,"quark:azalea_chest":1,"minecraft:melon_slice":10,"minecraft:bread":8,"farmersdelight:cooked_chicken_cuts":2,"minecraft:gravel":54,"exnihilosequentia:dust":10,"snad:snad":3,"thermal:onion_seeds":8,"exnihilosequentia:stone_hammer":1389,"functionalstorage:oak_1":3,"minecraft:andesite":1,"exnihilosequentia:silkworm":1,"minecraft:bone_meal":143,"create:large_cogwheel":1,"minecraft:azalea":11,"farmersdelight:diamond_knife":45,"avaritia:compressed_crafting_table":1,"excompressum:chicken_bait":8,"thermal:amaranth_seeds":21,"thermal:radish_seeds":5,"excompressum:oak_heavy_sieve":3,"minecraft:wooden_shovel":8,"minecraft:stone_hoe":90,"minecraft:dirt":54,"minecraft:white_carpet":10,"minecraft:hopper":19,"minecraft:granite":1,"pamhc2foodcore:donutitem":1,"exnihilosequentia:bamboo_seeds":2,"exnihilosequentia:andesite_pebble":1,"exnihilosequentia:wooden_crook":91,"farmersdelight:basket":1,"exnihilosequentia:carrot_seeds":2,"pamhc2foodcore:yogurtitem":5,"minecraft:stone_pressure_plate":9,"minecraft:pumpkin":1,"exnihilosequentia:fired_crucible":1,"minecraft:iron_ore":5,"farmersdelight:skillet":138,"minecraft:glass_bottle":1,"minecraft:baked_potato":8,"create:train_door":1,"mekanismtools:osmium_axe":159,"minecraft:cobblestone_slab":69,"pamhc2foodcore:hotchocolateitem":1,"minecraft:painting":2,"farmersdelight:hot_cocoa":3,"exnihilosequentia:sugarcane_seeds":2,"minecraft:apple":5,"create:mechanical_press":1,"abstoneedition:uranium_sword":79,"pamhc2foodcore:bakedvegetablemedlyitem":5,"thermal:green_bean_seeds":4,"pamhc2foodcore:fruitsaladitem":26,"thermal:bell_pepper_seeds":3,"minecraft:stone_axe":93,"thermal:cheese_wedge":1,"thermal:pbj_sandwich":2,"minecraft:fishing_rod":50,"exnihilosequentia:basalt_pebble":4,"mcwlights:classic_street_lamp":3,"thermal:tomato_seeds":6,"minecraft:bucket":345,"create:hand_crank":4,"farmersdelight:fruit_salad":1},"minecraft:crafted":{"excompressum:compressed_flint":7,"minecraft:chain":8,"excompressum:compressed_cobblestone":86,"pamhc2foodcore:donutitem":3,"chimes:bamboo_chimes":1,"patchouli:guide_book":1,"farmersdelight:basket":1,"aquaculture:fish_fillet_raw":2,"thermal:cheese_wedge":4,"cfm:white_sofa":4,"excompressum:compressed_gravel":3,"pamhc2foodcore:grinderitem":1,"mekanismtools:lapis_lazuli_leggings":2,"cfm:oak_kitchen_counter":40,"snad:snad":1,"pamhc2foodcore:hotchocolateitem":8,"supplementaries:flute":1,"minecraft:wooden_shovel":1,"minecraft:diamond_axe":2,"minecraft:campfire":2,"farmersdelight:wheat_dough":6,"pamhc2foodcore:skilletitem":1,"pamhc2foodcore:caramelappleitem":1,"quark:oak_chest":21,"excompressum:oak_heavy_sieve":1,"pamhc2foodcore:potitem":1,"mcwdoors:bamboo_western_door":1,"minecraft:stone_shovel":1,"minecraft:iron_nugget":9,"comforts:sleeping_bag_white":3,"exnihilosequentia:porcelain_clay":16,"excompressum:chicken_bait":2,"quark:azalea_chest":1,"mcwdoors:bamboo_japanese2_door":1,"minecraft:white_carpet":9,"pamhc2foodcore:fruitcrumbleitem":1,"quark:azalea_planks_slab":6,"minecraft:terracotta":14,"thermal:chocolate_cake":1,"minecraft:stone_pickaxe":2,"thermal:jar":8,"minecraft:coal_block":1,"excompressum:compressed_hammer_stone":4,"mekanism:hazmat_mask":1,"farmersdelight:cooking_pot":1,"pamhc2foodcore:chocolatedonutitem":3,"pamhc2foodcore:freshwateritem":8,"farmersdelight:diamond_knife":2,"farmersdelight:oak_cabinet":2,"exnihilosequentia:string_mesh":2,"minecraft:brick":32,"buildersdelight:iron_chisel":1,"mekanismtools:diamond_paxel":2,"minecraft:oak_planks":784,"minecraft:cobblestone_slab":6,"thermal:peanut_butter":1,"farmersdelight:canvas":1,"minecraft:sand":18,"minecraft:stone":32,"minecraft:hopper":9,"exnihilosequentia:blaze_doll":1,"minecraft:bow":1,"thermal:cheese_wheel":1,"farmersdelight:tomato_sauce":1,"minecraft:stone_hoe":1,"pamhc2foodcore:cuttingboarditem":1,"quark:azalea_planks":148,"farmersdelight:stove":1,"supplementaries:rope_arrow":4,"minecraft:oak_slab":36,"pamhc2foodcore:bakewareitem":1,"minecraft:crafting_table":25,"minecraft:spruce_planks":4,"minecraft:wooden_pickaxe":5,"create:zinc_nugget":18,"minecraft:red_wool":2,"thermal:jelly":1,"farmersdelight:skillet":1,"mekanismtools:stone_paxel":1,"exnihilosequentia:enderman_doll":8,"farmersdelight:cutting_board":1,"thermal:pbj_sandwich":2,"minecraft:paper":6,"exnihilosequentia:stone_hammer":50,"minecraft:yellow_dye":1,"minecraft:stick":156,"minecraft:iron_ingot":29,"mekanism:hazmat_gown":1,"minecraft:stone_sword":2,"pamhc2foodcore:juiceritem":1,"minecraft:iron_ore":69,"decorative_blocks:oak_support":9,"quark:rope":30,"exnihilosequentia:oak_crucible":1,"excompressum:compressed_dust":1,"minecraft:fishing_rod":4,"cfm:oak_coffee_table":8,"farmersdelight:pasta_with_meatballs":2,"minecraft:furnace":2,"minecraft:stone_button":11,"pamhc2foodcore:rolleritem":1,"farmersdelight:pie_crust":2,"morevanillalib:obsidian_shard":9,"minecraft:oak_trapdoor":4,"exnihilosequentia:oak_sieve":2,"mekanism:hazmat_boots":1,"exnihilosequentia:beehive_frame":1,"pamhc2foodcore:mixingbowlitem":1,"avaritia:compressed_crafting_table":2,"pamhc2foodcore:yogurtitem":19,"cookingforblockheads:spice_rack":5,"pamhc2foodcore:chocolatepuddingitem":8,"exnihilosequentia:wooden_crook":1,"functionalstorage:oak_1":1,"minecraft:sugar":24,"minecraft:red_dye":1,"create:andesite_alloy":5,"minecraft:diamond_sword":2,"exnihilosequentia:oak_barrel":1,"minecraft:bowl":264,"chimes:iron_chimes":1,"minecraft:bucket":1,"minecraft:stone_axe":1,"minecraft:air":3330,"minecraft:blue_dye":1,"mekanism:hazmat_pants":1,"minecraft:white_wool":13,"cfm:oak_chair":4,"farmersdelight:hot_cocoa":1}},"DataVersion":2975}