{"stats":{"minecraft:crafted":{"excompressum:compressed_flint":7,"excompressum:compressed_cobblestone":86,"chimes:bamboo_chimes":1,"farmersdelight:basket":1,"aquaculture:fish_fillet_raw":2,"thermal:cheese_wedge":4,"cfm:white_sofa":4,"excompressum:compressed_gravel":2,"pamhc2foodcore:grinderitem":1,"cfm:oak_kitchen_counter":40,"snad:snad":1,"pamhc2foodcore:hotchocolateitem":8,"supplementaries:flute":1,"minecraft:wooden_shovel":1,"minecraft:diamond_axe":1,"minecraft:campfire":2,"farmersdelight:wheat_dough":6,"pamhc2foodcore:skilletitem":1,"quark:oak_chest":21,"excompressum:oak_heavy_sieve":1,"pamhc2foodcore:potitem":1,"mcwdoors:bamboo_western_door":1,"minecraft:stone_shovel":1,"comforts:sleeping_bag_white":3,"excompressum:chicken_bait":1,"quark:azalea_chest":1,"mcwdoors:bamboo_japanese2_door":1,"minecraft:white_carpet":9,"minecraft:terracotta":14,"pamhc2foodcore:fruitcrumbleitem":1,"quark:azalea_planks_slab":6,"thermal:chocolate_cake":1,"minecraft:stone_pickaxe":2,"thermal:jar":8,"excompressum:compressed_hammer_stone":4,"farmersdelight:cooking_pot":1,"pamhc2foodcore:freshwateritem":8,"farmersdelight:diamond_knife":1,"farmersdelight:oak_cabinet":2,"exnihilosequentia:string_mesh":2,"minecraft:brick":32,"buildersdelight:iron_chisel":1,"mekanismtools:diamond_paxel":1,"minecraft:oak_planks":724,"minecraft:cobblestone_slab":6,"thermal:peanut_butter":1,"farmersdelight:canvas":1,"minecraft:sand":18,"minecraft:stone":32,"minecraft:hopper":9,"minecraft:bow":1,"thermal:cheese_wheel":1,"farmersdelight:tomato_sauce":1,"minecraft:stone_hoe":1,"pamhc2foodcore:cuttingboarditem":1,"quark:azalea_planks":148,"farmersdelight:stove":1,"supplementaries:rope_arrow":4,"minecraft:oak_slab":24,"pamhc2foodcore:bakewareitem":1,"minecraft:crafting_table":25,"minecraft:wooden_pickaxe":5,"thermal:jelly":1,"farmersdelight:skillet":1,"mekanismtools:stone_paxel":1,"farmersdelight:cutting_board":1,"thermal:pbj_sandwich":2,"minecraft:paper":3,"exnihilosequentia:stone_hammer":41,"minecraft:stick":132,"minecraft:iron_ingot":29,"minecraft:stone_sword":2,"pamhc2foodcore:juiceritem":1,"minecraft:iron_ore":69,"decorative_blocks:oak_support":6,"quark:rope":30,"exnihilosequentia:oak_crucible":1,"excompressum:compressed_dust":1,"minecraft:fishing_rod":1,"cfm:oak_coffee_table":8,"minecraft:furnace":2,"minecraft:stone_button":11,"pamhc2foodcore:rolleritem":1,"farmersdelight:pie_crust":2,"morevanillalib:obsidian_shard":9,"minecraft:oak_trapdoor":4,"exnihilosequentia:oak_sieve":2,"pamhc2foodcore:mixingbowlitem":1,"avaritia:compressed_crafting_table":2,"pamhc2foodcore:yogurtitem":4,"pamhc2foodcore:chocolatepuddingitem":8,"exnihilosequentia:wooden_crook":1,"functionalstorage:oak_1":1,"minecraft:sugar":24,"minecraft:diamond_sword":2,"minecraft:bowl":264,"minecraft:bucket":1,"minecraft:stone_axe":1,"minecraft:air":2260,"minecraft:blue_dye":1,"minecraft:white_wool":13,"cfm:oak_chair":4},"minecraft:dropped":{"minecraft:iron_sword":1,"thermal:cooked_corn":11,"exnihilosequentia:granite_pebble":2,"minecraft:lapis_lazuli":8,"thermal:peanut":1,"minecraft:diamond":2,"minecraft:emerald":8,"aquaculture:fish_fillet_raw":2,"avaritia:double_compressed_crafting_table":1,"minecraft:stone_button":2,"pamhc2foodcore:saltitem":1,"minecraft:jungle_sapling":1,"minecraft:bone_meal":10,"thermal:peanut_seeds":1,"minecraft:fishing_rod":1,"pamhc2foodcore:fruitsaladitem":12,"mekanismtools:refined_obsidian_sword":3,"minecraft:sugar_cane":5,"pamhc2foodcore:hotchocolateitem":6,"exnihilosequentia:copper_pieces":23,"minecraft:obsidian":5,"minecraft:rotten_flesh":1,"thermal:corn":6,"minecraft:oak_planks":94,"pamhc2foodcore:chocolatecupcakeitem":11,"thermal:eggplant_seeds":1,"pamhc2foodcore:freshmilkitem":2,"exnihilosequentia:wooden_crook":1,"pamhc2foodcore:carrotcupcakeitem":7,"minecraft:iron_ingot":32,"minecraft:wheat_seeds":1,"create:polished_rose_quartz":1,"farmersdelight:skillet":3,"minecraft:cobblestone":494,"mekanismtools:stone_paxel":3,"exnihilosequentia:red_coral_larvae":7,"exnihilosequentia:aluminum_pieces":14,"minecraft:paper":8,"create:sand_paper":1,"minecraft:moss_carpet":3,"quark:azalea_planks":7,"minecraft:stone_sword":3,"thermal:amaranth_seeds":6,"mob_grinding_utils:tinted_glass":1,"minecraft:white_carpet":10,"exnihilosequentia:pickle_seeds":1,"thermal:strawberry":2,"thermal:pbj_sandwich":3,"minecraft:diamond_sword":2,"exnihilosequentia:grass_seeds":8,"kubejs:stone_coin":3,"create:brass_casing":1,"supplementaries:flute":3,"create:belt_connector":13,"storagenetwork:inventory_remote":2,"exnihilosequentia:uranium_pieces":10,"pamhc2foodcore:mixingbowlitem":1,"minecraft:oak_log":6,"exnihilosequentia:diorite_pebble":4,"thermal:cheese_wedge":2,"pamhc2foodcore:chocolatepuddingitem":2,"excompressum:sheep_bait":1,"minecraft:flint":16,"minecraft:cornflower":1,"solcarrot:food_book":1,"pamhc2foodcore:yogurtitem":2,"exnihilosequentia:stone_hammer":3,"ftbquests:book":1,"thermal:green_bean_seeds":3,"farmersdelight:sweet_berry_cheesecake":1,"minecraft:gravel":4,"buildersdelight:iron_chisel":2,"minecraft:beetroot":1,"ae2:fluix_dust":1,"minecraft:carrot":1,"ae2:sky_dust":2,"thermal:cinnabar":2,"pamhc2foodcore:fruitcrumbleitem":1,"minecraft:beetroot_seeds":4,"minecraft:melon_seeds":1,"minecraft:azalea":3,"comforts:sleeping_bag_white":2,"minecraft:iron_ore":48,"thermal:cooked_eggplant":1,"farmersdelight:ratatouille":3,"farmersdelight:fish_stew":1,"exnihilosequentia:basalt_pebble":3,"create:andesite_alloy":2,"minecraft:water_bucket":2,"minecraft:stone_hoe":3,"minecraft:bread":3,"storagenetwork:crafting_remote":1,"minecraft:mossy_cobblestone":4,"minecraft:poisonous_potato":1,"exnihilosequentia:iron_pieces":3,"exnihilosequentia:kelp_seeds":18,"minecraft:copper_ingot":9,"minecraft:stick":18,"minecraft:milk_bucket":1,"minecraft:torch":64,"exnihilosequentia:dust":64,"pamhc2foodcore:cookingoilitem":1,"minecraft:slime_spawn_egg":1,"excompressum:cow_bait":1,"minecraft:bucket":5,"pamhc2foodcore:marshmellowsitem":14,"minecraft:sweet_berries":1,"create:shaft":13,"excompressum:chicken_bait":2,"pamhc2foodcore:freshwateritem":10,"pamhc2foodcore:bakedvegetablemedlyitem":5,"thermal:iron_plate":1,"thermal:sadiroot_seeds":1,"thermal:eggplant":1,"minecraft:andesite":1,"exnihilosequentia:lead_pieces":21,"exnihilosequentia:silver_pieces":6,"minecraft:oak_sapling":16,"minecraft:stone_pickaxe":8,"minecraft:wooden_pickaxe":1,"thermal:niter":1,"excompressum:compressed_gravel":42},"minecraft:killed":{"minecraft:skeleton":50,"minecraft:chicken":1,"minecraft:zombie":51,"mekanismadditions:baby_skeleton":18,"minecraft:enderman":2,"mekanismadditions:baby_creeper":11,"minecraft:creeper":28},"minecraft:killed_by":{"minecraft:zombie":1,"blue_skies:infested_swarmer":1,"minecraft:creeper":1,"mekanismadditions:baby_skeleton":1,"minecraft:player":43,"minecraft:enderman":2,"minecraft:skeleton":3},"minecraft:mined":{"quark:azalea_log":61,"exnihilosequentia:oak_sieve":1,"minecraft:jungle_log":20,"snad:snad":2,"minecraft:oak_wall_sign":2,"mcwlights:classic_street_lamp":3,"minecraft:pumpkin":5,"minecraft:moss_carpet":4,"thermal:corn":4,"thermal:amaranth":10,"minecraft:cave_vines":3,"thermal:eggplant":2,"cfm:oak_kitchen_counter":3,"engineersdecor:metal_sliding_door":1,"chimes:bamboo_chimes":1,"minecraft:kelp_plant":33,"minecraft:torch":32,"rsgauges:sensitive_glass_block":2,"minecraft:melon":4,"excompressum:compressed_cobblestone":415,"excompressum:oak_heavy_sieve":3,"minecraft:sugar_cane":167,"avaritia:double_compressed_crafting_table":1,"minecraft:wheat":11,"minecraft:pumpkin_stem":6,"mcwdoors:bamboo_western_door":1,"minecraft:grass":36,"minecraft:dark_oak_sapling":4,"thermal:barley":8,"minecraft:attached_pumpkin_stem":1,"minecraft:mossy_cobblestone":2,"functionalstorage:oak_1":4,"minecraft:moss_block":211,"minecraft:kelp":7,"engineersdecor:sign_exit":1,"supplementaries:rope":4,"minecraft:jungle_sapling":2,"thermal:onion":1,"minecraft:potatoes":1,"minecraft:cobblestone_slab":5,"minecraft:vine":6,"minecraft:bamboo":8,"quark:oak_chest":2,"minecraft:cornflower":1,"minecraft:tall_grass":12,"thermal:green_bean":1,"cookingforblockheads:cutting_board":2,"excompressum:cow_bait":1,"farmersdelight:skillet":8,"furnacemk2:furnacemk2":1,"minecraft:white_carpet":13,"thermal:radish":1,"create:crushing_wheel":2,"cfm:oak_coffee_table":8,"minecraft:sunflower":3,"minecraft:gravel":64,"minecraft:fern":4,"minecraft:oak_sapling":7,"minecraft:cobblestone_stairs":9,"minecraft:cave_vines_plant":2,"minecraft:grass_block":1,"comforts:sleeping_bag_white":1,"cobblefordays:tier_1":1,"minecraft:iron_ore":5,"thermal:tomato":2,"exnihilosequentia:oak_barrel":5,"supplementaries:stick":64,"minecraft:flowering_azalea_leaves":1,"minecraft:iron_bars":9,"minecraft:azalea_leaves":1,"minecraft:azalea":1,"mob_grinding_utils:tinted_glass":2,"excompressum:compressed_sand":15,"decorative_blocks:oak_support":3,"minecraft:clay":12,"quark:cobblestone_bricks":34,"thermal:sadiroot":7,"thermal:peanut":4,"create:brass_casing":1,"minecraft:cobblestone":207,"minecraft:oak_planks":4,"minecraft:wall_torch":45,"create:large_water_wheel":1,"farmersdelight:cutting_board":1,"excompressum:chicken_bait":6,"exnihilosequentia:oak_crucible":4,"minecraft:oak_log":108,"minecraft:beetroots":11,"minecraft:sand":15,"minecraft:dirt":9,"minecraft:oak_leaves":57,"exnihilosequentia:infested_leaves":75,"minecraft:ladder":43,"minecraft:rooted_dirt":2,"minecraft:large_fern":2,"thermal:strawberry":3,"minecraft:oak_trapdoor":4,"minecraft:spruce_sapling":1,"minecraft:furnace":1,"minecraft:carrots":4,"mekanismadditions:gray_plastic":3,"minecraft:stripped_oak_log":1,"sophisticatedstorage:iron_barrel":1,"minecraft:stone":4706,"farmersdelight:cooking_pot":6,"minecraft:flowering_azalea":2,"exnihilosequentia:dust":3,"minecraft:crafting_table":4,"excompressum:compressed_gravel":80,"minecraft:air":553,"minecraft:cactus":1,"cfm:oak_chair":4,"minecraft:sweet_berry_bush":9,"minecraft:cocoa":45,"farmersdelight:stove":1,"engineersdecor:sign_danger":1},"minecraft:custom":{"minecraft:interact_with_crafting_table":167,"minecraft:open_barrel":197,"minecraft:eat_cake_slice":2,"minecraft:leave_game":4,"minecraft:time_since_death":8189,"minecraft:play_time":826250,"minecraft:deaths":78,"minecraft:jump":8098,"minecraft:interact_with_furnace":42,"minecraft:sleep_in_bed":2,"minecraft:damage_dealt":19315,"minecraft:inspect_dispenser":2,"minecraft:inspect_hopper":4,"minecraft:sneak_time":18700,"minecraft:total_world_time":826250,"minecraft:time_since_rest":8227,"minecraft:swim_one_cm":5444,"minecraft:fly_one_cm":1680883,"minecraft:open_chest":370,"minecraft:fish_caught":2,"minecraft:fall_one_cm":170633,"twilightforest:e115_slices_eaten":1,"minecraft:sprint_one_cm":1079019,"minecraft:drop":640,"minecraft:walk_on_water_one_cm":74673,"minecraft:player_kills":113,"minecraft:crouch_one_cm":24639,"minecraft:mob_kills":163,"minecraft:climb_one_cm":170441,"minecraft:walk_one_cm":2320200,"minecraft:walk_under_water_one_cm":32792,"minecraft:boat_one_cm":1480,"minecraft:damage_taken":21216,"minecraft:damage_absorbed":40},"minecraft:broken":{"mekanismtools:osmium_helmet":1,"mekanismtools:stone_paxel":2,"exnihilosequentia:stone_hammer":3,"minecraft:wooden_pickaxe":3,"minecraft:stone_pickaxe":1,"excompressum:compressed_hammer_stone":7},"minecraft:picked_up":{"minecraft:seagrass":5,"storagenetwork:inventory_remote":3,"thermal:amaranth":32,"minecraft:prismarine_shard":45,"exnihilosequentia:oak_crucible":4,"exnihilomekanism:osmium_pieces":85,"minecraft:diamond_sword":2,"exnihilosequentia:andesite_pebble":5,"exnihilosequentia:dark_oak_seeds":4,"quark:azalea_log":62,"create:bar_of_chocolate":2,"exnihilosequentia:flint_mesh":6,"farmersdelight:cutting_board":1,"minecraft:string":265,"thermal:barley_seeds":38,"minecraft:beetroot":47,"chimes:bamboo_chimes":1,"mysticalagriculture:inferium_essence":18,"exnihilosequentia:oak_sieve":1,"thermal:eggplant":16,"minecraft:written_book":5,"minecraft:melon_slice":24,"thermal:sadiroot_seeds":42,"pamhc2foodcore:cuttingboarditem":2,"farmersdelight:chicken_cuts":2,"minecraft:stone_sword":2,"mekanismadditions:gray_plastic":3,"excompressum:compressed_sand":2,"thermal:radish_seeds":30,"minecraft:iron_bars":8,"minecraft:feather":2,"minecraft:water_bucket":1,"minecraft:jungle_log":20,"minecraft:flint":439,"exnihilosequentia:gold_pieces":149,"bhc:red_heart":1,"ftbquests:book":1,"create:shaft":8,"exnihilosequentia:jungle_seeds":6,"minecraft:moss_block":226,"exnihilosequentia:iron_mesh":2,"mekanismtools:stone_paxel":2,"thermal:onion_seeds":35,"exnihilosequentia:silkworm":73,"exnihilosequentia:pickle_seeds":2,"thermal:eggplant_seeds":26,"exnihilosequentia:silver_pieces":239,"storagenetwork:crafting_remote":2,"minecraft:bread":1,"minecraft:rooted_dirt":2,"minecraft:crafting_table":4,"minecraft:clay_ball":48,"exnihilosequentia:spruce_seeds":4,"thermal:strawberry":18,"minecraft:cornflower":3,"minecraft:white_carpet":24,"thermal:radish":16,"excompressum:compressed_cobblestone":41,"farmersdelight:cod_slice":2,"thermal:niter":1,"minecraft:jungle_sapling":4,"minecraft:poppy":2,"supplementaries:rope":20,"minecraft:egg":2,"exnihilosequentia:zinc_pieces":118,"create:polished_rose_quartz":1,"thermal:sadiroot":17,"minecraft:stone":137,"sophisticatedbackpacks:backpack":1,"exnihilosequentia:granite_pebble":10,"minecraft:carrot":46,"exnihilosequentia:pink_coral_larvae":6,"create:brass_casing":1,"minecraft:prismarine_crystals":6,"exnihilosequentia:diamond_mesh":1,"mcwdoors:bamboo_western_door":1,"excompressum:compressed_gravel":25,"exnihilosequentia:carrot_seeds":6,"minecraft:beetroot_seeds":78,"minecraft:shears":1,"aquaculture:carp":1,"rsgauges:sensitive_glass_block":2,"minecraft:glow_berries":6,"exnihilosequentia:basalt_pebble":7,"minecraft:stripped_oak_log":1,"ae2:fluix_dust":1,"exnihilosequentia:fern_seeds":1,"engineersdecor:sign_danger":1,"furnacemk2:furnacemk2":1,"excompressum:cow_bait":1,"minecraft:oak_log":103,"exnihilosequentia:iron_pieces":845,"farmersdelight:skillet":12,"avaritia:double_compressed_crafting_table":2,"minecraft:paper":1,"create:crushing_wheel":4,"exnihilosequentia:aluminum_pieces":236,"minecraft:apple":4,"thermal:corn":30,"farmersdelight:cooking_pot":6,"minecraft:kelp":79,"solcarrot:food_book":1,"minecraft:stone_pickaxe":9,"exnihilosequentia:oak_seeds":4,"minecraft:flowering_azalea":8,"cfm:oak_coffee_table":8,"minecraft:milk_bucket":14,"mcwlights:classic_street_lamp":3,"minecraft:sweet_berries":109,"thermal:strawberry_seeds":34,"minecraft:gravel":2444,"exnihilosequentia:stone_hammer":3,"minecraft:spruce_sapling":1,"exnihilosequentia:birch_seeds":2,"exnihilosequentia:yellow_coral_larvae":13,"exnihilosequentia:oak_barrel":5,"quark:cobblestone_bricks":34,"minecraft:painting":2,"thermal:amaranth_seeds":100,"minecraft:melon_seeds":27,"pamhc2foodcore:fruitsaladitem":3,"minecraft:hopper":1,"exnihilosequentia:copper_pieces":236,"minecraft:ender_pearl":1,"sophisticatedstorage:iron_barrel":1,"minecraft:wheat":57,"vanillahammers:obsidian_hammer":1,"pamhc2foodcore:cheeseitem":1,"quark:azalea_planks":1,"cfm:oak_kitchen_counter":2,"minecraft:oak_sign":11,"thermal:iron_plate":1,"cobblefordays:tier_1":1,"thermal:tomato":13,"minecraft:bucket":20,"comforts:sleeping_bag_white":3,"exnihilosequentia:emerald_mesh":3,"minecraft:cobblestone_slab":11,"blue_skies:bug_guts":1,"minecraft:azalea":21,"minecraft:furnace":1,"minecraft:stick":118,"exnihilosequentia:large_fern_seeds":1,"minecraft:torch":175,"pamhc2foodcore:mixingbowlitem":1,"minecraft:dried_kelp":39,"minecraft:cactus":3,"minecraft:rotten_flesh":15,"thermal:corn_seeds":68,"exnihilosequentia:sugarcane_seeds":2,"farmersdelight:raw_pasta":3,"minecraft:obsidian":13,"minecraft:cod":1,"minecraft:cobblestone":4554,"exnihilosequentia:blackstone_pebble":4,"minecraft:andesite":5,"minecraft:potato":75,"exnihilosequentia:string_mesh":7,"thermal:onion":24,"supplementaries:flute":4,"exnihilosequentia:tin_pieces":223,"minecraft:lapis_lazuli":225,"minecraft:dirt":39,"thermal:cooked_eggplant":1,"exnihilosequentia:fired_crucible":1,"minecraft:glass":4,"minecraft:bone":34,"mekanismtools:refined_obsidian_sword":2,"minecraft:orange_tulip":4,"minecraft:wheat_seeds":138,"thermal:cooked_corn":15,"farmersdelight:pumpkin_slice":16,"exnihilosequentia:grass_seeds":8,"minecraft:bamboo":58,"minecraft:oak_planks":4,"minecraft:stone_hoe":3,"exnihilosequentia:lead_pieces":250,"thermal:barley":16,"minecraft:poisonous_potato":1,"minecraft:sand":705,"exnihilosequentia:kelp_seeds":24,"buildersdelight:iron_chisel":2,"minecraft:mossy_cobblestone":6,"thermal:peanut":17,"engineersdecor:sign_exit":1,"minecraft:clay":30,"minecraft:diamond":21,"minecraft:bone_meal":58,"mob_grinding_utils:tinted_glass":4,"minecraft:emerald":17,"minecraft:oak_sapling":53,"minecraft:oak_leaves":56,"functionalstorage:oak_1":2,"minecraft:cocoa_beans":168,"minecraft:chicken":1,"minecraft:ladder":45,"bonsaitrees3:bonsaipot":1,"thermal:cinnabar":2,"minecraft:wooden_pickaxe":1,"farmersdelight:diamond_knife":1,"minecraft:oak_trapdoor":4,"minecraft:stone_stairs":1,"minecraft:moss_carpet":27,"exnihilosequentia:dust":94,"exnihilosequentia:potato_seeds":2,"farmersdelight:straw":12,"excompressum:chicken_bait":5,"thermal:pbj_sandwich":1,"minecraft:sugar_cane":291,"minecraft:dark_oak_sapling":4,"exnihilosequentia:cactus_seeds":6,"minecraft:raw_iron":5,"minecraft:copper_ingot":15,"minecraft:bowl":66,"exnihilosequentia:diorite_pebble":15,"minecraft:stone_button":3,"exnihilosequentia:uranium_pieces":61,"thermal:green_bean":18,"exnihilosequentia:purple_coral_larvae":6,"exnihilosequentia:nickel_pieces":245,"mekanismtools:osmium_helmet":1,"thermal:peanut_seeds":35,"exnihilosequentia:bamboo_seeds":3,"exnihilosequentia:blue_coral_larvae":10,"minecraft:arrow":30,"excompressum:oak_heavy_sieve":3,"cfm:oak_chair":4,"create:andesite_alloy":2,"exnihilosequentia:acacia_seeds":1,"minecraft:cobblestone_stairs":7,"mekanism:salt":43,"ae2:sky_dust":2,"decorative_blocks:oak_support":4,"minecraft:iron_ingot":34,"thermal:tomato_seeds":22,"minecraft:pumpkin":6,"exnihilosequentia:red_coral_larvae":14,"mekanismtools:diamond_paxel":1,"thermal:green_bean_seeds":25,"quark:oak_chest":2,"minecraft:pumpkin_seeds":27,"mekanism:fluorite_gem":37,"farmersdelight:stove":1,"minecraft:coal":248,"minecraft:sunflower":3},"minecraft:used":{"minecraft:beetroot":1,"minecraft:moss_block":215,"pamhc2foodcore:carrotcupcakeitem":5,"minecraft:ladder":20,"excompressum:compressed_hammer_stone":937,"minecraft:rotten_flesh":2,"excompressum:compressed_flint":7,"twilightforest:experiment_115":1,"minecraft:soul_sand":9,"minecraft:cocoa_beans":50,"minecraft:jungle_sapling":3,"minecraft:lava_bucket":1,"vanillahammers:obsidian_hammer":806,"pamhc2foodcore:saltitem":1,"minecraft:bow":8,"minecraft:sweet_berries":17,"minecraft:furnace":3,"minecraft:oak_sapling":18,"minecraft:potato":26,"pamhc2foodcore:freshmilkitem":3,"minecraft:cactus":2,"minecraft:orange_tulip":2,"minecraft:wooden_pickaxe":192,"exnihilosequentia:oak_sieve":3,"minecraft:clay":12,"farmersdelight:pumpkin_slice":6,"minecraft:golden_apple":1,"minecraft:glow_berries":3,"mob_grinding_utils:tinted_glass":1,"minecraft:sand":56,"minecraft:pumpkin_seeds":9,"pamhc2foodcore:cheeseitem":1,"pamhc2foodcore:freshwateritem":20,"minecraft:stone_button":12,"exnihilosequentia:large_fern_seeds":1,"farmersdelight:chocolate_pie":1,"excompressum:cow_bait":1,"minecraft:diamond_sword":96,"minecraft:oak_boat":1,"bonsaitrees3:bonsaipot":1,"minecraft:oak_trapdoor":46,"minecraft:iron_bars":1,"minecraft:stone_sword":43,"exnihilosequentia:cactus_seeds":1,"exnihilosequentia:witch_water_bucket":4,"exnihilosequentia:potato_seeds":1,"minecraft:stick":58,"minecraft:torch":54,"thermal:eggplant_seeds":5,"storagenetwork:inventory_remote":1,"minecraft:stone_stairs":1,"decorative_blocks:oak_support":3,"sophisticatedstorage:iron_barrel":1,"thermal:chocolate_cake":1,"farmersdelight:oak_cabinet":2,"minecraft:flowering_azalea":3,"excompressum:compressed_cobblestone":121,"minecraft:rooted_dirt":2,"minecraft:jungle_log":15,"thermal:green_bean":9,"pamhc2foodcore:chocolatepuddingitem":4,"minecraft:melon_seeds":3,"thermal:barley_seeds":11,"minecraft:bamboo":6,"cobblefordays:tier_1":1,"exnihilosequentia:dark_oak_seeds":1,"mcwdoors:bamboo_western_door":1,"farmersdelight:cooking_pot":7,"chimes:bamboo_chimes":2,"comforts:sleeping_bag_white":3,"excompressum:compressed_gravel":14,"minecraft:wheat_seeds":23,"minecraft:water_bucket":154,"quark:cobblestone_bricks":2,"pamhc2foodcore:cocoapowderitem":1,"exnihilosequentia:jungle_seeds":1,"exnihilosequentia:fern_seeds":4,"exnihilosequentia:granite_pebble":1,"mekanismtools:stone_paxel":525,"avaritia:double_compressed_crafting_table":1,"cfm:oak_coffee_table":14,"storagenetwork:crafting_remote":1,"pamhc2foodcore:sweetberryjuiceitem":1,"minecraft:crafting_table":2,"minecraft:campfire":1,"mekanismtools:refined_obsidian_sword":8,"minecraft:oak_log":30,"exnihilosequentia:oak_barrel":5,"cfm:white_sofa":4,"minecraft:sunflower":3,"exnihilosequentia:spruce_seeds":1,"quark:azalea_log":2,"thermal:strawberry_seeds":6,"mcwdoors:bamboo_japanese2_door":1,"supplementaries:rope":2,"minecraft:cobblestone":405,"quark:oak_chest":12,"minecraft:kelp":16,"create:bar_of_chocolate":1,"minecraft:moss_carpet":5,"engineersdecor:sign_danger":1,"engineersdecor:sign_exit":1,"pamhc2foodcore:fruitcrumbleitem":1,"minecraft:oak_sign":11,"farmersdelight:stove":2,"minecraft:iron_sword":2,"minecraft:nether_wart":2,"excompressum:compressed_sand":18,"exnihilosequentia:sea_water_bucket":4,"farmersdelight:fish_stew":1,"exnihilosequentia:oak_crucible":5,"minecraft:carrot":8,"thermal:cooked_corn":4,"mekanismtools:diamond_paxel":30,"minecraft:milk_bucket":2,"pamhc2foodcore:cookingoilitem":1,"thermal:sadiroot_seeds":9,"pamhc2foodcore:chocolatecupcakeitem":5,"rsgauges:sensitive_glass_block":1,"thermal:peanut_seeds":7,"farmersdelight:cutting_board":2,"minecraft:written_book":7,"minecraft:beetroot_seeds":15,"pamhc2foodcore:marshmellowchicksitem":1,"minecraft:dark_oak_sapling":4,"create:crushing_wheel":4,"thermal:corn_seeds":18,"minecraft:stone_pickaxe":144,"minecraft:oak_planks":25,"minecraft:ender_pearl":1,"minecraft:sugar_cane":36,"pamhc2foodcore:marshmellowsitem":1,"furnacemk2:furnacemk2":1,"quark:azalea_planks":19,"minecraft:shears":56,"cfm:oak_chair":6,"cfm:oak_kitchen_counter":16,"farmersdelight:ratatouille":1,"quark:azalea_chest":1,"minecraft:melon_slice":4,"minecraft:bread":5,"minecraft:gravel":52,"exnihilosequentia:dust":5,"snad:snad":3,"thermal:onion_seeds":8,"exnihilosequentia:stone_hammer":1389,"functionalstorage:oak_1":3,"exnihilosequentia:silkworm":1,"minecraft:bone_meal":93,"minecraft:azalea":11,"farmersdelight:diamond_knife":42,"avaritia:compressed_crafting_table":1,"excompressum:chicken_bait":7,"thermal:amaranth_seeds":21,"thermal:radish_seeds":5,"excompressum:oak_heavy_sieve":3,"minecraft:wooden_shovel":8,"minecraft:stone_hoe":77,"minecraft:dirt":46,"minecraft:white_carpet":10,"minecraft:hopper":19,"minecraft:granite":1,"exnihilosequentia:bamboo_seeds":2,"exnihilosequentia:wooden_crook":91,"exnihilosequentia:andesite_pebble":1,"farmersdelight:basket":1,"exnihilosequentia:carrot_seeds":2,"pamhc2foodcore:yogurtitem":2,"minecraft:stone_pressure_plate":9,"minecraft:pumpkin":1,"exnihilosequentia:fired_crucible":1,"minecraft:iron_ore":5,"farmersdelight:skillet":106,"minecraft:baked_potato":1,"minecraft:cobblestone_slab":67,"pamhc2foodcore:hotchocolateitem":1,"minecraft:painting":2,"exnihilosequentia:sugarcane_seeds":2,"minecraft:apple":5,"pamhc2foodcore:bakedvegetablemedlyitem":3,"thermal:green_bean_seeds":4,"pamhc2foodcore:fruitsaladitem":18,"minecraft:stone_axe":93,"thermal:cheese_wedge":1,"thermal:pbj_sandwich":2,"minecraft:fishing_rod":11,"mcwlights:classic_street_lamp":3,"exnihilosequentia:basalt_pebble":4,"thermal:tomato_seeds":6,"minecraft:bucket":207,"farmersdelight:fruit_salad":1}},"DataVersion":2975}