{"stats":{"minecraft:dropped":{"minecraft:lapis_lazuli":1,"minecraft:oak_log":6,"thermal:peanut":1,"minecraft:stone_button":2,"minecraft:cornflower":1,"minecraft:jungle_sapling":1,"thermal:peanut_seeds":1,"exnihilosequentia:stone_hammer":1,"ftbquests:book":1,"thermal:green_bean_seeds":3,"buildersdelight:iron_chisel":2,"minecraft:rotten_flesh":1,"minecraft:oak_planks":94,"minecraft:carrot":1,"minecraft:beetroot_seeds":4,"minecraft:azalea":3,"pamhc2foodcore:carrotcupcakeitem":6,"create:andesite_alloy":2,"minecraft:water_bucket":1,"minecraft:iron_ingot":31,"minecraft:wheat_seeds":1,"minecraft:mossy_cobblestone":4,"minecraft:cobblestone":86,"minecraft:stick":18,"minecraft:moss_carpet":3,"quark:azalea_planks":7,"create:shaft":7,"thermal:amaranth_seeds":6,"mob_grinding_utils:tinted_glass":1,"pamhc2foodcore:freshwateritem":9,"thermal:eggplant":1,"exnihilosequentia:lead_pieces":1,"exnihilosequentia:silver_pieces":1,"minecraft:oak_sapling":11,"minecraft:wooden_pickaxe":1,"supplementaries:flute":2},"minecraft:crafted":{"minecraft:brick":32,"buildersdelight:iron_chisel":1,"minecraft:oak_planks":148,"excompressum:compressed_flint":7,"farmersdelight:canvas":1,"excompressum:compressed_cobblestone":86,"minecraft:stone":32,"farmersdelight:basket":1,"minecraft:bow":1,"excompressum:compressed_gravel":2,"cfm:oak_kitchen_counter":40,"snad:snad":1,"minecraft:stone_hoe":1,"supplementaries:flute":1,"farmersdelight:stove":1,"quark:azalea_planks":148,"supplementaries:rope_arrow":4,"minecraft:oak_slab":12,"minecraft:wooden_shovel":1,"pamhc2foodcore:bakewareitem":1,"minecraft:wooden_pickaxe":4,"minecraft:campfire":2,"farmersdelight:wheat_dough":6,"farmersdelight:skillet":1,"farmersdelight:cutting_board":1,"exnihilosequentia:stone_hammer":41,"minecraft:stick":112,"quark:oak_chest":1,"minecraft:iron_ingot":5,"pamhc2foodcore:juiceritem":1,"minecraft:iron_ore":21,"minecraft:stone_sword":1,"excompressum:oak_heavy_sieve":1,"decorative_blocks:oak_support":3,"quark:rope":30,"exnihilosequentia:oak_crucible":1,"excompressum:compressed_dust":1,"minecraft:fishing_rod":1,"cfm:oak_coffee_table":8,"minecraft:furnace":2,"minecraft:stone_button":11,"quark:azalea_chest":1,"pamhc2foodcore:rolleritem":1,"exnihilosequentia:oak_sieve":2,"minecraft:terracotta":14,"quark:azalea_planks_slab":6,"pamhc2foodcore:mixingbowlitem":1,"minecraft:stone_pickaxe":1,"exnihilosequentia:wooden_crook":1,"excompressum:compressed_hammer_stone":4,"minecraft:bowl":4,"farmersdelight:cooking_pot":1,"minecraft:bucket":1,"minecraft:stone_axe":1,"minecraft:air":404,"pamhc2foodcore:freshwateritem":8,"cfm:oak_chair":4,"farmersdelight:diamond_knife":1,"exnihilosequentia:string_mesh":2},"minecraft:killed":{"minecraft:skeleton":4,"minecraft:zombie":12,"mekanismadditions:baby_skeleton":1,"minecraft:enderman":2},"minecraft:killed_by":{"mekanismadditions:baby_skeleton":1,"minecraft:zombie":1,"blue_skies:infested_swarmer":1,"minecraft:player":13,"minecraft:enderman":2,"minecraft:skeleton":3},"minecraft:mined":{"minecraft:oak_sapling":3,"quark:azalea_log":61,"exnihilosequentia:oak_sieve":1,"minecraft:grass_block":1,"minecraft:jungle_log":14,"snad:snad":2,"mcwlights:classic_street_lamp":2,"minecraft:iron_ore":5,"minecraft:moss_carpet":3,"thermal:tomato":2,"thermal:amaranth":7,"exnihilosequentia:oak_barrel":5,"minecraft:flowering_azalea_leaves":1,"thermal:eggplant":2,"cfm:oak_kitchen_counter":3,"minecraft:azalea_leaves":1,"minecraft:azalea":1,"mob_grinding_utils:tinted_glass":2,"excompressum:compressed_sand":2,"decorative_blocks:oak_support":1,"minecraft:clay":12,"minecraft:torch":1,"thermal:sadiroot":5,"rsgauges:sensitive_glass_block":2,"excompressum:compressed_cobblestone":154,"thermal:peanut":1,"minecraft:cobblestone":145,"excompressum:oak_heavy_sieve":1,"minecraft:oak_planks":1,"minecraft:sugar_cane":14,"farmersdelight:cutting_board":1,"minecraft:wheat":11,"excompressum:chicken_bait":2,"exnihilosequentia:oak_crucible":4,"minecraft:grass":35,"minecraft:oak_log":48,"minecraft:beetroots":11,"minecraft:dark_oak_sapling":2,"minecraft:sand":15,"minecraft:dirt":8,"thermal:barley":8,"minecraft:oak_leaves":1,"exnihilosequentia:infested_leaves":75,"functionalstorage:oak_1":1,"minecraft:moss_block":142,"minecraft:rooted_dirt":2,"minecraft:large_fern":1,"supplementaries:rope":4,"thermal:strawberry":3,"minecraft:furnace":1,"minecraft:carrots":4,"minecraft:jungle_sapling":2,"mekanismadditions:gray_plastic":3,"thermal:onion":1,"minecraft:vine":4,"minecraft:cobblestone_slab":4,"minecraft:stripped_oak_log":1,"sophisticatedstorage:iron_barrel":1,"minecraft:bamboo":3,"minecraft:stone":1644,"minecraft:flowering_azalea":2,"quark:oak_chest":1,"exnihilosequentia:dust":3,"minecraft:crafting_table":3,"excompressum:compressed_gravel":13,"minecraft:tall_grass":10,"thermal:green_bean":1,"minecraft:air":67,"excompressum:cow_bait":1,"cfm:oak_chair":2,"minecraft:sweet_berry_bush":2,"minecraft:white_carpet":12,"thermal:radish":1,"minecraft:gravel":63,"minecraft:sunflower":2,"engineersdecor:sign_danger":1,"minecraft:fern":4},"minecraft:custom":{"minecraft:interact_with_crafting_table":82,"minecraft:open_barrel":41,"twilightforest:e115_slices_eaten":1,"minecraft:leave_game":2,"minecraft:time_since_death":28388,"minecraft:sprint_one_cm":319731,"minecraft:drop":190,"minecraft:play_time":280320,"minecraft:deaths":37,"minecraft:jump":2225,"minecraft:walk_on_water_one_cm":14150,"minecraft:interact_with_furnace":26,"minecraft:damage_dealt":6470,"minecraft:player_kills":28,"minecraft:crouch_one_cm":12805,"minecraft:inspect_dispenser":2,"minecraft:mob_kills":21,"minecraft:inspect_hopper":1,"minecraft:climb_one_cm":14127,"minecraft:walk_one_cm":859083,"minecraft:sneak_time":6721,"minecraft:walk_under_water_one_cm":9409,"minecraft:total_world_time":280320,"minecraft:time_since_rest":28430,"minecraft:damage_taken":5899,"minecraft:damage_absorbed":40,"minecraft:fly_one_cm":378371,"minecraft:open_chest":144,"minecraft:fall_one_cm":67228},"minecraft:broken":{"minecraft:stone_pickaxe":1,"exnihilosequentia:stone_hammer":3,"minecraft:wooden_pickaxe":3,"excompressum:compressed_hammer_stone":4},"minecraft:picked_up":{"sophisticatedstorage:iron_barrel":1,"minecraft:wheat":9,"thermal:amaranth":10,"exnihilosequentia:oak_crucible":4,"pamhc2foodcore:cheeseitem":1,"exnihilosequentia:andesite_pebble":5,"exnihilosequentia:dark_oak_seeds":3,"quark:azalea_log":62,"create:bar_of_chocolate":2,"farmersdelight:cutting_board":1,"exnihilosequentia:flint_mesh":6,"minecraft:string":265,"thermal:barley_seeds":12,"cfm:oak_kitchen_counter":2,"minecraft:beetroot":10,"mysticalagriculture:inferium_essence":3,"thermal:tomato":2,"minecraft:bucket":1,"exnihilosequentia:oak_sieve":1,"minecraft:written_book":5,"minecraft:cobblestone_slab":4,"thermal:eggplant":2,"blue_skies:bug_guts":1,"minecraft:azalea":21,"minecraft:furnace":1,"minecraft:stick":44,"exnihilosequentia:large_fern_seeds":1,"thermal:sadiroot_seeds":12,"minecraft:torch":6,"mekanismadditions:gray_plastic":3,"minecraft:rotten_flesh":9,"thermal:corn_seeds":1,"thermal:radish_seeds":4,"farmersdelight:raw_pasta":3,"minecraft:cobblestone":1916,"exnihilosequentia:blackstone_pebble":4,"minecraft:jungle_log":14,"exnihilosequentia:string_mesh":7,"thermal:onion":1,"minecraft:flint":187,"supplementaries:flute":2,"minecraft:lapis_lazuli":17,"minecraft:dirt":12,"minecraft:bone":6,"minecraft:wheat_seeds":46,"minecraft:orange_tulip":2,"ftbquests:book":1,"exnihilosequentia:grass_seeds":8,"create:shaft":7,"exnihilosequentia:jungle_seeds":3,"minecraft:bamboo":9,"minecraft:moss_block":156,"minecraft:oak_planks":1,"exnihilosequentia:lead_pieces":19,"exnihilosequentia:iron_mesh":2,"thermal:barley":1,"minecraft:sand":127,"buildersdelight:iron_chisel":2,"thermal:onion_seeds":4,"exnihilosequentia:silkworm":73,"minecraft:mossy_cobblestone":4,"thermal:peanut":1,"minecraft:clay":30,"minecraft:diamond":2,"thermal:eggplant_seeds":5,"exnihilosequentia:silver_pieces":20,"minecraft:bone_meal":5,"mob_grinding_utils:tinted_glass":4,"minecraft:bread":1,"minecraft:rooted_dirt":2,"minecraft:oak_sapling":29,"minecraft:cocoa_beans":6,"minecraft:crafting_table":3,"minecraft:clay_ball":48,"bonsaitrees3:bonsaipot":1,"minecraft:wooden_pickaxe":1,"exnihilosequentia:spruce_seeds":2,"thermal:strawberry":2,"minecraft:cornflower":2,"minecraft:moss_carpet":17,"minecraft:stone_stairs":1,"exnihilosequentia:dust":30,"minecraft:white_carpet":12,"thermal:radish":1,"farmersdelight:straw":12,"excompressum:compressed_cobblestone":41,"excompressum:chicken_bait":1,"minecraft:jungle_sapling":4,"minecraft:poppy":1,"minecraft:sugar_cane":22,"supplementaries:rope":20,"minecraft:dark_oak_sapling":2,"exnihilosequentia:cactus_seeds":5,"minecraft:raw_iron":5,"thermal:sadiroot":3,"minecraft:stone_button":3,"exnihilosequentia:diorite_pebble":5,"exnihilosequentia:granite_pebble":8,"minecraft:carrot":20,"thermal:green_bean":1,"exnihilosequentia:nickel_pieces":12,"thermal:peanut_seeds":5,"exnihilosequentia:bamboo_seeds":2,"minecraft:arrow":10,"excompressum:compressed_gravel":2,"exnihilosequentia:carrot_seeds":3,"minecraft:beetroot_seeds":36,"excompressum:oak_heavy_sieve":1,"rsgauges:sensitive_glass_block":2,"minecraft:glow_berries":1,"exnihilosequentia:basalt_pebble":4,"minecraft:stripped_oak_log":1,"exnihilosequentia:fern_seeds":1,"engineersdecor:sign_danger":1,"excompressum:cow_bait":1,"cfm:oak_chair":2,"minecraft:oak_log":43,"create:andesite_alloy":2,"exnihilosequentia:iron_pieces":152,"minecraft:apple":2,"decorative_blocks:oak_support":2,"minecraft:iron_ingot":33,"minecraft:stone_pickaxe":1,"thermal:tomato_seeds":4,"exnihilosequentia:oak_seeds":3,"minecraft:flowering_azalea":8,"mcwlights:classic_street_lamp":2,"minecraft:sweet_berries":1,"thermal:strawberry_seeds":7,"minecraft:gravel":1091,"exnihilosequentia:stone_hammer":1,"exnihilosequentia:birch_seeds":1,"thermal:green_bean_seeds":6,"quark:oak_chest":1,"exnihilosequentia:oak_barrel":5,"minecraft:pumpkin_seeds":15,"minecraft:painting":2,"minecraft:melon_seeds":18,"thermal:amaranth_seeds":38,"minecraft:sunflower":3,"minecraft:coal":76,"minecraft:ender_pearl":1},"minecraft:used":{"minecraft:beetroot":1,"minecraft:moss_block":145,"minecraft:moss_carpet":1,"engineersdecor:sign_danger":1,"farmersdelight:stove":1,"excompressum:compressed_hammer_stone":540,"excompressum:compressed_sand":2,"minecraft:rotten_flesh":2,"excompressum:compressed_flint":7,"twilightforest:experiment_115":1,"exnihilosequentia:sea_water_bucket":4,"exnihilosequentia:oak_crucible":5,"minecraft:carrot":7,"minecraft:jungle_sapling":3,"thermal:sadiroot_seeds":7,"rsgauges:sensitive_glass_block":1,"thermal:peanut_seeds":4,"farmersdelight:cutting_board":2,"minecraft:bow":8,"minecraft:sweet_berries":1,"minecraft:written_book":7,"minecraft:oak_sapling":8,"minecraft:furnace":3,"minecraft:beetroot_seeds":14,"minecraft:dark_oak_sapling":2,"minecraft:stone_pickaxe":141,"minecraft:oak_planks":2,"minecraft:orange_tulip":2,"minecraft:ender_pearl":1,"minecraft:wooden_pickaxe":177,"minecraft:clay":12,"exnihilosequentia:oak_sieve":3,"minecraft:sugar_cane":22,"minecraft:golden_apple":1,"minecraft:glow_berries":1,"mob_grinding_utils:tinted_glass":1,"minecraft:sand":51,"quark:azalea_planks":18,"cfm:oak_chair":6,"cfm:oak_kitchen_counter":16,"quark:azalea_chest":1,"pamhc2foodcore:cheeseitem":1,"minecraft:bread":1,"pamhc2foodcore:freshwateritem":10,"minecraft:stone_button":12,"exnihilosequentia:large_fern_seeds":1,"exnihilosequentia:dust":5,"minecraft:gravel":52,"snad:snad":3,"excompressum:cow_bait":1,"thermal:onion_seeds":4,"exnihilosequentia:stone_hammer":1195,"exnihilosequentia:silkworm":1,"minecraft:bone_meal":12,"bonsaitrees3:bonsaipot":1,"minecraft:azalea":11,"minecraft:stone_sword":39,"exnihilosequentia:cactus_seeds":1,"farmersdelight:diamond_knife":36,"excompressum:chicken_bait":2,"thermal:amaranth_seeds":10,"thermal:radish_seeds":4,"excompressum:oak_heavy_sieve":1,"minecraft:wooden_shovel":8,"minecraft:stone_hoe":51,"exnihilosequentia:witch_water_bucket":4,"minecraft:torch":5,"minecraft:dirt":12,"thermal:eggplant_seeds":5,"minecraft:stone_stairs":1,"decorative_blocks:oak_support":1,"minecraft:granite":1,"sophisticatedstorage:iron_barrel":1,"minecraft:flowering_azalea":3,"excompressum:compressed_cobblestone":115,"minecraft:rooted_dirt":2,"exnihilosequentia:bamboo_seeds":2,"thermal:barley_seeds":11,"minecraft:bamboo":1,"farmersdelight:basket":1,"exnihilosequentia:andesite_pebble":1,"exnihilosequentia:wooden_crook":91,"exnihilosequentia:dark_oak_seeds":1,"farmersdelight:cooking_pot":1,"exnihilosequentia:carrot_seeds":2,"minecraft:stone_pressure_plate":9,"excompressum:compressed_gravel":11,"minecraft:wheat_seeds":20,"minecraft:water_bucket":62,"minecraft:iron_ore":5,"farmersdelight:skillet":2,"quark:cobblestone_bricks":2,"exnihilosequentia:jungle_seeds":1,"exnihilosequentia:fern_seeds":4,"exnihilosequentia:granite_pebble":1,"minecraft:cobblestone_slab":26,"cfm:oak_coffee_table":8,"minecraft:crafting_table":2,"minecraft:campfire":1,"minecraft:painting":2,"minecraft:oak_log":30,"minecraft:apple":5,"exnihilosequentia:oak_barrel":5,"minecraft:sunflower":3,"quark:azalea_log":2,"thermal:strawberry_seeds":6,"thermal:green_bean_seeds":3,"supplementaries:rope":2,"minecraft:stone_axe":93,"minecraft:fishing_rod":2,"minecraft:cobblestone":208,"mcwlights:classic_street_lamp":2,"exnihilosequentia:basalt_pebble":4,"thermal:tomato_seeds":5,"minecraft:bucket":102,"quark:oak_chest":2,"create:bar_of_chocolate":1}},"DataVersion":2975}