{"stats":{"minecraft:broken":{"mekanismtools:osmium_helmet":1,"mekanismtools:stone_paxel":2,"mekanismtools:lapis_lazuli_helmet":1,"exnihilosequentia:stone_hammer":3,"minecraft:fishing_rod":2,"minecraft:bow":1,"minecraft:wooden_pickaxe":3,"mekanismtools:lapis_lazuli_boots":1,"minecraft:stone_pickaxe":1,"excompressum:compressed_hammer_stone":7},"minecraft:dropped":{"minecraft:iron_sword":2,"thermal:cooked_corn":13,"farmersdelight:honey_cookie":2,"exnihilosequentia:granite_pebble":3,"minecraft:lapis_lazuli":13,"thermal:peanut":1,"minecraft:diamond":66,"minecraft:crafting_table":9,"minecraft:cookie":18,"create:cogwheel":8,"mob_grinding_utils:rotten_egg":1,"create:large_water_wheel":1,"minecraft:emerald":22,"minecraft:red_shulker_box":1,"minecraft:gray_concrete":7,"aquaculture:fish_fillet_raw":2,"supplementaries:rope":4,"avaritia:double_compressed_crafting_table":1,"create:mechanical_arm":1,"mysticalagriculture:absorption_i_augment":2,"minecraft:stone_button":2,"thermal:rf_coil":1,"minecraft:netherite_boots":1,"pamhc2foodcore:saltitem":2,"excompressum:auto_hammer":1,"minecraft:jungle_sapling":1,"minecraft:bone_meal":10,"create:goggles":2,"minecraft:sand":2,"thermal:peanut_seeds":1,"minecraft:sugar":2,"minecraft:fishing_rod":1,"pamhc2foodcore:carrotcakeitem":2,"minecraft:white_wool":22,"minecraft:bone":4,"mekanismtools:refined_obsidian_sword":3,"pamhc2foodcore:fruitsaladitem":21,"mysticalagriculture:inferium_chestplate":1,"minecraft:sugar_cane":14,"mysticalagriculture:infusion_pedestal":1,"pamhc2foodcore:hotchocolateitem":6,"exnihilosequentia:nickel_pieces":7,"exnihilosequentia:aluminum_ingot":113,"minecraft:wheat":1,"exnihilosequentia:copper_pieces":35,"minecraft:obsidian":61,"pamhc2foodcore:caramelitem":2,"minecraft:rotten_flesh":12,"minecraft:oak_planks":104,"minecraft:enchanted_golden_apple":1,"thermal:corn":6,"minecraft:glowstone_dust":2,"create:potato_cannon":1,"exnihilosequentia:potato_seeds":1,"pamhc2foodcore:chocolatecupcakeitem":11,"thermal:eggplant_seeds":1,"mekanism:hazmat_pants":1,"create:adjustable_chain_gearshift":1,"pamhc2foodcore:freshmilkitem":9,"minecraft:charcoal":182,"create:wand_of_symmetry":1,"create:track_station":1,"exnihilosequentia:carrot_seeds":1,"thermal:jar":2,"exnihilosequentia:wooden_crook":1,"exnihilosequentia:acacia_seeds":1,"thermal:amaranth":44,"pamhc2foodcore:carrotcupcakeitem":7,"mekanismtools:lapis_lazuli_boots":1,"create:basin":1,"minecraft:iron_ingot":73,"minecraft:orange_shulker_box":1,"kubejs:stone_casing":8,"exnihilosequentia:sweet_berry_seeds":1,"minecraft:wheat_seeds":13,"create:polished_rose_quartz":1,"farmersdelight:skillet":3,"mekanism:hazmat_mask":1,"mekanism:dust_obsidian":4,"minecraft:netherite_chestplate":1,"minecraft:netherite_helmet":1,"minecraft:oak_fence":6,"minecraft:cobblestone":1031,"minecraft:apple":3,"mekanismtools:lapis_lazuli_chestplate":4,"vanillahammers:obsidian_hammer":3,"pamhc2foodcore:gummybearsitem":1,"mekanismtools:stone_paxel":4,"minecraft:coal":9,"minecraft:golden_apple":4,"mob_grinding_utils:xp_tap":1,"minecraft:end_rod":5,"create:andesite_casing":37,"minecraft:lava_bucket":1,"exnihilosequentia:red_coral_larvae":7,"farmersdelight:cooked_cod_slice":1,"exnihilosequentia:aluminum_pieces":17,"minecraft:potion":2,"minecraft:dried_kelp":44,"exnihilosequentia:raw_silver":4,"minecraft:smooth_stone":11,"minecraft:paper":134,"create:sand_paper":1,"mysticalagradditions:inferium_paxel":1,"minecraft:moss_carpet":8,"culinaryconstruct:culinary_station":2,"quark:azalea_planks":7,"minecraft:stone_sword":5,"thermal:amaranth_seeds":185,"mob_grinding_utils:tinted_glass":1,"minecraft:bowl":3,"minecraft:stone_shovel":1,"minecraft:white_carpet":10,"farmersdelight:beef_stew":1,"exnihilosequentia:porcelain_clay":64,"exnihilosequentia:pickle_seeds":1,"thermal:strawberry":2,"kubejs:wood_plate":1,"minecraft:pumpkin_seeds":4,"thermal:pbj_sandwich":3,"exnihilosequentia:gold_pieces":30,"thermal:tomato_seeds":3,"minecraft:diamond_sword":4,"exnihilosequentia:grass_seeds":9,"minecraft:stone":128,"kubejs:stone_coin":4,"create:hand_crank":1,"create:brass_casing":1,"minecraft:bow":2,"nourished_end:seldge_bush":1,"cfm:oak_kitchen_counter":16,"farmersdelight:diamond_knife":1,"supplementaries:flute":6,"create:belt_connector":13,"exnihilosequentia:mycelium_spores":1,"storagenetwork:inventory_remote":2,"exnihilosequentia:uranium_pieces":18,"pamhc2foodcore:mixingbowlitem":1,"minecraft:oak_log":16,"minecraft:baked_potato":15,"exnihilosequentia:diorite_pebble":6,"minecraft:ender_pearl":11,"bhc:relic_apple":1,"exnihilosequentia:jungle_seeds":1,"minecraft:green_shulker_box":1,"thermal:cheese_wedge":2,"pamhc2foodcore:chocolatepuddingitem":2,"createaddition:biomass":17,"excompressum:sheep_bait":1,"exnihilosequentia:spruce_seeds":1,"pamhc2foodcore:smoresitem":7,"mekanismtools:lapis_lazuli_leggings":4,"minecraft:flint":1026,"minecraft:cornflower":5,"exnihilosequentia:raw_tin":1,"solcarrot:food_book":2,"pamhc2foodcore:yogurtitem":9,"pamhc2foodcore:chocolatecakeitem":2,"create:large_cogwheel":5,"exnihilosequentia:stone_hammer":4,"ftbquests:book":1,"thermal:green_bean_seeds":3,"farmersdelight:sweet_berry_cheesecake":1,"create:crushing_wheel":3,"exnihilosequentia:oak_barrel":1,"minecraft:gold_ingot":1,"minecraft:gravel":707,"exnihilosequentia:cactus_seeds":1,"chimes:bamboo_chimes":1,"pamhc2foodcore:chocolatebaritem":12,"exnihilosequentia:zinc_pieces":14,"buildersdelight:iron_chisel":2,"farmersdelight:hot_cocoa":1,"minecraft:beetroot":1,"ae2:fluix_dust":1,"minecraft:stone_stairs":4,"mekanismtools:lapis_lazuli_helmet":2,"minecraft:carrot":1,"sophisticatedbackpacks:diamond_backpack":2,"ae2:sky_dust":2,"pamhc2foodcore:chocolatedonutitem":2,"minecraft:gunpowder":1,"exnihilomekanism:osmium_pieces":1,"excompressum:compressed_nether_gravel":27,"thermal:cinnabar":2,"minecraft:melon_seeds":6,"minecraft:beetroot_seeds":8,"pamhc2foodcore:fruitcrumbleitem":1,"minecraft:azalea":3,"comforts:sleeping_bag_white":2,"minecraft:iron_ore":48,"minecraft:arrow":10,"create:water_wheel":3,"thermal:cooked_eggplant":1,"farmersdelight:ratatouille":3,"mysticalagradditions:inferium_apple":1,"farmersdelight:fish_stew":1,"exnihilosequentia:basalt_pebble":3,"mekanismtools:lapis_lazuli_sword":1,"create:andesite_alloy":100,"minecraft:stone_hoe":3,"minecraft:water_bucket":2,"minecraft:bread":3,"create:unprocessed_obsidian_sheet":25,"mekanism:hazmat_gown":1,"storagenetwork:crafting_remote":2,"minecraft:mossy_cobblestone":4,"minecraft:poisonous_potato":1,"exnihilosequentia:birch_seeds":1,"exnihilosequentia:iron_pieces":22,"exnihilosequentia:kelp_seeds":18,"create:zinc_nugget":3,"minecraft:copper_ingot":9,"thermal:bell_pepper":2,"exnihilosequentia:andesite_pebble":3,"minecraft:stick":18,"minecraft:milk_bucket":2,"create:extendo_grip":4,"minecraft:torch":321,"create:sturdy_sheet":36,"exnihilosequentia:dust":64,"pamhc2foodcore:cookingoilitem":1,"minecraft:slime_spawn_egg":1,"thermal:green_bean":1,"minecraft:cactus":3,"minecraft:bucket":7,"excompressum:cow_bait":1,"minecraft:redstone_block":14,"minecraft:dandelion":6,"minecraft:redstone":103,"farmersdelight:pasta_with_meatballs":1,"pamhc2foodcore:marshmellowsitem":14,"minecraft:sweet_berries":2,"furnacemk2:crystal_gem_item":3,"minecraft:brown_dye":1,"create:shaft":14,"thermal:hearty_stew":3,"create:encased_chain_drive":1,"excompressum:chicken_bait":2,"minecraft:stripped_oak_log":1,"pamhc2foodcore:donutitem":2,"pamhc2foodcore:freshwateritem":21,"pamhc2foodcore:bakedvegetablemedlyitem":7,"minecraft:ender_eye":8,"mekanism:hazmat_boots":1,"mysticalagriculture:inferium_helmet":1,"thermal:iron_plate":2,"minecraft:netherite_leggings":1,"thermal:sadiroot_seeds":3,"thermal:eggplant":1,"farmersdelight:fried_egg":1,"minecraft:andesite":56,"exnihilosequentia:lead_pieces":29,"minecraft:cake":5,"exnihilosequentia:silver_pieces":6,"minecraft:oak_sapling":16,"minecraft:stone_pickaxe":8,"minecraft:wooden_pickaxe":1,"pamhc2foodcore:carrotbreaditem":2,"bhc:red_heart":1,"excompressum:compressed_gravel":143,"thermal:niter":1,"farmersdelight:cake_slice":4},"minecraft:killed_by":{"minecraft:zombie":1,"blue_skies:infested_swarmer":1,"minecraft:ender_dragon":2,"minecraft:creeper":2,"mekanismadditions:baby_skeleton":1,"minecraft:player":80,"minecraft:enderman":2,"minecraft:skeleton":3},"minecraft:mined":{"minecraft:red_shulker_box":3,"thermal:dynamo_compression":4,"quark:azalea_log":61,"mysticalagradditions:end_prosperity_ore":132,"create:andesite_casing":21,"minecraft:obsidian":66,"exnihilosequentia:oak_sieve":1,"nourished_end:tube_sprouts":1,"minecraft:jungle_log":20,"snad:snad":2,"minecraft:hopper":2,"minecraft:oak_wall_sign":2,"minecraft:nether_wart":29,"mcwlights:classic_street_lamp":3,"pipez:fluid_pipe":1,"minecraft:moss_carpet":15,"minecraft:pumpkin":10,"thermal:corn":5,"thermal:amaranth":12,"minecraft:cave_vines":3,"thermal:eggplant":2,"farmersdelight:rice_panicles":1,"nourished_end:cerulean_bulb":3,"cfm:oak_kitchen_counter":6,"create:mechanical_press":12,"culinaryconstruct:culinary_station":1,"create:cogwheel":27,"chimes:bamboo_chimes":5,"engineersdecor:metal_sliding_door":1,"minecraft:kelp_plant":64,"minecraft:torch":77,"mysticalagradditions:end_inferium_ore":19,"rsgauges:sensitive_glass_block":13,"minecraft:melon":10,"excompressum:compressed_cobblestone":731,"create:train_door":1,"excompressum:oak_heavy_sieve":3,"minecraft:sugar_cane":255,"minecraft:birch_sapling":4,"create:basin":7,"avaritia:double_compressed_crafting_table":1,"nourished_end:seldge_bush":1,"createaddition:electric_motor":1,"minecraft:wheat":15,"create:mechanical_mixer":5,"minecraft:pumpkin_stem":6,"mcwdoors:bamboo_western_door":1,"minecraft:grass":74,"mekanismadditions:gray_plastic_glow":3,"create:hand_crank":17,"minecraft:dark_oak_sapling":6,"nourished_end:abyssal_eylium":1,"excompressum:compressed_nether_gravel":1,"thermal:barley":8,"minecraft:attached_pumpkin_stem":1,"minecraft:mossy_cobblestone":3,"minecraft:end_stone":587,"functionalstorage:oak_1":4,"thermal:machine_smelter":4,"minecraft:orange_shulker_box":1,"nourished_end:seldge_fan_plant":3,"nourished_end:cobalt_void_shale":1,"minecraft:redstone_wire":22,"minecraft:kelp":8,"minecraft:moss_block":223,"engineersdecor:sign_exit":1,"excompressum:auto_hammer":1,"supplementaries:rope":6,"create:shaft":16,"minecraft:jungle_sapling":2,"minecraft:andesite":1,"excompressum:compressed_netherrack":113,"thermal:onion":1,"nourished_end:chorus_bulb":8,"nourished_end:star_eylium":3,"minecraft:potatoes":1,"minecraft:vine":6,"minecraft:cobblestone_slab":6,"minecraft:bamboo":8,"nourished_end:cerulean_stem_thick":2,"farmingforblockheads:market":1,"nourished_end:verdant_grass":1,"minecraft:gray_concrete":14,"rsgauges:industrial_lever":4,"quark:oak_chest":2,"minecraft:dandelion":3,"minecraft:cornflower":2,"create:fluid_pipe":1,"create:mechanical_pump":6,"create:water_wheel":36,"minecraft:tall_grass":49,"nourished_end:crusting_malachite":2,"thermal:green_bean":1,"cookingforblockheads:cutting_board":2,"excompressum:cow_bait":5,"create:blaze_burner":2,"farmersdelight:skillet":12,"furnacemk2:furnacemk2":1,"sophisticatedstorage:gold_shulker_box":16,"custommachinery:custom_machine_block":2,"minecraft:spruce_log":82,"minecraft:white_carpet":13,"thermal:radish":1,"thermal:dynamo_stirling":26,"create:crushing_wheel":4,"cfm:oak_coffee_table":8,"minecraft:sunflower":3,"minecraft:gravel":82,"thermal:machine_bottler":4,"minecraft:fern":4,"minecraft:oak_sapling":9,"nourished_end:verdant_stalk":1,"minecraft:cobblestone_stairs":11,"minecraft:cave_vines_plant":2,"nourished_end:malachite_ore":45,"minecraft:grass_block":1,"nourished_end:nullstone":4,"nourished_end:end_rubble":6,"nourished_end:seldge_stem":14,"comforts:sleeping_bag_white":1,"cobblefordays:tier_1":1,"farmersdelight:rice":1,"minecraft:iron_ore":5,"thermal:tomato":2,"nourished_end:ennegel":1,"exnihilosequentia:oak_barrel":6,"supplementaries:stick":74,"minecraft:flowering_azalea_leaves":1,"minecraft:iron_bars":10,"minecraft:azalea_leaves":1,"thermal:machine_crucible":2,"minecraft:azalea":5,"rftoolsbase:dimensionalshard_end":44,"mob_grinding_utils:tinted_glass":14,"excompressum:compressed_sand":79,"mob_grinding_utils:fan":2,"mysticalagriculture:infusion_altar":4,"create:adjustable_chain_gearshift":4,"decorative_blocks:oak_support":3,"nourished_end:verdant_eylium":13,"minecraft:clay":37,"quark:cobblestone_bricks":34,"thermal:sadiroot":7,"minecraft:poppy":1,"thermal:peanut":4,"create:brass_casing":1,"minecraft:cobblestone":305,"minecraft:grindstone":1,"minecraft:oak_planks":9,"chimes:iron_chimes":1,"minecraft:wall_torch":80,"create:large_water_wheel":1,"minecraft:stone_stairs":1,"farmersdelight:cutting_board":1,"minecraft:blue_ice":1,"excompressum:chicken_bait":6,"exnihilosequentia:oak_crucible":4,"minecraft:oak_log":217,"minecraft:beetroots":11,"nourished_end:seldge_fan_plant_empty":1,"minecraft:dirt":12,"minecraft:sand":19,"nourished_end:stardust":4,"create:encased_chain_drive":4,"minecraft:netherrack":1793,"minecraft:oak_leaves":57,"exnihilosequentia:infested_leaves":75,"minecraft:lever":1,"minecraft:ladder":43,"minecraft:stone_button":1,"nourished_end:acidshroom":1,"create:large_cogwheel":10,"minecraft:spruce_leaves":35,"nourished_end:stardust_block":80,"minecraft:rooted_dirt":2,"minecraft:large_fern":2,"thermal:strawberry":3,"minecraft:oak_trapdoor":4,"minecraft:spruce_sapling":21,"minecraft:furnace":1,"minecraft:carrots":4,"mekanismadditions:gray_plastic":3,"thermal:device_tree_extractor":6,"minecraft:stripped_oak_log":10,"sophisticatedstorage:iron_barrel":1,"minecraft:chorus_plant":1,"minecraft:stone":7963,"minecraft:redstone_wall_torch":1,"farmersdelight:cooking_pot":10,"nourished_end:star_fern":1,"quark:myalite":44,"minecraft:flowering_azalea":4,"exnihilosequentia:dust":6,"minecraft:oak_fence":9,"minecraft:crafting_table":5,"minecraft:sculk_sensor":1,"excompressum:compressed_gravel":146,"nourished_end:puff_bulb":1,"minecraft:air":1274,"minecraft:cactus":11,"cfm:oak_chair":4,"minecraft:green_shulker_box":3,"minecraft:redstone_torch":5,"minecraft:sweet_berry_bush":21,"minecraft:cocoa":45,"nourished_end:bismuth_ore":11,"nourished_end:cosmic_log":125,"create:mechanical_crafter":21,"minecraft:end_rod":5,"farmersdelight:stove":2,"engineersdecor:sign_danger":1},"minecraft:killed":{"nourished_end:giant_isopod":1,"nourished_end:flarebug":2,"minecraft:skeleton":56,"minecraft:chicken":3,"minecraft:zombie":72,"minecraft:cow":1,"mekanismadditions:baby_skeleton":26,"nourished_end:ringling":2,"minecraft:enderman":19,"minecraft:witch":2,"minecraft:spider":9,"mekanismadditions:baby_enderman":3,"mekanismadditions:baby_creeper":11,"minecraft:creeper":32,"minecraft:blaze":1,"minecraft:slime":17,"nourished_end:radjelly":6},"minecraft:picked_up":{"minecraft:seagrass":5,"thermal:amaranth":42,"storagenetwork:inventory_remote":3,"minecraft:prismarine_shard":45,"exnihilosequentia:oak_crucible":4,"exnihilomekanism:osmium_pieces":415,"farmersdelight:rice_panicle":1,"minecraft:diamond_sword":3,"exnihilosequentia:andesite_pebble":9,"quark:azalea_log":62,"exnihilosequentia:dark_oak_seeds":4,"nourished_end:nullstone":4,"create:bar_of_chocolate":2,"farmersdelight:cutting_board":2,"exnihilosequentia:flint_mesh":7,"minecraft:string":274,"pipez:energy_pipe":2,"thermal:barley_seeds":48,"create:unprocessed_obsidian_sheet":9,"minecraft:beetroot":53,"chimes:bamboo_chimes":5,"create:water_wheel":58,"mysticalagriculture:inferium_essence":1160,"exnihilosequentia:oak_sieve":1,"minecraft:horn_coral_block":3,"minecraft:written_book":5,"thermal:peanut_butter":1,"thermal:eggplant":25,"nourished_end:cosmic_log":125,"mysticalagriculture:infusion_altar":5,"mysticalagriculture:unattuned_augment":1,"minecraft:melon_slice":55,"create:train_door":1,"thermal:sadiroot_seeds":52,"mysticalagriculture:prosperity_shard":549,"create:andesite_casing":21,"exnihilosequentia:platinum_pieces":59,"nourished_end:cerulean_stem_thick":2,"pamhc2foodcore:cuttingboarditem":2,"farmersdelight:chicken_cuts":6,"nourished_end:cerulean_bulb":3,"mob_grinding_utils:rotten_egg":1,"minecraft:black_dye":81,"thermal:apatite":30,"createaddition:gold_rod":15,"minecraft:stone_sword":2,"mekanismadditions:gray_plastic":3,"create:wand_of_symmetry":1,"excompressum:compressed_sand":2,"minecraft:end_rod":5,"thermal:radish_seeds":39,"create:mechanical_arm":1,"minecraft:netherite_chestplate":2,"minecraft:blaze_rod":1,"minecraft:iron_bars":9,"nourished_end:luck_root":1,"minecraft:feather":5,"farmersdelight:rice":1,"culinaryconstruct:sandwich":2,"minecraft:water_bucket":2,"minecraft:jungle_log":20,"minecraft:flint":1269,"pamhc2foodcore:juiceritem":1,"minecraft:netherite_leggings":1,"exnihilosequentia:gold_pieces":1348,"minecraft:gray_concrete":14,"thermal:invar_gear":2,"create:encased_chain_drive":4,"bhc:red_heart":11,"pipez:fluid_pipe":6,"ftbquests:book":1,"create:goggles":1,"create:shaft":25,"exnihilosequentia:jungle_seeds":8,"minecraft:glowstone_dust":42,"minecraft:moss_block":240,"exnihilosequentia:iron_mesh":2,"mekanismtools:stone_paxel":2,"thermal:gold_plate":2,"chimes:iron_chimes":1,"thermal:onion_seeds":45,"exnihilosequentia:silkworm":73,"create:netherite_backtank":1,"thermal:dynamo_stirling":26,"mekanismadditions:gray_plastic_glow":3,"exnihilosequentia:pickle_seeds":2,"farmersdelight:cake_slice":14,"nourished_end:seldge_bush":1,"minecraft:lever":2,"thermal:eggplant_seeds":46,"minecraft:granite":2,"exnihilosequentia:silver_pieces":897,"storagenetwork:crafting_remote":2,"minecraft:bread":3,"minecraft:rooted_dirt":2,"minecraft:spruce_leaves":29,"minecraft:crafting_table":6,"pamhc2foodcore:potitem":1,"minecraft:nether_wart":92,"minecraft:clay_ball":120,"exnihilosequentia:spruce_seeds":6,"thermal:strawberry":24,"minecraft:cornflower":4,"minecraft:netherite_scrap":17,"minecraft:white_carpet":24,"thermal:radish":22,"sophisticatedstorage:gold_shulker_box":16,"custommachinery:custom_machine_item":3,"minecraft:beef":2,"excompressum:compressed_cobblestone":42,"farmersdelight:cod_slice":4,"thermal:niter":23,"minecraft:jungle_sapling":4,"minecraft:poppy":3,"supplementaries:rope":63,"minecraft:birch_sapling":4,"minecraft:egg":43,"exnihilosequentia:zinc_pieces":548,"create:polished_rose_quartz":1,"minecraft:stone":304,"thermal:sadiroot":23,"farmersdelight:minced_beef":4,"sophisticatedbackpacks:backpack":2,"minecraft:cake":1,"minecraft:diamond_chestplate":1,"minecraft:carrot":67,"exnihilosequentia:granite_pebble":11,"nourished_end:ennegel_ring":9,"minecraft:redstone":164,"exnihilosequentia:pink_coral_larvae":6,"create:brass_casing":1,"minecraft:prismarine_crystals":6,"exnihilosequentia:diamond_mesh":1,"mcwdoors:bamboo_western_door":1,"exnihilosequentia:mycelium_spores":2,"minecraft:stone_shovel":1,"excompressum:compressed_gravel":124,"pamhc2foodcore:carrotcakeitem":1,"exnihilosequentia:carrot_seeds":8,"thermal:machine_smelter":4,"farmersdelight:cooked_chicken_cuts":4,"minecraft:beetroot_seeds":98,"minecraft:shears":1,"mekanismtools:lapis_lazuli_leggings":2,"aquaculture:carp":1,"farmersdelight:beef_stew":2,"minecraft:tube_coral_block":3,"minecraft:gold_ingot":18,"pamhc2foodcore:freshmilkitem":3,"nourished_end:puff_bulb":1,"rsgauges:sensitive_glass_block":13,"minecraft:glow_berries":6,"minecraft:white_wool":2,"exnihilosequentia:basalt_pebble":7,"minecraft:stripped_oak_log":12,"ae2:fluix_dust":20,"exnihilosequentia:fern_seeds":1,"engineersdecor:sign_danger":1,"furnacemk2:furnacemk2":1,"excompressum:cow_bait":5,"minecraft:oak_log":218,"exnihilosequentia:iron_pieces":2335,"farmersdelight:skillet":17,"excompressum:compressed_nether_gravel":14,"avaritia:double_compressed_crafting_table":2,"minecraft:paper":1,"create:crushing_wheel":11,"solcarrot:food_book":3,"exnihilosequentia:aluminum_pieces":825,"minecraft:apple":10,"farmersdelight:cooking_pot":10,"minecraft:kelp":146,"thermal:corn":51,"storagenetwork:filter_kabel":2,"minecraft:stone_pickaxe":9,"kubejs:stone_casing":1,"minecraft:glass_bottle":36,"exnihilosequentia:oak_seeds":4,"minecraft:iron_sword":2,"minecraft:flowering_azalea":11,"mysticalagradditions:inferium_paxel":2,"cfm:oak_coffee_table":8,"mcwlights:classic_street_lamp":3,"minecraft:milk_bucket":14,"minecraft:sweet_berries":193,"thermal:strawberry_seeds":41,"minecraft:gravel":5366,"exnihilosequentia:stone_hammer":5,"minecraft:spruce_sapling":40,"exnihilosequentia:birch_seeds":4,"minecraft:spruce_log":82,"minecraft:dragon_egg":1,"exnihilosequentia:yellow_coral_larvae":13,"exnihilosequentia:oak_barrel":6,"quark:cobblestone_bricks":34,"minecraft:slime_ball":30,"exnihilosequentia:sweet_berry_seeds":2,"create:mechanical_pump":5,"minecraft:painting":2,"minecraft:baked_potato":1,"minecraft:melon_seeds":37,"pamhc2foodcore:fruitsaladitem":3,"thermal:amaranth_seeds":115,"minecraft:hopper":2,"exnihilosequentia:copper_pieces":911,"minecraft:ender_pearl":243,"storagenetwork:storage_kabel":1,"sophisticatedstorage:iron_barrel":1,"minecraft:wheat":151,"minecraft:redstone_block":7,"vanillahammers:obsidian_hammer":4,"mekanismtools:lapis_lazuli_sword":1,"mekanismtools:netherite_paxel":1,"pamhc2foodcore:cheeseitem":1,"minecraft:potion":15,"minecraft:brain_coral_block":3,"quark:azalea_planks":1,"minecraft:iron_leggings":1,"minecraft:netherite_ingot":2,"cfm:oak_kitchen_counter":5,"minecraft:oak_sign":11,"thermal:sulfur":25,"thermal:iron_plate":1,"minecraft:bucket":22,"cobblefordays:tier_1":1,"create:mechanical_press":9,"minecraft:smooth_stone":11,"thermal:tomato":45,"comforts:sleeping_bag_white":3,"exnihilosequentia:emerald_mesh":3,"create:sturdy_sheet":4,"create:potato_cannon":1,"minecraft:redstone_torch":9,"minecraft:cobblestone_slab":12,"blue_skies:bug_guts":1,"minecraft:ender_eye":8,"minecraft:azalea":25,"nourished_end:verdant_stalk":1,"nourished_end:ring_fern_sprout_1":5,"minecraft:furnace":1,"minecraft:stick":290,"minecraft:orange_shulker_box":1,"create:mechanical_mixer":7,"createaddition:electric_motor":1,"exnihilosequentia:large_fern_seeds":1,"minecraft:oak_fence":3,"minecraft:torch":320,"pamhc2foodcore:mixingbowlitem":1,"nourished_end:end_rubble":5,"minecraft:dried_kelp":39,"nourished_end:bismuth":4,"nourished_end:cobalt":2,"pipez:wrench":1,"create:large_cogwheel":11,"minecraft:cactus":10,"minecraft:rotten_flesh":460,"thermal:corn_seeds":106,"farmersdelight:tree_bark":1,"exnihilosequentia:crushed_netherrack":1262,"nourished_end:acidshroom":1,"exnihilosequentia:sugarcane_seeds":2,"nourished_end:verdant_grass":2,"minecraft:obsidian":136,"farmersdelight:raw_pasta":3,"minecraft:cod":2,"pamhc2foodcore:chocolatecakeitem":1,"create:speedometer":1,"minecraft:blaze_powder":138,"minecraft:cobblestone":7187,"mekanismtools:lapis_lazuli_chestplate":2,"exnihilosequentia:blackstone_pebble":4,"thermal:invar_ingot":2,"nourished_end:stardust":445,"minecraft:andesite":21,"mekanismtools:lapis_lazuli_helmet":1,"minecraft:potato":127,"exnihilosequentia:string_mesh":7,"thermal:onion":30,"supplementaries:flute":8,"exnihilosequentia:porcelain_clay":39,"minecraft:lapis_lazuli":856,"exnihilosequentia:tin_pieces":789,"minecraft:green_shulker_box":3,"thermal:tin_gear":2,"minecraft:dirt":62,"thermal:cooked_eggplant":13,"mekanism:dust_obsidian":29,"thermal:silver_plate":4,"exnihilosequentia:fired_crucible":1,"minecraft:glass":7,"minecraft:bone":509,"mekanismtools:refined_obsidian_sword":2,"minecraft:bow":19,"minecraft:wheat_seeds":341,"minecraft:orange_tulip":4,"thermal:cooked_corn":20,"pamhc2foodcore:bakewareitem":1,"exnihilosequentia:crafting_doll":20,"farmersdelight:pumpkin_slice":40,"thermal:iron_gear":5,"minecraft:grindstone":1,"exnihilosequentia:grass_seeds":10,"minecraft:bamboo":64,"nourished_end:star_fern":1,"minecraft:stone_hoe":3,"minecraft:oak_planks":43,"exnihilosequentia:lead_pieces":785,"thermal:bell_pepper_seeds":27,"thermal:barley":22,"thermal:bronze_ingot":4,"mysticalagriculture:inferium_ingot":11,"create:cogwheel":34,"minecraft:poisonous_potato":1,"minecraft:sand":1573,"exnihilosequentia:kelp_seeds":24,"buildersdelight:iron_chisel":2,"excompressum:compressed_dust":26,"minecraft:shulker_box":3,"minecraft:mossy_cobblestone":7,"thermal:peanut":23,"thermal:device_tree_extractor":6,"pamhc2foodcore:saltitem":1,"engineersdecor:sign_exit":1,"minecraft:clay":55,"minecraft:sugar":27,"create:track_station":1,"minecraft:diamond":168,"minecraft:netherite_helmet":2,"thermal:dynamo_compression":4,"minecraft:bone_meal":173,"minecraft:golden_apple":5,"mob_grinding_utils:tinted_glass":16,"minecraft:emerald":117,"minecraft:chorus_fruit":15,"minecraft:oak_sapling":97,"minecraft:netherrack":1872,"minecraft:oak_leaves":56,"farmingforblockheads:market":1,"minecraft:charcoal":683,"functionalstorage:oak_1":2,"minecraft:cocoa_beans":205,"minecraft:chicken":6,"minecraft:ladder":45,"bonsaitrees3:bonsaipot":1,"thermal:cinnabar":29,"minecraft:wooden_pickaxe":1,"minecraft:chain":1,"nourished_end:seldge_stem":14,"nourished_end:ennegel":33,"farmersdelight:diamond_knife":1,"kubejs:stone_coin":2,"mysticalagriculture:infusion_pedestal":2,"minecraft:oak_trapdoor":4,"minecraft:moss_carpet":61,"minecraft:stone_stairs":5,"exnihilosequentia:potato_seeds":4,"thermal:silver_ingot":2,"exnihilosequentia:dust":673,"thermal:hearty_stew":1,"farmersdelight:straw":12,"mysticalagradditions:inferium_apple":1,"excompressum:chicken_bait":5,"create:basin":8,"minecraft:sugar_cane":463,"thermal:machine_bottler":4,"nourished_end:ennegel_stem":11,"thermal:pbj_sandwich":1,"minecraft:dark_oak_sapling":6,"exnihilosequentia:cactus_seeds":8,"minecraft:raw_iron":5,"minecraft:end_stone":556,"minecraft:copper_ingot":21,"minecraft:bowl":72,"minecraft:gray_dye":11,"nourished_end:tube_sprouts_empty":1,"minecraft:stone_button":4,"exnihilosequentia:diorite_pebble":17,"create:hand_crank":27,"exnihilosequentia:uranium_pieces":373,"thermal:green_bean":29,"mysticalagradditions:dragon_scale":8,"minecraft:brown_dye":2,"exnihilosequentia:purple_coral_larvae":6,"exnihilosequentia:nickel_pieces":930,"farmersdelight:cooked_cod_slice":2,"thermal:peanut_seeds":48,"mekanismtools:osmium_helmet":1,"exnihilosequentia:bamboo_seeds":4,"exnihilosequentia:blue_coral_larvae":10,"minecraft:arrow":528,"minecraft:red_shulker_box":3,"mysticalagriculture:inferium_gemstone":4,"ae2:certus_quartz_dust":28,"pamhc2foodcore:chocolatebaritem":4,"thermal:silver_gear":1,"excompressum:oak_heavy_sieve":3,"rsgauges:industrial_lever":4,"nourished_end:malachite":12,"minecraft:netherite_boots":1,"minecraft:leather":15,"cfm:oak_chair":4,"create:andesite_alloy":73,"exnihilosequentia:acacia_seeds":3,"minecraft:cobblestone_stairs":9,"minecraft:gunpowder":407,"create:blaze_burner":2,"mekanism:salt":43,"ae2:sky_dust":33,"thermal:bronze_gear":3,"rftoolsbase:dimensionalshard":201,"minecraft:fire_coral_block":3,"thermal:machine_crucible":2,"decorative_blocks:oak_support":4,"create:adjustable_chain_gearshift":4,"minecraft:iron_ingot":121,"minecraft:cooked_chicken":1,"thermal:tomato_seeds":70,"sophisticatedbackpacks:diamond_backpack":1,"quark:myalite":44,"minecraft:oak_slab":1,"create:large_water_wheel":1,"minecraft:pumpkin":11,"thermal:bell_pepper":17,"exnihilosequentia:red_coral_larvae":14,"minecraft:dandelion":5,"mekanismtools:diamond_paxel":1,"thermal:green_bean_seeds":46,"minecraft:spider_eye":45,"quark:oak_chest":2,"pamhc2foodcore:grinderitem":1,"create:extendo_grip":4,"minecraft:pumpkin_seeds":34,"minecraft:sculk_sensor":1,"mysticalagriculture:absorption_i_augment":3,"mysticalagriculture:inferium_helmet":1,"create:zinc_nugget":5,"mekanism:fluorite_gem":176,"mysticalagriculture:inferium_chestplate":1,"exnihilosequentia:raw_silver":4,"furnacemk2:crystal_gem_item":3,"excompressum:auto_hammer":2,"farmersdelight:stove":2,"minecraft:coal":786,"culinaryconstruct:culinary_station":1,"minecraft:sunflower":3},"minecraft:custom":{"minecraft:interact_with_crafting_table":253,"minecraft:open_barrel":391,"minecraft:eat_cake_slice":17,"minecraft:leave_game":12,"minecraft:time_since_death":222804,"minecraft:damage_blocked_by_shield":85,"minecraft:play_time":2048620,"minecraft:deaths":121,"minecraft:jump":20103,"minecraft:enchant_item":16,"minecraft:interact_with_furnace":46,"minecraft:sleep_in_bed":2,"minecraft:waystone_activated":1,"minecraft:damage_dealt":45969,"minecraft:inspect_dispenser":2,"minecraft:interact_with_smithing_table":6,"minecraft:interact_with_anvil":7,"minecraft:inspect_hopper":21,"minecraft:sneak_time":48075,"minecraft:total_world_time":2048620,"minecraft:time_since_rest":223064,"minecraft:swim_one_cm":20256,"minecraft:fly_one_cm":4398211,"minecraft:open_chest":563,"minecraft:fall_one_cm":338844,"minecraft:fish_caught":3,"minecraft:animals_bred":4,"minecraft:open_shulker_box":39,"twilightforest:e115_slices_eaten":1,"minecraft:damage_resisted":17,"minecraft:sprint_one_cm":2719213,"minecraft:drop":2864,"minecraft:talked_to_villager":3,"minecraft:interact_with_brewingstand":13,"minecraft:walk_on_water_one_cm":149141,"minecraft:player_kills":161,"minecraft:crouch_one_cm":73128,"minecraft:mob_kills":269,"minecraft:climb_one_cm":228249,"minecraft:walk_one_cm":5375482,"minecraft:walk_under_water_one_cm":67130,"minecraft:boat_one_cm":1480,"minecraft:interact_with_grindstone":3,"minecraft:damage_taken":44259,"minecraft:damage_absorbed":80},"minecraft:used":{"minecraft:moss_block":229,"minecraft:beetroot":1,"pamhc2foodcore:carrotcupcakeitem":5,"minecraft:ladder":20,"minecraft:stone":1,"excompressum:compressed_hammer_stone":1495,"minecraft:rotten_flesh":2,"excompressum:compressed_flint":7,"twilightforest:experiment_115":1,"minecraft:soul_sand":9,"minecraft:cocoa_beans":50,"exnihilosequentia:birch_seeds":4,"minecraft:jungle_sapling":3,"minecraft:lava_bucket":69,"vanillahammers:obsidian_hammer":1395,"minecraft:orange_shulker_box":1,"pamhc2foodcore:saltitem":1,"farmersdelight:glow_berry_custard":2,"minecraft:bow":98,"create:shaft":16,"minecraft:sweet_berries":30,"minecraft:furnace":3,"minecraft:oak_sapling":39,"minecraft:egg":9,"nourished_end:cerulean_bulb":3,"nourished_end:stardust":1,"minecraft:potato":31,"excompressum:compressed_nether_gravel":1,"farmersdelight:beef_stew":1,"pamhc2foodcore:freshmilkitem":24,"minecraft:cactus":4,"minecraft:orange_tulip":2,"minecraft:wooden_pickaxe":192,"minecraft:cookie":14,"exnihilosequentia:oak_sieve":3,"minecraft:clay":22,"farmersdelight:pumpkin_slice":6,"minecraft:glow_berries":3,"elevatorid:elevator_white":2,"nourished_end:puff_bulb":1,"minecraft:golden_apple":2,"mob_grinding_utils:tinted_glass":13,"minecraft:sand":64,"minecraft:gray_concrete":7,"farmersdelight:rice":1,"pamhc2foodcore:caramelappleitem":1,"minecraft:pumpkin_seeds":9,"pamhc2foodcore:caramelitem":3,"chimes:iron_chimes":2,"farmersdelight:honey_cookie":6,"bhc:relic_apple":1,"pamhc2foodcore:cheeseitem":1,"pamhc2foodcore:freshwateritem":116,"minecraft:stone_button":12,"exnihilosequentia:large_fern_seeds":1,"create:adjustable_chain_gearshift":4,"farmersdelight:chocolate_pie":1,"minecraft:diamond_sword":158,"excompressum:cow_bait":6,"create:basin":8,"minecraft:oak_boat":1,"bonsaitrees3:bonsaipot":1,"minecraft:oak_trapdoor":46,"minecraft:iron_bars":1,"minecraft:enchanting_table":1,"minecraft:stone_sword":48,"exnihilosequentia:cactus_seeds":4,"farmingforblockheads:market":1,"nourished_end:ennegel_ring":1,"minecraft:netherrack":33,"exnihilosequentia:witch_water_bucket":5,"exnihilosequentia:potato_seeds":1,"minecraft:torch":94,"minecraft:stick":74,"minecraft:dragon_egg":1,"thermal:eggplant_seeds":5,"minecraft:brewing_stand":1,"storagenetwork:inventory_remote":1,"exnihilosequentia:grass_seeds":5,"mekanismtools:lapis_lazuli_sword":2,"minecraft:stone_stairs":1,"decorative_blocks:oak_support":3,"sophisticatedstorage:iron_barrel":1,"thermal:bell_pepper":2,"mysticalagriculture:infusion_pedestal":9,"minecraft:red_shulker_box":3,"farmersdelight:oak_cabinet":2,"rsgauges:industrial_lever":4,"thermal:chocolate_cake":1,"minecraft:flowering_azalea":5,"excompressum:compressed_cobblestone":122,"thermal:dynamo_stirling":30,"create:gearbox":1,"minecraft:rooted_dirt":2,"minecraft:jungle_log":15,"thermal:green_bean":9,"pamhc2foodcore:chocolatepuddingitem":7,"minecraft:bamboo":6,"nourished_end:verdant_grass":1,"thermal:barley_seeds":11,"minecraft:melon_seeds":3,"cobblefordays:tier_1":1,"exnihilosequentia:dark_oak_seeds":1,"create:encased_chain_drive":4,"mcwdoors:bamboo_western_door":1,"farmersdelight:cooking_pot":11,"chimes:bamboo_chimes":4,"comforts:sleeping_bag_white":3,"excompressum:compressed_gravel":16,"culinaryconstruct:sandwich":2,"create:wand_of_symmetry":8,"minecraft:wheat_seeds":37,"minecraft:water_bucket":247,"pamhc2foodcore:carrotbreaditem":2,"quark:cobblestone_bricks":2,"pamhc2foodcore:cocoapowderitem":1,"exnihilosequentia:jungle_seeds":1,"exnihilosequentia:fern_seeds":4,"exnihilosequentia:granite_pebble":1,"mekanismtools:stone_paxel":525,"cfm:oak_coffee_table":14,"avaritia:double_compressed_crafting_table":1,"storagenetwork:crafting_remote":1,"pamhc2foodcore:sweetberryjuiceitem":1,"create:blaze_burner":2,"minecraft:mossy_cobblestone":1,"minecraft:crafting_table":3,"mekanismtools:refined_obsidian_sword":8,"mekanismadditions:gray_plastic_glow":2,"minecraft:campfire":2,"minecraft:spruce_log":3,"minecraft:oak_log":62,"exnihilosequentia:oak_barrel":6,"cfm:white_sofa":4,"farmersdelight:pasta_with_meatballs":1,"exnihilosequentia:spruce_seeds":1,"thermal:cooked_eggplant":12,"minecraft:sunflower":3,"thermal:strawberry_seeds":6,"create:water_wheel":58,"quark:azalea_log":2,"thermal:machine_smelter":4,"mcwdoors:bamboo_japanese2_door":1,"supplementaries:rope":2,"minecraft:spruce_sapling":13,"minecraft:cobblestone":621,"minecraft:potion":7,"minecraft:dandelion":1,"quark:oak_chest":14,"minecraft:kelp":16,"minecraft:stripped_oak_log":9,"create:bar_of_chocolate":1,"minecraft:moss_carpet":15,"pamhc2foodcore:chocolatedonutitem":1,"engineersdecor:sign_danger":1,"engineersdecor:sign_exit":1,"pamhc2foodcore:fruitcrumbleitem":1,"minecraft:oak_sign":11,"farmersdelight:stove":3,"minecraft:shield":2,"minecraft:nether_wart":38,"minecraft:iron_sword":2,"mysticalagriculture:infusion_altar":5,"minecraft:spruce_leaves":6,"thermal:machine_bottler":4,"excompressum:compressed_sand":18,"exnihilosequentia:sea_water_bucket":6,"cookingforblockheads:spice_rack":5,"pamhc2foodcore:sweetberryyogurtitem":1,"farmersdelight:fish_stew":1,"exnihilosequentia:oak_crucible":5,"farmersdelight:cooked_cod_slice":1,"create:cogwheel":38,"pamhc2foodcore:gummybearsitem":1,"telepastries:end_cake":1,"minecraft:carrot":8,"thermal:cooked_corn":7,"minecraft:beehive":2,"mekanismtools:diamond_paxel":2449,"create:speedometer":1,"minecraft:milk_bucket":5,"minecraft:honey_bottle":2,"pamhc2foodcore:cookingoilitem":1,"thermal:sadiroot_seeds":9,"pamhc2foodcore:chocolatecupcakeitem":5,"rsgauges:sensitive_glass_block":12,"thermal:peanut_seeds":7,"minecraft:slime_spawn_egg":1,"farmersdelight:tomato_sauce":1,"createaddition:electric_motor":1,"farmersdelight:cutting_board":3,"minecraft:written_book":8,"minecraft:beetroot_seeds":15,"pamhc2foodcore:marshmellowchicksitem":1,"minecraft:dark_oak_sapling":6,"thermal:corn_seeds":26,"farmersdelight:netherite_knife":48,"create:crushing_wheel":8,"minecraft:stone_pickaxe":144,"minecraft:oak_planks":25,"minecraft:ender_pearl":24,"pamhc2foodcore:meatloafitem":1,"minecraft:redstone_block":1,"minecraft:sugar_cane":36,"pamhc2foodcore:marshmellowsitem":1,"furnacemk2:furnacemk2":1,"pamhc2foodcore:smoresitem":4,"thermal:hearty_stew":1,"quark:azalea_planks":19,"createaddition:seed_oil_bucket":3,"thermal:dynamo_compression":4,"minecraft:end_stone":53,"minecraft:shears":85,"cfm:oak_chair":6,"minecraft:redstone_torch":8,"cfm:oak_kitchen_counter":30,"farmersdelight:ratatouille":1,"thermal:device_tree_extractor":6,"minecraft:melon_slice":10,"minecraft:bread":8,"custommachinery:custom_machine_item":4,"quark:azalea_chest":1,"farmersdelight:cooked_chicken_cuts":4,"minecraft:string":1,"minecraft:gravel":54,"create:andesite_casing":3,"exnihilosequentia:dust":10,"snad:snad":3,"functionalstorage:oak_1":3,"exnihilosequentia:stone_hammer":1389,"thermal:onion_seeds":8,"minecraft:grindstone":1,"minecraft:andesite":1,"minecraft:oak_fence":9,"exnihilosequentia:silkworm":1,"minecraft:bone_meal":275,"minecraft:air":1,"create:large_cogwheel":11,"minecraft:azalea":11,"thermal:machine_crucible":3,"farmersdelight:diamond_knife":46,"avaritia:compressed_crafting_table":1,"excompressum:chicken_bait":8,"minecraft:redstone":22,"thermal:amaranth_seeds":23,"thermal:radish_seeds":5,"excompressum:oak_heavy_sieve":3,"minecraft:wooden_shovel":8,"minecraft:stone_hoe":90,"minecraft:cooked_chicken":1,"sophisticatedstorage:gold_chest":1,"minecraft:dirt":76,"create:mechanical_pump":5,"create:mechanical_mixer":7,"minecraft:white_carpet":10,"minecraft:hopper":23,"minecraft:diamond_helmet":1,"minecraft:granite":1,"pamhc2foodcore:chocolatecakeitem":1,"mysticalagradditions:inferium_apple":1,"pamhc2foodcore:donutitem":1,"exnihilosequentia:bamboo_seeds":2,"exnihilosequentia:andesite_pebble":1,"exnihilosequentia:wooden_crook":91,"farmersdelight:basket":1,"mekanismtools:netherite_paxel":1554,"exnihilosequentia:carrot_seeds":2,"pamhc2foodcore:carrotcakeitem":1,"pamhc2foodcore:yogurtitem":5,"sophisticatedstorage:gold_shulker_box":14,"thermal:eggplant":3,"minecraft:stone_pressure_plate":9,"minecraft:pumpkin":1,"farmersdelight:fried_egg":3,"exnihilosequentia:fired_crucible":1,"minecraft:iron_ore":5,"minecraft:cobblestone_stairs":2,"farmersdelight:skillet":141,"minecraft:glass_bottle":7,"nourished_end:star_fern":1,"minecraft:baked_potato":18,"create:train_door":1,"mekanismtools:osmium_axe":432,"minecraft:cobblestone_slab":69,"pamhc2foodcore:hotchocolateitem":1,"minecraft:painting":2,"farmersdelight:hot_cocoa":3,"exnihilosequentia:sugarcane_seeds":2,"minecraft:apple":5,"create:mechanical_press":13,"abstoneedition:uranium_sword":178,"farmersdelight:cake_slice":3,"pamhc2foodcore:bakedvegetablemedlyitem":5,"thermal:green_bean_seeds":4,"pamhc2foodcore:fruitsaladitem":26,"thermal:bell_pepper_seeds":4,"minecraft:stone_axe":93,"thermal:cheese_wedge":1,"thermal:pbj_sandwich":2,"excompressum:auto_hammer":1,"minecraft:fishing_rod":54,"minecraft:green_shulker_box":3,"exnihilosequentia:basalt_pebble":4,"mcwlights:classic_street_lamp":3,"thermal:tomato_seeds":6,"minecraft:bucket":413,"create:hand_crank":29,"farmersdelight:fruit_salad":1,"minecraft:splash_potion":1},"minecraft:crafted":{"excompressum:compressed_flint":7,"minecraft:chain":8,"excompressum:compressed_cobblestone":86,"pamhc2foodcore:donutitem":3,"mysticalagriculture:unattuned_augment":1,"patchouli:guide_book":2,"chimes:bamboo_chimes":1,"thermal:machine_frame":1,"storagenetwork:filter_kabel":4,"farmersdelight:basket":1,"aquaculture:fish_fillet_raw":2,"thermal:cheese_wedge":4,"cfm:white_sofa":4,"excompressum:compressed_gravel":5,"create:mechanical_press":1,"exnihilosequentia:netherite_mesh":1,"mysticalagriculture:watering_can":1,"pamhc2foodcore:grinderitem":1,"mekanismtools:lapis_lazuli_leggings":2,"cfm:oak_kitchen_counter":40,"snad:snad":1,"pamhc2foodcore:hotchocolateitem":8,"create:cogwheel":5,"supplementaries:flute":1,"minecraft:wooden_shovel":1,"minecraft:diamond_axe":2,"create:adjustable_chain_gearshift":1,"minecraft:campfire":2,"create:encased_chain_drive":2,"farmersdelight:wheat_dough":6,"pamhc2foodcore:skilletitem":1,"pamhc2foodcore:caramelappleitem":1,"quark:oak_chest":21,"minecraft:iron_block":1,"excompressum:oak_heavy_sieve":1,"create:large_cogwheel":4,"pamhc2foodcore:potitem":1,"minecraft:netherite_ingot":4,"mcwdoors:bamboo_western_door":1,"minecraft:stone_shovel":1,"minecraft:iron_nugget":9,"comforts:sleeping_bag_white":3,"exnihilosequentia:porcelain_clay":16,"excompressum:chicken_bait":2,"quark:azalea_chest":1,"mcwdoors:bamboo_japanese2_door":1,"minecraft:bone_meal":24,"minecraft:white_carpet":9,"thermal:rf_coil_storage_augment":3,"pamhc2foodcore:fruitcrumbleitem":1,"quark:azalea_planks_slab":6,"minecraft:terracotta":14,"thermal:chocolate_cake":1,"excompressum:compressed_nether_gravel":27,"minecraft:stone_pickaxe":2,"thermal:dynamo_compression":2,"minecraft:redstone_block":1,"thermal:jar":8,"minecraft:coal_block":1,"excompressum:compressed_hammer_stone":4,"mekanism:hazmat_mask":1,"pamhc2foodcore:chocolatedonutitem":3,"farmersdelight:cooking_pot":1,"sophisticatedbackpacks:gold_backpack":1,"minecraft:orange_dye":1,"mysticalagriculture:prosperity_gemstone":4,"pamhc2foodcore:freshwateritem":24,"minecraft:golden_apple":3,"minecraft:fermented_spider_eye":1,"thermal:device_tree_extractor":1,"create:shaft":24,"farmersdelight:diamond_knife":2,"storagenetwork:storage_kabel":4,"farmersdelight:oak_cabinet":2,"exnihilosequentia:string_mesh":2,"minecraft:brick":32,"buildersdelight:iron_chisel":1,"mekanismtools:diamond_paxel":2,"minecraft:oak_planks":800,"minecraft:cobblestone_slab":6,"thermal:peanut_butter":1,"farmersdelight:canvas":1,"minecraft:sand":18,"minecraft:stone":32,"minecraft:cake":2,"minecraft:hopper":9,"exnihilosequentia:blaze_doll":1,"minecraft:bow":3,"thermal:cheese_wheel":1,"farmersdelight:tomato_sauce":1,"minecraft:stone_hoe":1,"minecraft:oak_fence":6,"thermal:machine_crucible":1,"pamhc2foodcore:cuttingboarditem":1,"quark:azalea_planks":148,"farmersdelight:stove":1,"supplementaries:rope_arrow":4,"minecraft:oak_slab":36,"mekanismtools:netherite_paxel":1,"pamhc2foodcore:bakewareitem":1,"minecraft:crafting_table":25,"minecraft:spruce_planks":4,"minecraft:wooden_pickaxe":5,"create:zinc_nugget":144,"minecraft:red_wool":2,"thermal:jelly":1,"farmersdelight:skillet":1,"mekanismtools:stone_paxel":1,"exnihilosequentia:enderman_doll":8,"farmersdelight:cutting_board":1,"thermal:pbj_sandwich":2,"minecraft:book":1,"minecraft:paper":9,"create:water_wheel":3,"exnihilosequentia:stone_hammer":74,"minecraft:yellow_dye":1,"sophisticatedbackpacks:diamond_backpack":1,"minecraft:stick":156,"minecraft:iron_ingot":29,"mekanism:hazmat_gown":1,"minecraft:stone_sword":2,"pamhc2foodcore:juiceritem":1,"minecraft:iron_ore":69,"decorative_blocks:oak_support":9,"quark:rope":30,"furnacemk2:crystal_gem_item":1,"exnihilosequentia:oak_crucible":1,"excompressum:compressed_dust":1,"minecraft:fishing_rod":4,"cfm:oak_coffee_table":8,"farmersdelight:pasta_with_meatballs":2,"minecraft:furnace":2,"minecraft:stone_button":11,"mysticalagriculture:prosperity_ingot":16,"pamhc2foodcore:rolleritem":1,"farmersdelight:pie_crust":2,"morevanillalib:obsidian_shard":9,"minecraft:oak_trapdoor":4,"exnihilosequentia:oak_sieve":2,"mekanism:hazmat_boots":1,"exnihilosequentia:beehive_frame":1,"thermal:tomato_sauce":3,"pamhc2foodcore:mixingbowlitem":1,"avaritia:compressed_crafting_table":2,"pamhc2foodcore:yogurtitem":19,"create:basin":1,"cookingforblockheads:spice_rack":5,"pamhc2foodcore:chocolatepuddingitem":8,"exnihilosequentia:wooden_crook":1,"functionalstorage:oak_1":1,"minecraft:observer":2,"sophisticatedbackpacks:iron_backpack":1,"minecraft:sugar":24,"minecraft:red_dye":2,"create:andesite_alloy":6,"create:hand_crank":1,"minecraft:diamond_sword":2,"exnihilosequentia:oak_barrel":1,"minecraft:bowl":264,"chimes:iron_chimes":1,"minecraft:bucket":19,"minecraft:stone_axe":1,"minecraft:air":4184,"minecraft:blue_dye":1,"mekanism:hazmat_pants":1,"mysticalagriculture:inferium_gemstone_block":1,"minecraft:white_wool":13,"cfm:oak_chair":4,"farmersdelight:hot_cocoa":1,"thermal:dynamo_stirling":4}},"DataVersion":2975}