{"stats":{"minecraft:dropped":{"minecraft:oak_log":6,"minecraft:stick":2,"thermal:peanut_seeds":1,"exnihilosequentia:stone_hammer":1,"ftbquests:book":1,"quark:azalea_planks":7,"buildersdelight:iron_chisel":2,"minecraft:oak_sapling":1,"minecraft:wooden_pickaxe":1},"minecraft:crafted":{"buildersdelight:iron_chisel":1,"exnihilosequentia:oak_crucible":1,"minecraft:oak_planks":8,"excompressum:compressed_flint":7,"excompressum:compressed_cobblestone":86,"minecraft:furnace":1,"minecraft:stone_button":11,"quark:azalea_chest":1,"minecraft:stone":32,"exnihilosequentia:oak_sieve":2,"quark:azalea_planks_slab":6,"minecraft:stone_pickaxe":1,"snad:snad":1,"exnihilosequentia:wooden_crook":1,"quark:azalea_planks":144,"minecraft:oak_slab":12,"excompressum:compressed_hammer_stone":1,"minecraft:wooden_pickaxe":4,"minecraft:campfire":1,"minecraft:stone_axe":1,"minecraft:air":122,"exnihilosequentia:stone_hammer":14,"minecraft:stick":44,"quark:oak_chest":1,"minecraft:iron_ingot":5,"minecraft:stone_sword":1,"minecraft:iron_ore":21,"decorative_blocks:oak_support":3,"exnihilosequentia:string_mesh":2},"minecraft:killed":{"mekanismadditions:baby_skeleton":1,"minecraft:zombie":9},"minecraft:killed_by":{"minecraft:player":5,"mekanismadditions:baby_skeleton":1,"blue_skies:infested_swarmer":1},"minecraft:mined":{"minecraft:oak_sapling":1,"quark:azalea_log":53,"functionalstorage:oak_1":1,"exnihilosequentia:oak_sieve":1,"minecraft:grass_block":1,"snad:snad":2,"minecraft:moss_block":63,"minecraft:rooted_dirt":2,"minecraft:furnace":1,"mcwlights:classic_street_lamp":2,"minecraft:iron_ore":5,"mekanismadditions:gray_plastic":3,"exnihilosequentia:oak_barrel":1,"minecraft:vine":1,"minecraft:azalea":1,"minecraft:stone":1330,"minecraft:flowering_azalea":2,"decorative_blocks:oak_support":1,"minecraft:crafting_table":2,"rsgauges:sensitive_glass_block":2,"excompressum:compressed_cobblestone":114,"minecraft:tall_grass":3,"minecraft:cobblestone":74,"minecraft:oak_planks":1,"minecraft:air":17,"excompressum:chicken_bait":1,"minecraft:white_carpet":12,"minecraft:grass":7,"exnihilosequentia:oak_crucible":2,"minecraft:oak_log":37,"minecraft:dark_oak_sapling":2,"minecraft:sunflower":1,"minecraft:gravel":50,"minecraft:sand":4,"minecraft:dirt":2,"minecraft:oak_leaves":1,"exnihilosequentia:infested_leaves":75},"minecraft:custom":{"minecraft:mob_kills":10,"minecraft:interact_with_crafting_table":41,"minecraft:open_barrel":8,"minecraft:leave_game":2,"minecraft:time_since_death":71380,"minecraft:climb_one_cm":794,"minecraft:sprint_one_cm":93624,"minecraft:walk_one_cm":305550,"minecraft:drop":22,"minecraft:play_time":106320,"minecraft:deaths":20,"minecraft:sneak_time":3763,"minecraft:jump":624,"minecraft:total_world_time":106320,"minecraft:interact_with_furnace":11,"minecraft:time_since_rest":71423,"minecraft:damage_taken":2710,"minecraft:damage_absorbed":40,"minecraft:damage_dealt":2230,"minecraft:fly_one_cm":75059,"minecraft:player_kills":9,"minecraft:open_chest":29,"minecraft:crouch_one_cm":8140,"minecraft:fall_one_cm":38217,"minecraft:inspect_dispenser":2},"minecraft:broken":{"minecraft:wooden_pickaxe":3,"minecraft:stone_pickaxe":1,"exnihilosequentia:stone_hammer":3},"minecraft:picked_up":{"minecraft:cocoa_beans":2,"minecraft:crafting_table":2,"exnihilosequentia:oak_crucible":2,"minecraft:wooden_pickaxe":1,"pamhc2foodcore:cheeseitem":1,"exnihilosequentia:andesite_pebble":1,"quark:azalea_log":54,"exnihilosequentia:dark_oak_seeds":1,"create:bar_of_chocolate":2,"exnihilosequentia:flint_mesh":6,"minecraft:string":265,"minecraft:moss_carpet":4,"exnihilosequentia:dust":2,"minecraft:white_carpet":12,"mysticalagriculture:inferium_essence":2,"exnihilosequentia:oak_sieve":1,"excompressum:compressed_cobblestone":41,"excompressum:chicken_bait":1,"minecraft:written_book":5,"blue_skies:bug_guts":1,"minecraft:azalea":17,"minecraft:furnace":1,"minecraft:dark_oak_sapling":2,"exnihilosequentia:cactus_seeds":1,"minecraft:stick":20,"minecraft:raw_iron":5,"thermal:sadiroot_seeds":2,"exnihilosequentia:granite_pebble":1,"thermal:peanut_seeds":2,"minecraft:rotten_flesh":7,"mekanismadditions:gray_plastic":3,"minecraft:arrow":2,"minecraft:beetroot_seeds":1,"rsgauges:sensitive_glass_block":2,"minecraft:glow_berries":1,"minecraft:cobblestone":1230,"exnihilosequentia:blackstone_pebble":1,"exnihilosequentia:string_mesh":7,"minecraft:flint":152,"minecraft:oak_log":32,"exnihilosequentia:iron_pieces":86,"minecraft:dirt":3,"minecraft:bone":1,"minecraft:apple":2,"minecraft:orange_tulip":2,"minecraft:wheat_seeds":1,"decorative_blocks:oak_support":2,"ftbquests:book":1,"minecraft:iron_ingot":19,"thermal:tomato_seeds":1,"exnihilosequentia:grass_seeds":1,"minecraft:bamboo":1,"minecraft:moss_block":65,"minecraft:oak_planks":1,"minecraft:flowering_azalea":5,"mcwlights:classic_street_lamp":2,"minecraft:gravel":741,"minecraft:sand":42,"buildersdelight:iron_chisel":2,"exnihilosequentia:oak_barrel":1,"exnihilosequentia:silkworm":73,"minecraft:painting":2,"minecraft:bread":1,"minecraft:rooted_dirt":2,"minecraft:oak_sapling":17,"minecraft:coal":53,"minecraft:sunflower":1},"minecraft:used":{"minecraft:azalea":10,"minecraft:moss_block":58,"minecraft:stone_sword":39,"exnihilosequentia:cactus_seeds":1,"excompressum:chicken_bait":2,"excompressum:compressed_hammer_stone":80,"minecraft:rotten_flesh":2,"excompressum:compressed_flint":7,"minecraft:dirt":2,"exnihilosequentia:oak_crucible":3,"decorative_blocks:oak_support":1,"minecraft:flowering_azalea":3,"excompressum:compressed_cobblestone":113,"minecraft:rooted_dirt":2,"rsgauges:sensitive_glass_block":1,"exnihilosequentia:andesite_pebble":1,"exnihilosequentia:wooden_crook":74,"exnihilosequentia:dark_oak_seeds":1,"minecraft:written_book":7,"minecraft:furnace":2,"minecraft:oak_sapling":6,"minecraft:stone_pressure_plate":9,"minecraft:dark_oak_sapling":1,"minecraft:iron_ore":5,"quark:cobblestone_bricks":2,"minecraft:stone_pickaxe":131,"minecraft:oak_planks":2,"exnihilosequentia:granite_pebble":1,"minecraft:orange_tulip":2,"minecraft:wooden_pickaxe":177,"exnihilosequentia:oak_sieve":3,"minecraft:golden_apple":1,"minecraft:glow_berries":1,"minecraft:sand":4,"quark:azalea_planks":18,"minecraft:crafting_table":2,"minecraft:campfire":1,"minecraft:painting":2,"minecraft:oak_log":2,"minecraft:apple":2,"exnihilosequentia:oak_barrel":1,"pamhc2foodcore:cheeseitem":1,"minecraft:sunflower":1,"quark:azalea_chest":1,"minecraft:bread":1,"minecraft:stone_button":11,"quark:azalea_log":2,"minecraft:gravel":50,"exnihilosequentia:dust":2,"minecraft:stone_axe":58,"snad:snad":3,"minecraft:cobblestone":74,"exnihilosequentia:stone_hammer":1194,"mcwlights:classic_street_lamp":1,"quark:oak_chest":1,"exnihilosequentia:silkworm":1,"create:bar_of_chocolate":1}},"DataVersion":2975}