{"stats":{"minecraft:crafted":{"buildersdelight:iron_chisel":1,"exnihilosequentia:oak_crucible":1,"minecraft:oak_planks":104,"excompressum:compressed_flint":7,"excompressum:compressed_cobblestone":86,"minecraft:furnace":1,"minecraft:stone_button":11,"quark:azalea_chest":1,"minecraft:stone":32,"exnihilosequentia:oak_sieve":2,"quark:azalea_planks_slab":6,"minecraft:bow":1,"minecraft:stone_pickaxe":1,"snad:snad":1,"minecraft:stone_hoe":1,"supplementaries:flute":1,"exnihilosequentia:wooden_crook":1,"quark:azalea_planks":148,"supplementaries:rope_arrow":4,"minecraft:oak_slab":12,"excompressum:compressed_hammer_stone":4,"minecraft:wooden_pickaxe":4,"minecraft:bucket":1,"minecraft:campfire":1,"minecraft:stone_axe":1,"minecraft:air":194,"pamhc2foodcore:freshwateritem":8,"exnihilosequentia:stone_hammer":41,"minecraft:stick":92,"quark:oak_chest":1,"minecraft:iron_ingot":5,"excompressum:oak_heavy_sieve":1,"minecraft:stone_sword":1,"minecraft:iron_ore":21,"farmersdelight:diamond_knife":1,"decorative_blocks:oak_support":3,"quark:rope":30,"exnihilosequentia:string_mesh":2},"minecraft:dropped":{"minecraft:iron_ingot":15,"minecraft:oak_log":6,"minecraft:cobblestone":34,"minecraft:stick":10,"thermal:peanut_seeds":1,"exnihilosequentia:stone_hammer":1,"ftbquests:book":1,"quark:azalea_planks":7,"buildersdelight:iron_chisel":2,"minecraft:rotten_flesh":1,"pamhc2foodcore:freshwateritem":3,"minecraft:beetroot_seeds":3,"minecraft:azalea":3,"minecraft:oak_sapling":1,"minecraft:wooden_pickaxe":1,"supplementaries:flute":2},"minecraft:killed":{"minecraft:skeleton":4,"mekanismadditions:baby_skeleton":1,"minecraft:zombie":12,"minecraft:enderman":2},"minecraft:killed_by":{"minecraft:player":13,"minecraft:enderman":2,"mekanismadditions:baby_skeleton":1,"minecraft:skeleton":3,"minecraft:zombie":1,"blue_skies:infested_swarmer":1},"minecraft:mined":{"minecraft:oak_sapling":1,"quark:azalea_log":61,"functionalstorage:oak_1":1,"exnihilosequentia:oak_sieve":1,"minecraft:grass_block":1,"snad:snad":2,"minecraft:moss_block":74,"minecraft:rooted_dirt":2,"supplementaries:rope":3,"minecraft:furnace":1,"mcwlights:classic_street_lamp":2,"minecraft:iron_ore":5,"mekanismadditions:gray_plastic":3,"minecraft:flowering_azalea_leaves":1,"exnihilosequentia:oak_barrel":1,"minecraft:vine":1,"minecraft:azalea_leaves":1,"minecraft:bamboo":2,"minecraft:azalea":1,"minecraft:stone":1638,"mob_grinding_utils:tinted_glass":2,"minecraft:flowering_azalea":2,"decorative_blocks:oak_support":1,"exnihilosequentia:dust":1,"minecraft:crafting_table":3,"rsgauges:sensitive_glass_block":2,"excompressum:compressed_cobblestone":114,"excompressum:compressed_gravel":1,"minecraft:tall_grass":6,"minecraft:cobblestone":144,"excompressum:oak_heavy_sieve":1,"minecraft:oak_planks":1,"minecraft:air":29,"excompressum:chicken_bait":2,"minecraft:white_carpet":12,"minecraft:grass":10,"exnihilosequentia:oak_crucible":4,"minecraft:oak_log":41,"minecraft:dark_oak_sapling":2,"minecraft:sunflower":1,"minecraft:gravel":62,"minecraft:sand":4,"minecraft:dirt":5,"engineersdecor:sign_danger":1,"minecraft:oak_leaves":1,"exnihilosequentia:infested_leaves":75},"minecraft:custom":{"minecraft:mob_kills":21,"minecraft:interact_with_crafting_table":55,"minecraft:open_barrel":8,"minecraft:leave_game":2,"minecraft:time_since_death":2866,"minecraft:climb_one_cm":10194,"minecraft:sprint_one_cm":199523,"minecraft:walk_one_cm":519966,"minecraft:drop":49,"minecraft:play_time":166320,"minecraft:deaths":35,"minecraft:sneak_time":5837,"minecraft:jump":1397,"minecraft:walk_on_water_one_cm":763,"minecraft:total_world_time":166320,"minecraft:interact_with_furnace":11,"minecraft:time_since_rest":2894,"minecraft:damage_taken":5464,"minecraft:damage_absorbed":40,"minecraft:damage_dealt":5978,"minecraft:fly_one_cm":182433,"minecraft:player_kills":26,"minecraft:open_chest":60,"minecraft:crouch_one_cm":11724,"minecraft:fall_one_cm":59654,"minecraft:inspect_dispenser":2},"minecraft:broken":{"minecraft:wooden_pickaxe":3,"minecraft:stone_pickaxe":1,"exnihilosequentia:stone_hammer":3,"excompressum:compressed_hammer_stone":4},"minecraft:picked_up":{"minecraft:cocoa_beans":2,"minecraft:crafting_table":3,"exnihilosequentia:oak_crucible":4,"minecraft:wooden_pickaxe":1,"pamhc2foodcore:cheeseitem":1,"exnihilosequentia:andesite_pebble":5,"quark:azalea_log":62,"exnihilosequentia:dark_oak_seeds":1,"create:bar_of_chocolate":2,"minecraft:cornflower":1,"exnihilosequentia:flint_mesh":6,"minecraft:stone_stairs":1,"minecraft:string":265,"minecraft:moss_carpet":11,"exnihilosequentia:dust":3,"thermal:barley_seeds":1,"minecraft:white_carpet":12,"mysticalagriculture:inferium_essence":3,"exnihilosequentia:oak_sieve":1,"excompressum:compressed_cobblestone":41,"excompressum:chicken_bait":1,"minecraft:written_book":5,"blue_skies:bug_guts":1,"minecraft:azalea":21,"minecraft:poppy":1,"supplementaries:rope":18,"minecraft:furnace":1,"minecraft:dark_oak_sapling":2,"exnihilosequentia:cactus_seeds":2,"minecraft:stick":28,"minecraft:raw_iron":5,"exnihilosequentia:large_fern_seeds":1,"thermal:sadiroot_seeds":2,"minecraft:torch":2,"minecraft:stone_button":1,"exnihilosequentia:diorite_pebble":5,"exnihilosequentia:granite_pebble":8,"exnihilosequentia:bamboo_seeds":2,"thermal:peanut_seeds":2,"minecraft:rotten_flesh":9,"mekanismadditions:gray_plastic":3,"minecraft:arrow":10,"exnihilosequentia:carrot_seeds":2,"minecraft:beetroot_seeds":7,"excompressum:oak_heavy_sieve":1,"thermal:radish_seeds":1,"rsgauges:sensitive_glass_block":2,"minecraft:glow_berries":1,"exnihilosequentia:basalt_pebble":4,"minecraft:cobblestone":1677,"exnihilosequentia:fern_seeds":1,"exnihilosequentia:blackstone_pebble":4,"engineersdecor:sign_danger":1,"exnihilosequentia:string_mesh":7,"minecraft:flint":156,"minecraft:oak_log":36,"supplementaries:flute":2,"exnihilosequentia:iron_pieces":88,"minecraft:dirt":6,"minecraft:bone":6,"minecraft:apple":2,"minecraft:orange_tulip":2,"minecraft:wheat_seeds":7,"decorative_blocks:oak_support":2,"ftbquests:book":1,"minecraft:iron_ingot":25,"thermal:tomato_seeds":1,"exnihilosequentia:grass_seeds":3,"minecraft:bamboo":4,"minecraft:moss_block":88,"exnihilosequentia:oak_seeds":1,"minecraft:oak_planks":1,"minecraft:flowering_azalea":8,"mcwlights:classic_street_lamp":2,"exnihilosequentia:iron_mesh":2,"thermal:strawberry_seeds":1,"minecraft:gravel":839,"minecraft:sand":42,"buildersdelight:iron_chisel":2,"minecraft:mossy_cobblestone":1,"thermal:onion_seeds":1,"exnihilosequentia:oak_barrel":1,"exnihilosequentia:silkworm":73,"minecraft:pumpkin_seeds":3,"minecraft:diamond":1,"minecraft:painting":2,"mob_grinding_utils:tinted_glass":2,"minecraft:bread":1,"minecraft:ender_pearl":1,"minecraft:rooted_dirt":2,"minecraft:oak_sapling":17,"minecraft:melon_seeds":4,"minecraft:coal":55,"minecraft:sunflower":1},"minecraft:used":{"minecraft:azalea":11,"minecraft:moss_block":77,"engineersdecor:sign_danger":1,"farmersdelight:diamond_knife":1,"minecraft:stone_sword":39,"exnihilosequentia:cactus_seeds":1,"excompressum:chicken_bait":2,"minecraft:stone_hoe":2,"excompressum:oak_heavy_sieve":1,"excompressum:compressed_hammer_stone":480,"minecraft:rotten_flesh":2,"excompressum:compressed_flint":7,"minecraft:dirt":6,"exnihilosequentia:oak_crucible":5,"minecraft:stone_stairs":1,"decorative_blocks:oak_support":1,"minecraft:granite":1,"minecraft:flowering_azalea":3,"excompressum:compressed_cobblestone":113,"minecraft:rooted_dirt":2,"exnihilosequentia:bamboo_seeds":2,"rsgauges:sensitive_glass_block":1,"minecraft:bamboo":1,"exnihilosequentia:andesite_pebble":1,"exnihilosequentia:wooden_crook":90,"exnihilosequentia:dark_oak_seeds":1,"minecraft:bow":8,"minecraft:written_book":7,"minecraft:furnace":2,"minecraft:oak_sapling":6,"minecraft:stone_pressure_plate":9,"minecraft:dark_oak_sapling":2,"minecraft:water_bucket":19,"minecraft:iron_ore":5,"quark:cobblestone_bricks":2,"minecraft:stone_pickaxe":131,"minecraft:oak_planks":2,"exnihilosequentia:granite_pebble":1,"minecraft:orange_tulip":2,"minecraft:ender_pearl":1,"minecraft:wooden_pickaxe":177,"exnihilosequentia:oak_sieve":3,"minecraft:golden_apple":1,"minecraft:glow_berries":1,"mob_grinding_utils:tinted_glass":1,"minecraft:sand":4,"quark:azalea_planks":18,"minecraft:crafting_table":2,"minecraft:campfire":1,"minecraft:painting":2,"minecraft:oak_log":6,"minecraft:apple":5,"exnihilosequentia:oak_barrel":1,"pamhc2foodcore:cheeseitem":1,"minecraft:sunflower":1,"quark:azalea_chest":1,"pamhc2foodcore:freshwateritem":3,"minecraft:bread":1,"minecraft:stone_button":11,"quark:azalea_log":2,"supplementaries:rope":2,"minecraft:gravel":51,"exnihilosequentia:dust":3,"minecraft:stone_axe":87,"snad:snad":3,"minecraft:cobblestone":206,"exnihilosequentia:stone_hammer":1194,"exnihilosequentia:basalt_pebble":4,"mcwlights:classic_street_lamp":2,"minecraft:bucket":21,"quark:oak_chest":1,"exnihilosequentia:silkworm":1,"create:bar_of_chocolate":1,"minecraft:bone_meal":9}},"DataVersion":2975}