{"stats":{"minecraft:broken":{"mekanismtools:lapis_lazuli_helmet":1,"exnihilosequentia:stone_hammer":3,"minecraft:fishing_rod":2,"minecraft:wooden_pickaxe":3,"minecraft:stone_pickaxe":1,"mekanismtools:osmium_helmet":1,"mekanismtools:stone_paxel":2,"minecraft:bow":1,"mekanismtools:lapis_lazuli_boots":1,"excompressum:compressed_hammer_stone":7},"minecraft:dropped":{"minecraft:iron_sword":2,"thermal:cooked_corn":13,"farmersdelight:honey_cookie":2,"exnihilosequentia:granite_pebble":3,"minecraft:lapis_lazuli":13,"thermal:peanut":1,"minecraft:diamond":66,"minecraft:crafting_table":9,"minecraft:emerald":22,"minecraft:gray_concrete":7,"create:mechanical_arm":1,"thermal:rf_coil":1,"pamhc2foodcore:saltitem":2,"minecraft:netherite_boots":1,"excompressum:auto_hammer":1,"minecraft:sand":2,"minecraft:fishing_rod":1,"minecraft:white_wool":22,"mekanismtools:refined_obsidian_sword":3,"pamhc2foodcore:hotchocolateitem":6,"exnihilosequentia:aluminum_ingot":113,"minecraft:wheat":1,"minecraft:obsidian":61,"exnihilosequentia:copper_pieces":35,"minecraft:rotten_flesh":12,"thermal:corn":6,"minecraft:oak_planks":104,"minecraft:glowstone_dust":2,"create:potato_cannon":1,"exnihilosequentia:potato_seeds":1,"pamhc2foodcore:chocolatecupcakeitem":11,"thermal:eggplant_seeds":1,"create:adjustable_chain_gearshift":1,"pamhc2foodcore:freshmilkitem":9,"create:wand_of_symmetry":1,"thermal:jar":2,"exnihilosequentia:wooden_crook":1,"thermal:amaranth":44,"mekanismtools:lapis_lazuli_boots":1,"create:basin":1,"minecraft:orange_shulker_box":1,"exnihilosequentia:sweet_berry_seeds":1,"minecraft:wheat_seeds":13,"mekanism:hazmat_mask":1,"minecraft:netherite_chestplate":1,"mekanismtools:lapis_lazuli_chestplate":4,"abstoneedition:uranium_sword":1,"mob_grinding_utils:xp_tap":1,"minecraft:golden_apple":4,"minecraft:lava_bucket":1,"exnihilosequentia:aluminum_pieces":17,"minecraft:potion":2,"minecraft:smooth_stone":11,"mysticalagradditions:inferium_paxel":1,"quark:azalea_planks":7,"thermal:silver_ingot":2,"thermal:amaranth_seeds":185,"minecraft:stone_shovel":1,"minecraft:white_carpet":10,"farmersdelight:beef_stew":1,"exnihilosequentia:porcelain_clay":64,"thermal:pbj_sandwich":3,"minecraft:diamond_sword":5,"thermal:tomato_seeds":3,"create:hand_crank":1,"minecraft:bow":2,"farmersdelight:diamond_knife":1,"create:belt_connector":13,"storagenetwork:inventory_remote":2,"minecraft:oak_log":16,"undergarden:utheric_shard":2,"minecraft:ender_pearl":11,"bhc:relic_apple":1,"exnihilosequentia:jungle_seeds":1,"minecraft:green_shulker_box":1,"pamhc2foodcore:chocolatepuddingitem":2,"exnihilosequentia:spruce_seeds":1,"excompressum:sheep_bait":1,"mekanismtools:lapis_lazuli_leggings":4,"solcarrot:food_book":2,"exnihilosequentia:stone_hammer":4,"thermal:green_bean_seeds":3,"farmersdelight:sweet_berry_cheesecake":1,"minecraft:gold_ingot":28,"pamhc2foodcore:chocolatebaritem":12,"buildersdelight:iron_chisel":2,"undergarden:smogstem_log":25,"farmersdelight:hot_cocoa":1,"minecraft:beetroot":1,"mekanismtools:lapis_lazuli_helmet":2,"sophisticatedbackpacks:diamond_backpack":2,"thermal:tin_ingot":1,"exnihilomekanism:osmium_pieces":1,"thermal:cinnabar":2,"minecraft:beetroot_seeds":8,"minecraft:iron_ore":48,"create:water_wheel":3,"farmersdelight:ratatouille":3,"mysticalagradditions:inferium_apple":1,"create:andesite_alloy":100,"minecraft:stone_hoe":3,"minecraft:bread":3,"mekanism:hazmat_gown":1,"storagenetwork:crafting_remote":3,"exnihilosequentia:iron_pieces":22,"create:zinc_nugget":3,"thermal:bell_pepper":2,"exnihilosequentia:andesite_pebble":3,"minecraft:milk_bucket":2,"create:extendo_grip":5,"exnihilosequentia:dust":64,"pamhc2foodcore:cookingoilitem":1,"thermal:green_bean":1,"minecraft:cactus":3,"excompressum:cow_bait":1,"minecraft:redstone_block":14,"pamhc2foodcore:marshmellowsitem":14,"minecraft:sweet_berries":2,"furnacemk2:crystal_gem_item":3,"excompressum:chicken_bait":2,"minecraft:stripped_oak_log":1,"pamhc2foodcore:freshwateritem":28,"mekanism:hazmat_boots":1,"mysticalagriculture:inferium_helmet":1,"minecraft:netherite_leggings":1,"thermal:sadiroot_seeds":3,"farmersdelight:fried_egg":1,"minecraft:andesite":56,"exnihilosequentia:lead_pieces":29,"minecraft:oak_sapling":16,"minecraft:wooden_pickaxe":1,"excompressum:compressed_gravel":143,"farmersdelight:cake_slice":4,"minecraft:cookie":18,"create:cogwheel":19,"mob_grinding_utils:rotten_egg":1,"create:large_water_wheel":1,"minecraft:red_shulker_box":1,"aquaculture:fish_fillet_raw":2,"avaritia:double_compressed_crafting_table":1,"supplementaries:rope":4,"mysticalagriculture:absorption_i_augment":2,"minecraft:stone_button":2,"minecraft:jungle_sapling":1,"minecraft:bone_meal":10,"thermal:invar_ingot":4,"create:goggles":2,"thermal:peanut_seeds":1,"minecraft:sugar":2,"pamhc2foodcore:carrotcakeitem":2,"minecraft:bone":4,"pamhc2foodcore:fruitsaladitem":21,"mysticalagriculture:inferium_chestplate":1,"minecraft:sugar_cane":14,"mysticalagriculture:infusion_pedestal":1,"exnihilosequentia:nickel_pieces":7,"pamhc2foodcore:caramelitem":2,"minecraft:enchanted_golden_apple":1,"mekanism:hazmat_pants":1,"minecraft:charcoal":182,"create:track_station":1,"exnihilosequentia:carrot_seeds":1,"exnihilosequentia:acacia_seeds":1,"pamhc2foodcore:carrotcupcakeitem":7,"minecraft:iron_ingot":73,"kubejs:stone_casing":8,"create:polished_rose_quartz":1,"farmersdelight:skillet":3,"mekanism:dust_obsidian":4,"minecraft:netherite_helmet":1,"minecraft:oak_fence":6,"minecraft:cobblestone":1032,"minecraft:apple":3,"vanillahammers:obsidian_hammer":3,"pamhc2foodcore:gummybearsitem":1,"mekanismtools:stone_paxel":4,"minecraft:coal":9,"minecraft:end_rod":5,"create:andesite_casing":37,"exnihilosequentia:red_coral_larvae":7,"farmersdelight:cooked_cod_slice":1,"minecraft:dried_kelp":44,"exnihilosequentia:raw_silver":4,"minecraft:paper":134,"create:sand_paper":1,"minecraft:moss_carpet":8,"culinaryconstruct:culinary_station":2,"minecraft:stone_sword":5,"mob_grinding_utils:tinted_glass":1,"minecraft:bowl":3,"exnihilosequentia:pickle_seeds":1,"thermal:strawberry":2,"exnihilosequentia:gold_pieces":30,"minecraft:pumpkin_seeds":4,"kubejs:wood_plate":1,"minecraft:potato":1,"exnihilosequentia:grass_seeds":9,"minecraft:stone":128,"kubejs:stone_coin":4,"create:brass_casing":1,"nourished_end:seldge_bush":1,"supplementaries:flute":6,"cfm:oak_kitchen_counter":16,"exnihilosequentia:mycelium_spores":1,"exnihilosequentia:uranium_pieces":18,"pamhc2foodcore:mixingbowlitem":1,"minecraft:baked_potato":15,"exnihilosequentia:diorite_pebble":6,"thermal:cheese_wedge":2,"createaddition:biomass":17,"pamhc2foodcore:smoresitem":7,"minecraft:flint":1026,"minecraft:zombie_villager_spawn_egg":1,"minecraft:cornflower":5,"exnihilosequentia:raw_tin":1,"pamhc2foodcore:chocolatecakeitem":2,"pamhc2foodcore:yogurtitem":9,"create:large_cogwheel":5,"ftbquests:book":1,"create:crushing_wheel":3,"exnihilosequentia:oak_barrel":1,"minecraft:gravel":707,"thermal:machine_frame":1,"exnihilosequentia:cactus_seeds":1,"chimes:bamboo_chimes":1,"exnihilosequentia:zinc_pieces":14,"ae2:fluix_dust":1,"minecraft:stone_stairs":4,"minecraft:carrot":1,"ae2:sky_dust":2,"pamhc2foodcore:chocolatedonutitem":2,"minecraft:gunpowder":1,"excompressum:compressed_nether_gravel":27,"pamhc2foodcore:fruitcrumbleitem":1,"minecraft:melon_seeds":6,"minecraft:azalea":3,"comforts:sleeping_bag_white":2,"minecraft:arrow":10,"thermal:cooked_eggplant":1,"farmersdelight:fish_stew":1,"mekanismtools:lapis_lazuli_sword":1,"exnihilosequentia:basalt_pebble":3,"minecraft:water_bucket":2,"create:unprocessed_obsidian_sheet":25,"minecraft:mossy_cobblestone":4,"minecraft:poisonous_potato":1,"exnihilosequentia:birch_seeds":1,"exnihilosequentia:kelp_seeds":18,"minecraft:copper_ingot":9,"minecraft:stick":26,"minecraft:torch":321,"create:sturdy_sheet":38,"minecraft:slime_spawn_egg":1,"minecraft:bucket":7,"minecraft:dandelion":6,"minecraft:redstone":133,"farmersdelight:pasta_with_meatballs":1,"minecraft:brown_dye":1,"create:shaft":14,"create:encased_chain_drive":1,"thermal:hearty_stew":3,"pamhc2foodcore:donutitem":2,"pamhc2foodcore:bakedvegetablemedlyitem":7,"minecraft:ender_eye":8,"thermal:iron_plate":2,"thermal:eggplant":1,"minecraft:cake":5,"exnihilosequentia:silver_pieces":6,"minecraft:stone_pickaxe":8,"pamhc2foodcore:carrotbreaditem":2,"bhc:red_heart":1,"thermal:niter":1},"minecraft:killed_by":{"minecraft:zombie":1,"mekanismadditions:baby_skeleton":1,"minecraft:skeleton":3,"blue_skies:infested_swarmer":1,"minecraft:ender_dragon":2,"minecraft:creeper":2,"minecraft:player":81,"minecraft:enderman":2},"minecraft:mined":{"thermal:dynamo_compression":4,"minecraft:red_shulker_box":3,"quark:azalea_log":61,"mysticalagradditions:end_prosperity_ore":132,"nourished_end:tube_sprouts":1,"snad:snad":2,"minecraft:oak_wall_sign":2,"minecraft:nether_wart":29,"mcwlights:classic_street_lamp":3,"pipez:fluid_pipe":1,"thermal:corn":5,"thermal:amaranth":12,"farmersdelight:rice_panicles":1,"nourished_end:cerulean_bulb":3,"cfm:oak_kitchen_counter":6,"create:mechanical_press":13,"culinaryconstruct:culinary_station":1,"create:cogwheel":28,"engineersdecor:metal_sliding_door":1,"minecraft:kelp_plant":64,"undergarden:depthrock_coal_ore":15,"minecraft:torch":77,"rsgauges:sensitive_glass_block":13,"minecraft:melon":10,"excompressum:compressed_cobblestone":731,"excompressum:oak_heavy_sieve":3,"minecraft:sugar_cane":255,"minecraft:birch_sapling":4,"create:basin":7,"nourished_end:seldge_bush":1,"createaddition:electric_motor":1,"mcwdoors:bamboo_western_door":1,"minecraft:grass":74,"minecraft:dark_oak_sapling":7,"thermal:barley":8,"minecraft:attached_pumpkin_stem":1,"undergarden:smogstem_log":25,"minecraft:mossy_cobblestone":3,"minecraft:end_stone":587,"thermal:machine_smelter":4,"nourished_end:cobalt_void_shale":1,"minecraft:redstone_wire":22,"undergarden:depthrock_pebbles":1,"supplementaries:rope":6,"excompressum:auto_hammer":1,"create:shaft":16,"minecraft:andesite":3,"excompressum:compressed_netherrack":113,"nourished_end:star_eylium":3,"minecraft:cobblestone_slab":6,"minecraft:vine":26,"undergarden:depthrock":13,"farmingforblockheads:market":1,"nourished_end:verdant_grass":1,"rsgauges:industrial_lever":4,"quark:oak_chest":2,"minecraft:dandelion":3,"minecraft:cornflower":2,"create:fluid_pipe":1,"create:mechanical_pump":6,"minecraft:tall_grass":49,"nourished_end:crusting_malachite":2,"thermal:green_bean":1,"furnacemk2:furnacemk2":1,"custommachinery:custom_machine_block":3,"thermal:radish":1,"thermal:dynamo_stirling":27,"minecraft:sunflower":3,"minecraft:gravel":82,"thermal:machine_bottler":4,"minecraft:fern":4,"minecraft:oak_sapling":9,"nourished_end:verdant_stalk":1,"nourished_end:end_rubble":6,"cobblefordays:tier_1":1,"farmersdelight:rice":1,"nourished_end:ennegel":1,"exnihilosequentia:oak_barrel":6,"supplementaries:stick":74,"minecraft:flowering_azalea_leaves":1,"minecraft:iron_bars":10,"minecraft:azalea":5,"rftoolsbase:dimensionalshard_end":44,"thermal:machine_crucible":2,"excompressum:compressed_sand":79,"mysticalagriculture:infusion_altar":4,"mob_grinding_utils:fan":2,"create:adjustable_chain_gearshift":4,"nourished_end:verdant_eylium":13,"quark:cobblestone_bricks":34,"thermal:sadiroot":7,"create:brass_casing":1,"minecraft:oak_planks":9,"chimes:iron_chimes":1,"minecraft:wall_torch":80,"create:large_water_wheel":1,"minecraft:stone_stairs":1,"minecraft:blue_ice":1,"excompressum:chicken_bait":6,"minecraft:oak_log":217,"minecraft:beetroots":11,"undergarden:indigo_mushroom":1,"nourished_end:seldge_fan_plant_empty":1,"minecraft:dirt":14,"nourished_end:stardust":4,"exnihilosequentia:infested_leaves":75,"minecraft:ladder":43,"minecraft:lever":1,"minecraft:stone_button":1,"nourished_end:acidshroom":1,"create:depot":1,"minecraft:spruce_leaves":35,"thermal:strawberry":3,"mekanismadditions:gray_plastic":3,"thermal:device_tree_extractor":6,"undergarden:shimmerweed":4,"minecraft:stripped_oak_log":10,"nourished_end:star_fern":1,"minecraft:oak_fence":9,"nourished_end:puff_bulb":1,"minecraft:cocoa":45,"nourished_end:bismuth_ore":11,"create:mechanical_crafter":21,"nourished_end:cosmic_log":125,"undergarden:indigo_mushroom_cap":45,"engineersdecor:sign_danger":1,"create:andesite_casing":21,"minecraft:obsidian":66,"exnihilosequentia:oak_sieve":1,"minecraft:jungle_log":20,"minecraft:hopper":2,"minecraft:pumpkin":10,"minecraft:moss_carpet":15,"minecraft:cave_vines":3,"thermal:eggplant":2,"chimes:bamboo_chimes":5,"undergarden:droopvine_plant":1,"mysticalagradditions:end_inferium_ore":19,"create:train_door":1,"avaritia:double_compressed_crafting_table":1,"minecraft:wheat":15,"create:mechanical_mixer":5,"minecraft:pumpkin_stem":6,"mekanismadditions:gray_plastic_glow":3,"create:hand_crank":17,"nourished_end:abyssal_eylium":1,"excompressum:compressed_nether_gravel":1,"functionalstorage:oak_1":4,"minecraft:orange_shulker_box":1,"nourished_end:seldge_fan_plant":3,"undergarden:ink_mushroom":4,"minecraft:moss_block":240,"minecraft:kelp":8,"engineersdecor:sign_exit":1,"minecraft:jungle_sapling":2,"thermal:onion":1,"nourished_end:chorus_bulb":8,"minecraft:potatoes":1,"minecraft:bamboo":8,"nourished_end:cerulean_stem_thick":2,"minecraft:gray_concrete":14,"undergarden:blood_mushroom":2,"create:water_wheel":36,"cookingforblockheads:cutting_board":2,"excompressum:cow_bait":5,"create:blaze_burner":2,"farmersdelight:skillet":12,"sophisticatedstorage:gold_shulker_box":36,"minecraft:white_carpet":13,"minecraft:spruce_log":82,"create:crushing_wheel":4,"cfm:oak_coffee_table":8,"minecraft:cobblestone_stairs":14,"minecraft:cave_vines_plant":2,"nourished_end:malachite_ore":45,"minecraft:grass_block":1,"nourished_end:nullstone":4,"nourished_end:seldge_stem":14,"comforts:sleeping_bag_white":3,"minecraft:iron_ore":5,"thermal:tomato":2,"minecraft:azalea_leaves":1,"mob_grinding_utils:tinted_glass":14,"decorative_blocks:oak_support":3,"minecraft:clay":37,"minecraft:poppy":1,"thermal:peanut":4,"minecraft:cobblestone":320,"minecraft:grindstone":1,"undergarden:gloomgourd":2,"farmersdelight:cutting_board":1,"exnihilosequentia:oak_crucible":4,"minecraft:sand":19,"create:encased_chain_drive":4,"minecraft:netherrack":1793,"minecraft:oak_leaves":57,"undergarden:ditchbulb_plant":3,"create:large_cogwheel":10,"nourished_end:stardust_block":80,"minecraft:rooted_dirt":2,"minecraft:large_fern":2,"minecraft:oak_trapdoor":4,"minecraft:spruce_sapling":21,"minecraft:furnace":1,"minecraft:carrots":4,"sophisticatedstorage:iron_barrel":1,"minecraft:chorus_plant":1,"minecraft:stone":8090,"undergarden:indigo_mushroom_stalk":6,"minecraft:redstone_wall_torch":1,"farmersdelight:cooking_pot":10,"minecraft:podzol":1,"quark:myalite":44,"undergarden:depthrock_cloggrum_ore":1,"minecraft:flowering_azalea":4,"exnihilosequentia:dust":6,"minecraft:crafting_table":5,"minecraft:sculk_sensor":1,"excompressum:compressed_gravel":146,"minecraft:air":1274,"minecraft:cactus":11,"cfm:oak_chair":4,"minecraft:green_shulker_box":3,"minecraft:redstone_torch":17,"minecraft:sweet_berry_bush":21,"minecraft:end_rod":5,"farmersdelight:stove":2,"undergarden:underbean_bush":1,"undergarden:shiverstone":9},"minecraft:killed":{"undergarden:scintling":2,"undergarden:stoneborn":2,"minecraft:zombie":72,"minecraft:witch":2,"minecraft:spider":9,"mekanismadditions:baby_enderman":3,"mekanismadditions:baby_creeper":11,"minecraft:slime":17,"undergarden:rotwalker":2,"nourished_end:giant_isopod":1,"nourished_end:flarebug":2,"minecraft:skeleton":56,"minecraft:chicken":4,"minecraft:cow":1,"mekanismadditions:baby_skeleton":26,"nourished_end:ringling":2,"minecraft:enderman":19,"minecraft:creeper":32,"minecraft:blaze":1,"undergarden:rotling":1,"nourished_end:radjelly":6},"minecraft:picked_up":{"exnihilosequentia:oak_crucible":4,"farmersdelight:rice_panicle":1,"exnihilosequentia:dark_oak_seeds":4,"nourished_end:nullstone":4,"exnihilosequentia:flint_mesh":7,"minecraft:string":274,"thermal:tin_ingot":6,"exnihilosequentia:oak_sieve":1,"minecraft:horn_coral_block":3,"thermal:eggplant":25,"thermal:peanut_butter":1,"nourished_end:cosmic_log":125,"mysticalagriculture:infusion_altar":5,"thermal:copper_gear":4,"thermal:sadiroot_seeds":52,"create:andesite_casing":21,"mysticalagriculture:prosperity_shard":549,"undergarden:depthrock_pebble":10,"pamhc2foodcore:cuttingboarditem":2,"farmersdelight:chicken_cuts":6,"mob_grinding_utils:rotten_egg":1,"thermal:apatite":30,"createaddition:gold_rod":15,"minecraft:stone_sword":2,"excompressum:compressed_sand":2,"minecraft:end_rod":5,"minecraft:blaze_rod":1,"minecraft:iron_bars":9,"minecraft:feather":5,"farmersdelight:rice":1,"minecraft:water_bucket":2,"minecraft:flint":1271,"pamhc2foodcore:juiceritem":1,"exnihilosequentia:gold_pieces":1348,"create:goggles":1,"exnihilosequentia:iron_mesh":2,"thermal:gold_plate":2,"undergarden:smogstem_sapling":2,"create:netherite_backtank":1,"thermal:dynamo_stirling":27,"exnihilosequentia:pickle_seeds":2,"minecraft:lever":2,"minecraft:granite":2,"minecraft:rooted_dirt":2,"undergarden:utheric_shard":5,"pamhc2foodcore:potitem":1,"minecraft:clay_ball":120,"exnihilosequentia:spruce_seeds":6,"minecraft:cornflower":4,"minecraft:white_carpet":24,"thermal:radish":22,"undergarden:gloomgourd":2,"farmersdelight:cod_slice":4,"excompressum:compressed_cobblestone":42,"thermal:niter":23,"minecraft:jungle_sapling":4,"minecraft:poppy":3,"supplementaries:rope":63,"minecraft:birch_sapling":4,"minecraft:piston":1,"create:polished_rose_quartz":1,"minecraft:stone":311,"farmersdelight:minced_beef":4,"sophisticatedbackpacks:backpack":2,"nourished_end:ennegel_ring":9,"exnihilosequentia:granite_pebble":11,"exnihilosequentia:pink_coral_larvae":6,"exnihilosequentia:diamond_mesh":1,"mcwdoors:bamboo_western_door":1,"excompressum:compressed_gravel":124,"minecraft:stone_shovel":1,"minecraft:diamond_chestplate":1,"exnihilosequentia:carrot_seeds":8,"pamhc2foodcore:carrotcakeitem":1,"mekanismtools:lapis_lazuli_leggings":2,"create:depot":1,"aquaculture:carp":1,"engineersdecor:sign_danger":1,"exnihilosequentia:iron_pieces":2335,"farmersdelight:skillet":17,"minecraft:paper":1,"avaritia:double_compressed_crafting_table":2,"create:crushing_wheel":11,"exnihilosequentia:aluminum_pieces":825,"minecraft:apple":10,"farmersdelight:cooking_pot":10,"storagenetwork:filter_kabel":2,"minecraft:stone_pickaxe":9,"kubejs:stone_casing":18,"minecraft:milk_bucket":14,"mcwlights:classic_street_lamp":3,"minecraft:sweet_berries":193,"exnihilosequentia:stone_hammer":5,"undergarden:goo_ball":4,"exnihilosequentia:yellow_coral_larvae":13,"minecraft:dragon_egg":1,"quark:cobblestone_bricks":34,"minecraft:slime_ball":30,"minecraft:painting":2,"minecraft:baked_potato":1,"pamhc2foodcore:fruitsaladitem":3,"undergarden:indigo_mushroom":13,"minecraft:hopper":2,"storagenetwork:storage_kabel":1,"sophisticatedstorage:iron_barrel":1,"vanillahammers:obsidian_hammer":4,"mekanismtools:lapis_lazuli_sword":1,"mekanismtools:netherite_paxel":1,"thermal:machine_frame":2,"undergarden:ditchbulb":3,"quark:azalea_planks":1,"thermal:sulfur":25,"exnihilosequentia:emerald_mesh":3,"minecraft:smooth_stone":11,"minecraft:bucket":22,"comforts:sleeping_bag_white":6,"create:sturdy_sheet":5,"minecraft:cobblestone_slab":12,"minecraft:azalea":25,"minecraft:ender_eye":8,"thermal:constantan_gear":2,"nourished_end:verdant_stalk":1,"nourished_end:ring_fern_sprout_1":5,"pamhc2foodcore:mixingbowlitem":1,"nourished_end:end_rubble":5,"minecraft:vine":20,"create:large_cogwheel":11,"minecraft:rotten_flesh":460,"farmersdelight:tree_bark":1,"exnihilosequentia:crushed_netherrack":1262,"nourished_end:acidshroom":1,"exnihilosequentia:sugarcane_seeds":2,"undergarden:raw_cloggrum":1,"minecraft:obsidian":136,"minecraft:blaze_powder":138,"minecraft:cobblestone":7325,"exnihilosequentia:blackstone_pebble":4,"minecraft:andesite":25,"mekanismtools:lapis_lazuli_helmet":1,"minecraft:potato":128,"thermal:onion":30,"supplementaries:flute":8,"exnihilosequentia:porcelain_clay":39,"exnihilosequentia:tin_pieces":789,"minecraft:dirt":65,"thermal:cooked_eggplant":13,"mekanism:dust_obsidian":29,"undergarden:shiverstone":55,"minecraft:glass":7,"minecraft:bone":509,"minecraft:orange_tulip":4,"minecraft:bow":19,"minecraft:wheat_seeds":341,"thermal:cooked_corn":20,"pamhc2foodcore:bakewareitem":1,"farmersdelight:pumpkin_slice":40,"minecraft:grindstone":1,"minecraft:bamboo":64,"exnihilosequentia:lead_pieces":785,"thermal:barley":22,"thermal:bronze_ingot":4,"mysticalagriculture:inferium_ingot":11,"exnihilosequentia:kelp_seeds":24,"excompressum:compressed_dust":26,"undergarden:droopvine_item":17,"minecraft:mossy_cobblestone":7,"engineersdecor:sign_exit":1,"minecraft:sugar":27,"create:track_station":1,"minecraft:netherite_helmet":2,"thermal:device_tree_extractor":6,"thermal:dynamo_compression":4,"minecraft:bone_meal":173,"minecraft:golden_apple":5,"mob_grinding_utils:tinted_glass":16,"minecraft:emerald":117,"minecraft:netherrack":1872,"minecraft:chorus_fruit":15,"minecraft:oak_leaves":56,"farmingforblockheads:market":1,"minecraft:ladder":45,"minecraft:chain":1,"farmersdelight:diamond_knife":1,"mysticalagriculture:infusion_pedestal":2,"minecraft:oak_trapdoor":4,"minecraft:moss_carpet":61,"exnihilosequentia:dust":673,"thermal:silver_ingot":10,"exnihilosequentia:potato_seeds":4,"thermal:hearty_stew":1,"farmersdelight:straw":12,"excompressum:chicken_bait":5,"thermal:machine_bottler":4,"nourished_end:ennegel_stem":11,"exnihilosequentia:cactus_seeds":8,"minecraft:end_stone":556,"exnihilosequentia:diorite_pebble":17,"exnihilosequentia:uranium_pieces":373,"create:hand_crank":28,"thermal:green_bean":29,"mysticalagradditions:dragon_scale":8,"minecraft:brown_dye":2,"undergarden:blood_mushroom":2,"exnihilosequentia:purple_coral_larvae":6,"farmersdelight:cooked_cod_slice":2,"exnihilosequentia:bamboo_seeds":4,"mekanismtools:osmium_helmet":1,"thermal:peanut_seeds":48,"exnihilosequentia:blue_coral_larvae":10,"minecraft:red_shulker_box":3,"ae2:certus_quartz_dust":28,"pamhc2foodcore:chocolatebaritem":4,"rsgauges:industrial_lever":4,"mysticalagriculture:inferium_gemstone":4,"minecraft:netherite_boots":1,"minecraft:leather":16,"minecraft:gunpowder":407,"mekanism:salt":43,"thermal:bronze_gear":3,"ae2:sky_dust":33,"create:adjustable_chain_gearshift":4,"thermal:machine_crucible":2,"thermal:diamond_gear":1,"minecraft:iron_ingot":131,"minecraft:cooked_chicken":1,"thermal:tomato_seeds":70,"create:large_water_wheel":1,"exnihilosequentia:red_coral_larvae":14,"minecraft:dandelion":5,"mekanismtools:diamond_paxel":1,"pamhc2foodcore:grinderitem":1,"minecraft:pumpkin_seeds":34,"minecraft:sculk_sensor":1,"mysticalagriculture:absorption_i_augment":3,"create:zinc_nugget":5,"mekanism:fluorite_gem":176,"farmersdelight:stove":2,"minecraft:sunflower":3,"minecraft:seagrass":5,"storagenetwork:inventory_remote":3,"thermal:amaranth":42,"minecraft:prismarine_shard":45,"exnihilomekanism:osmium_pieces":415,"minecraft:diamond_sword":4,"exnihilosequentia:andesite_pebble":9,"quark:azalea_log":62,"create:bar_of_chocolate":2,"farmersdelight:cutting_board":2,"pipez:energy_pipe":2,"thermal:barley_seeds":48,"create:unprocessed_obsidian_sheet":9,"create:water_wheel":58,"chimes:bamboo_chimes":5,"minecraft:beetroot":53,"mysticalagriculture:inferium_essence":1161,"minecraft:written_book":5,"mysticalagriculture:unattuned_augment":1,"minecraft:melon_slice":55,"create:train_door":1,"exnihilosequentia:platinum_pieces":59,"nourished_end:cerulean_stem_thick":2,"nourished_end:cerulean_bulb":3,"minecraft:black_dye":81,"create:wand_of_symmetry":1,"mekanismadditions:gray_plastic":3,"thermal:radish_seeds":39,"create:mechanical_arm":1,"minecraft:netherite_chestplate":2,"nourished_end:luck_root":1,"culinaryconstruct:sandwich":2,"minecraft:jungle_log":20,"minecraft:netherite_leggings":1,"minecraft:gray_concrete":14,"minecraft:zombie_villager_spawn_egg":1,"create:encased_chain_drive":4,"thermal:invar_gear":2,"bhc:red_heart":11,"pipez:fluid_pipe":6,"ftbquests:book":1,"create:shaft":25,"minecraft:glowstone_dust":42,"exnihilosequentia:jungle_seeds":8,"minecraft:moss_block":240,"mekanismtools:stone_paxel":2,"chimes:iron_chimes":1,"thermal:onion_seeds":45,"exnihilosequentia:silkworm":73,"mekanismadditions:gray_plastic_glow":3,"farmersdelight:cake_slice":14,"nourished_end:seldge_bush":1,"thermal:eggplant_seeds":46,"exnihilosequentia:silver_pieces":897,"storagenetwork:crafting_remote":3,"minecraft:bread":3,"minecraft:spruce_leaves":29,"minecraft:crafting_table":6,"minecraft:nether_wart":92,"thermal:strawberry":24,"minecraft:netherite_scrap":17,"sophisticatedstorage:gold_shulker_box":36,"custommachinery:custom_machine_item":4,"minecraft:beef":2,"minecraft:egg":49,"exnihilosequentia:zinc_pieces":548,"thermal:sadiroot":23,"minecraft:cake":1,"minecraft:carrot":67,"minecraft:redstone":169,"create:brass_casing":1,"minecraft:prismarine_crystals":6,"exnihilosequentia:mycelium_spores":2,"thermal:machine_smelter":4,"farmersdelight:cooked_chicken_cuts":4,"minecraft:beetroot_seeds":98,"minecraft:shears":1,"minecraft:gold_ingot":35,"minecraft:tube_coral_block":3,"farmersdelight:beef_stew":2,"pamhc2foodcore:freshmilkitem":3,"nourished_end:puff_bulb":1,"rsgauges:sensitive_glass_block":13,"minecraft:glow_berries":6,"minecraft:white_wool":2,"createaddition:biomass":4,"exnihilosequentia:basalt_pebble":7,"minecraft:stripped_oak_log":12,"ae2:fluix_dust":20,"exnihilosequentia:fern_seeds":1,"furnacemk2:furnacemk2":1,"excompressum:cow_bait":5,"minecraft:oak_log":218,"excompressum:compressed_nether_gravel":14,"undergarden:depthrock":13,"minecraft:kelp":146,"solcarrot:food_book":3,"thermal:corn":51,"minecraft:glass_bottle":36,"exnihilosequentia:oak_seeds":4,"minecraft:iron_sword":2,"minecraft:flowering_azalea":11,"cfm:oak_coffee_table":8,"mysticalagradditions:inferium_paxel":2,"thermal:strawberry_seeds":41,"minecraft:gravel":5366,"exnihilosequentia:birch_seeds":4,"minecraft:spruce_sapling":40,"minecraft:spruce_log":82,"exnihilosequentia:oak_barrel":6,"exnihilosequentia:sweet_berry_seeds":2,"create:mechanical_pump":5,"thermal:amaranth_seeds":115,"minecraft:melon_seeds":37,"minecraft:ender_pearl":243,"exnihilosequentia:copper_pieces":911,"minecraft:wheat":151,"minecraft:redstone_block":7,"pamhc2foodcore:cheeseitem":1,"minecraft:potion":15,"minecraft:brain_coral_block":3,"minecraft:iron_leggings":1,"minecraft:netherite_ingot":2,"cfm:oak_kitchen_counter":5,"minecraft:oak_sign":11,"thermal:iron_plate":1,"cobblefordays:tier_1":1,"create:mechanical_press":10,"thermal:tomato":45,"minecraft:redstone_torch":21,"create:potato_cannon":1,"blue_skies:bug_guts":1,"minecraft:furnace":1,"minecraft:stick":298,"minecraft:orange_shulker_box":1,"createaddition:electric_motor":1,"create:mechanical_mixer":7,"exnihilosequentia:large_fern_seeds":1,"minecraft:oak_fence":3,"minecraft:torch":322,"minecraft:dried_kelp":39,"nourished_end:bismuth":4,"nourished_end:cobalt":2,"pipez:wrench":1,"minecraft:cactus":10,"thermal:corn_seeds":106,"nourished_end:verdant_grass":2,"farmersdelight:raw_pasta":3,"create:speedometer":1,"pamhc2foodcore:chocolatecakeitem":1,"minecraft:cod":2,"mekanismtools:lapis_lazuli_chestplate":2,"thermal:invar_ingot":5,"nourished_end:stardust":445,"exnihilosequentia:string_mesh":7,"thermal:tin_gear":36,"minecraft:green_shulker_box":3,"minecraft:lapis_lazuli":856,"thermal:rf_coil":4,"thermal:silver_plate":8,"exnihilosequentia:fired_crucible":1,"mekanismtools:refined_obsidian_sword":2,"exnihilosequentia:crafting_doll":20,"thermal:iron_gear":8,"exnihilosequentia:grass_seeds":10,"nourished_end:star_fern":1,"minecraft:oak_planks":43,"minecraft:stone_hoe":3,"thermal:bell_pepper_seeds":27,"create:cogwheel":36,"minecraft:poisonous_potato":1,"minecraft:sand":1573,"buildersdelight:iron_chisel":2,"minecraft:shulker_box":3,"thermal:peanut":23,"pamhc2foodcore:saltitem":1,"minecraft:clay":55,"minecraft:diamond":168,"minecraft:oak_sapling":97,"minecraft:cocoa_beans":205,"functionalstorage:oak_1":2,"minecraft:charcoal":683,"minecraft:chicken":7,"bonsaitrees3:bonsaipot":1,"thermal:cinnabar":29,"minecraft:wooden_pickaxe":1,"createaddition:rolling_mill":1,"kubejs:stone_coin":2,"nourished_end:ennegel":33,"nourished_end:seldge_stem":14,"minecraft:stone_stairs":5,"undergarden:underbeans":2,"mysticalagradditions:inferium_apple":1,"create:basin":8,"thermal:pbj_sandwich":1,"minecraft:sugar_cane":463,"minecraft:dark_oak_sapling":7,"minecraft:raw_iron":5,"minecraft:copper_ingot":21,"minecraft:bowl":72,"minecraft:gray_dye":11,"nourished_end:tube_sprouts_empty":1,"minecraft:stone_button":4,"exnihilosequentia:nickel_pieces":930,"minecraft:arrow":528,"thermal:silver_gear":17,"excompressum:oak_heavy_sieve":3,"nourished_end:malachite":12,"undergarden:raw_gloomper_leg":1,"cfm:oak_chair":4,"create:andesite_alloy":103,"exnihilosequentia:acacia_seeds":3,"undergarden:ink_mushroom":4,"create:blaze_burner":2,"minecraft:cobblestone_stairs":12,"rftoolsbase:dimensionalshard":201,"minecraft:fire_coral_block":3,"decorative_blocks:oak_support":4,"undergarden:smogstem_log":50,"sophisticatedbackpacks:diamond_backpack":1,"quark:myalite":44,"minecraft:oak_slab":1,"minecraft:pumpkin":11,"thermal:bell_pepper":17,"thermal:green_bean_seeds":46,"quark:oak_chest":2,"minecraft:spider_eye":45,"abstoneedition:uranium_sword":1,"create:extendo_grip":5,"mysticalagriculture:inferium_helmet":1,"furnacemk2:crystal_gem_item":3,"exnihilosequentia:raw_silver":4,"mysticalagriculture:inferium_chestplate":1,"excompressum:auto_hammer":2,"minecraft:coal":801,"culinaryconstruct:culinary_station":1},"minecraft:custom":{"minecraft:interact_with_crafting_table":258,"minecraft:damage_blocked_by_shield":85,"minecraft:play_time":2198620,"minecraft:deaths":122,"minecraft:jump":22111,"minecraft:inspect_dispenser":2,"minecraft:interact_with_anvil":7,"minecraft:inspect_hopper":21,"minecraft:time_since_rest":32140,"minecraft:swim_one_cm":21799,"minecraft:open_chest":575,"minecraft:open_shulker_box":64,"minecraft:damage_resisted":17,"minecraft:talked_to_villager":6,"minecraft:interact_with_brewingstand":13,"minecraft:boat_one_cm":1480,"minecraft:damage_taken":45337,"minecraft:open_barrel":397,"minecraft:eat_cake_slice":18,"minecraft:leave_game":12,"minecraft:time_since_death":101255,"minecraft:enchant_item":16,"minecraft:interact_with_furnace":46,"minecraft:traded_with_villager":1,"minecraft:sleep_in_bed":3,"minecraft:waystone_activated":1,"minecraft:damage_dealt":48257,"minecraft:interact_with_smithing_table":6,"minecraft:sneak_time":50904,"minecraft:total_world_time":2198620,"minecraft:fly_one_cm":4848310,"minecraft:fish_caught":3,"minecraft:fall_one_cm":359212,"minecraft:animals_bred":4,"twilightforest:e115_slices_eaten":1,"minecraft:sprint_one_cm":2991757,"minecraft:drop":2966,"minecraft:walk_on_water_one_cm":157266,"minecraft:player_kills":168,"minecraft:crouch_one_cm":79319,"minecraft:mob_kills":278,"minecraft:climb_one_cm":229376,"minecraft:walk_one_cm":5696801,"minecraft:walk_under_water_one_cm":68559,"minecraft:interact_with_grindstone":3,"minecraft:damage_absorbed":80},"minecraft:used":{"minecraft:moss_block":229,"minecraft:stone":1,"minecraft:rotten_flesh":2,"excompressum:compressed_flint":7,"minecraft:soul_sand":9,"minecraft:cocoa_beans":50,"exnihilosequentia:birch_seeds":4,"minecraft:jungle_sapling":3,"minecraft:lava_bucket":69,"vanillahammers:obsidian_hammer":1453,"pamhc2foodcore:saltitem":1,"farmersdelight:glow_berry_custard":2,"minecraft:bow":129,"create:shaft":16,"minecraft:oak_sapling":39,"minecraft:cactus":4,"minecraft:wooden_pickaxe":192,"exnihilosequentia:oak_sieve":3,"minecraft:clay":22,"farmersdelight:pumpkin_slice":6,"nourished_end:puff_bulb":1,"minecraft:golden_apple":2,"minecraft:glow_berries":3,"mob_grinding_utils:tinted_glass":13,"minecraft:gray_concrete":7,"bhc:relic_apple":1,"pamhc2foodcore:cheeseitem":1,"pamhc2foodcore:freshwateritem":139,"exnihilosequentia:large_fern_seeds":1,"farmersdelight:chocolate_pie":1,"excompressum:cow_bait":6,"minecraft:diamond_sword":158,"create:basin":8,"minecraft:oak_boat":1,"minecraft:oak_trapdoor":46,"minecraft:enchanting_table":1,"exnihilosequentia:cactus_seeds":4,"undergarden:underbeans":2,"nourished_end:ennegel_ring":1,"minecraft:torch":95,"minecraft:brewing_stand":1,"thermal:eggplant_seeds":5,"mekanismtools:lapis_lazuli_sword":2,"decorative_blocks:oak_support":3,"thermal:bell_pepper":2,"mysticalagriculture:infusion_pedestal":9,"thermal:chocolate_cake":1,"farmersdelight:oak_cabinet":2,"excompressum:compressed_cobblestone":122,"minecraft:jungle_log":15,"thermal:green_bean":9,"pamhc2foodcore:chocolatepuddingitem":7,"thermal:barley_seeds":11,"minecraft:bamboo":6,"exnihilosequentia:dark_oak_seeds":1,"cobblefordays:tier_1":1,"mcwdoors:bamboo_western_door":1,"chimes:bamboo_chimes":4,"comforts:sleeping_bag_white":6,"excompressum:compressed_gravel":16,"create:wand_of_symmetry":8,"minecraft:wheat_seeds":37,"exnihilosequentia:jungle_seeds":1,"exnihilosequentia:fern_seeds":4,"exnihilosequentia:granite_pebble":1,"avaritia:double_compressed_crafting_table":1,"cfm:oak_coffee_table":14,"pamhc2foodcore:sweetberryjuiceitem":1,"create:blaze_burner":2,"minecraft:campfire":2,"minecraft:spruce_log":5,"exnihilosequentia:oak_barrel":6,"cfm:white_sofa":4,"thermal:cooked_eggplant":12,"quark:azalea_log":2,"thermal:machine_smelter":4,"minecraft:spruce_sapling":13,"minecraft:potion":7,"quark:oak_chest":16,"minecraft:stripped_oak_log":9,"minecraft:dandelion":1,"create:bar_of_chocolate":1,"pamhc2foodcore:chocolatedonutitem":1,"minecraft:moss_carpet":15,"engineersdecor:sign_danger":1,"engineersdecor:sign_exit":1,"pamhc2foodcore:fruitcrumbleitem":1,"minecraft:nether_wart":38,"minecraft:spruce_leaves":11,"exnihilosequentia:sea_water_bucket":6,"pamhc2foodcore:sweetberryyogurtitem":1,"create:cogwheel":40,"farmersdelight:fish_stew":1,"farmersdelight:cooked_cod_slice":1,"thermal:cooked_corn":7,"minecraft:beehive":2,"mekanismtools:diamond_paxel":2449,"minecraft:honey_bottle":2,"pamhc2foodcore:chocolatecupcakeitem":5,"rsgauges:sensitive_glass_block":12,"minecraft:written_book":8,"pamhc2foodcore:marshmellowchicksitem":1,"minecraft:dark_oak_sapling":7,"create:crushing_wheel":8,"minecraft:stone_pickaxe":144,"minecraft:oak_planks":25,"pamhc2foodcore:meatloafitem":1,"telepastries:custom_cake":1,"minecraft:sugar_cane":36,"quark:azalea_planks":19,"minecraft:end_stone":53,"cfm:oak_kitchen_counter":30,"farmersdelight:ratatouille":1,"minecraft:lever":1,"minecraft:bread":8,"farmersdelight:cooked_chicken_cuts":4,"create:andesite_casing":3,"snad:snad":3,"thermal:onion_seeds":8,"functionalstorage:oak_1":3,"exnihilosequentia:silkworm":1,"minecraft:bone_meal":275,"create:large_cogwheel":11,"thermal:machine_crucible":3,"avaritia:compressed_crafting_table":1,"excompressum:chicken_bait":8,"minecraft:redstone":22,"thermal:amaranth_seeds":23,"excompressum:oak_heavy_sieve":3,"minecraft:stone_hoe":90,"minecraft:cooked_chicken":1,"sophisticatedstorage:gold_chest":1,"minecraft:dirt":79,"create:mechanical_mixer":7,"pamhc2foodcore:chocolatecakeitem":1,"mysticalagradditions:inferium_apple":1,"pamhc2foodcore:donutitem":1,"exnihilosequentia:wooden_crook":91,"farmersdelight:basket":1,"pamhc2foodcore:carrotcakeitem":1,"sophisticatedstorage:gold_shulker_box":33,"minecraft:pumpkin":1,"exnihilosequentia:fired_crucible":1,"minecraft:cobblestone_stairs":5,"farmersdelight:skillet":141,"nourished_end:star_fern":1,"minecraft:baked_potato":18,"mekanismtools:osmium_axe":436,"pamhc2foodcore:hotchocolateitem":1,"create:mechanical_press":14,"farmersdelight:cake_slice":3,"abstoneedition:uranium_sword":217,"pamhc2foodcore:bakedvegetablemedlyitem":5,"pamhc2foodcore:fruitsaladitem":26,"minecraft:stone_axe":93,"thermal:cheese_wedge":1,"thermal:pbj_sandwich":2,"mcwlights:classic_street_lamp":3,"exnihilosequentia:basalt_pebble":4,"minecraft:beetroot":1,"minecraft:ladder":20,"pamhc2foodcore:carrotcupcakeitem":5,"excompressum:compressed_hammer_stone":1495,"twilightforest:experiment_115":1,"create:depot":1,"minecraft:orange_shulker_box":1,"minecraft:sweet_berries":30,"minecraft:furnace":3,"nourished_end:cerulean_bulb":3,"minecraft:egg":11,"nourished_end:stardust":1,"minecraft:potato":31,"excompressum:compressed_nether_gravel":1,"farmersdelight:beef_stew":1,"pamhc2foodcore:freshmilkitem":24,"minecraft:orange_tulip":2,"minecraft:cookie":14,"elevatorid:elevator_white":2,"minecraft:sand":64,"farmersdelight:rice":1,"pamhc2foodcore:caramelappleitem":1,"minecraft:pumpkin_seeds":9,"pamhc2foodcore:caramelitem":3,"chimes:iron_chimes":2,"farmersdelight:honey_cookie":6,"minecraft:stone_button":12,"create:adjustable_chain_gearshift":4,"telepastries:overworld_cake":1,"bonsaitrees3:bonsaipot":1,"minecraft:iron_bars":1,"minecraft:stone_sword":48,"farmingforblockheads:market":1,"exnihilosequentia:witch_water_bucket":5,"minecraft:netherrack":33,"exnihilosequentia:potato_seeds":1,"minecraft:stick":74,"minecraft:dragon_egg":1,"storagenetwork:inventory_remote":1,"exnihilosequentia:grass_seeds":5,"minecraft:stone_stairs":1,"sophisticatedstorage:iron_barrel":1,"minecraft:red_shulker_box":3,"rsgauges:industrial_lever":4,"minecraft:flowering_azalea":5,"thermal:dynamo_stirling":35,"create:gearbox":1,"minecraft:rooted_dirt":2,"nourished_end:verdant_grass":1,"minecraft:melon_seeds":3,"create:encased_chain_drive":4,"farmersdelight:cooking_pot":11,"culinaryconstruct:sandwich":2,"minecraft:water_bucket":251,"undergarden:depthrock":1,"pamhc2foodcore:carrotbreaditem":2,"quark:cobblestone_bricks":2,"pamhc2foodcore:cocoapowderitem":1,"thermal:machine_pulverizer":1,"mekanismtools:stone_paxel":525,"storagenetwork:crafting_remote":1,"minecraft:mossy_cobblestone":1,"minecraft:crafting_table":3,"mekanismadditions:gray_plastic_glow":2,"mekanismtools:refined_obsidian_sword":8,"minecraft:oak_log":62,"farmersdelight:pasta_with_meatballs":1,"minecraft:sunflower":3,"exnihilosequentia:spruce_seeds":1,"create:water_wheel":58,"thermal:strawberry_seeds":6,"mcwdoors:bamboo_japanese2_door":1,"supplementaries:rope":2,"minecraft:cobblestone":685,"minecraft:kelp":16,"minecraft:oak_sign":11,"farmersdelight:stove":3,"minecraft:shield":2,"minecraft:iron_sword":2,"mysticalagriculture:infusion_altar":5,"excompressum:compressed_sand":18,"thermal:machine_bottler":4,"cookingforblockheads:spice_rack":5,"pamhc2foodcore:gummybearsitem":1,"exnihilosequentia:oak_crucible":5,"telepastries:end_cake":1,"minecraft:carrot":8,"create:speedometer":1,"minecraft:milk_bucket":5,"pamhc2foodcore:cookingoilitem":1,"thermal:sadiroot_seeds":9,"minecraft:slime_spawn_egg":1,"thermal:peanut_seeds":7,"farmersdelight:tomato_sauce":1,"createaddition:electric_motor":1,"farmersdelight:cutting_board":3,"minecraft:beetroot_seeds":15,"farmersdelight:netherite_knife":48,"thermal:corn_seeds":26,"minecraft:ender_pearl":24,"minecraft:redstone_block":1,"pamhc2foodcore:marshmellowsitem":1,"pamhc2foodcore:smoresitem":4,"furnacemk2:furnacemk2":1,"thermal:hearty_stew":1,"createaddition:rolling_mill":1,"createaddition:seed_oil_bucket":3,"minecraft:shears":105,"thermal:dynamo_compression":4,"cfm:oak_chair":6,"minecraft:redstone_torch":20,"thermal:device_tree_extractor":7,"undergarden:droopvine_item":2,"custommachinery:custom_machine_item":4,"quark:azalea_chest":1,"minecraft:melon_slice":10,"minecraft:string":1,"minecraft:gravel":54,"exnihilosequentia:dust":10,"exnihilosequentia:stone_hammer":1389,"minecraft:grindstone":1,"minecraft:andesite":3,"minecraft:air":1,"minecraft:azalea":11,"minecraft:oak_fence":9,"farmersdelight:diamond_knife":46,"thermal:radish_seeds":5,"minecraft:wooden_shovel":8,"create:mechanical_pump":5,"minecraft:white_carpet":10,"minecraft:hopper":23,"minecraft:diamond_helmet":1,"minecraft:granite":1,"exnihilosequentia:bamboo_seeds":2,"exnihilosequentia:andesite_pebble":1,"mekanismtools:netherite_paxel":1554,"exnihilosequentia:carrot_seeds":2,"pamhc2foodcore:yogurtitem":5,"thermal:eggplant":3,"minecraft:stone_pressure_plate":9,"farmersdelight:fried_egg":3,"thermal:machine_press":1,"minecraft:iron_ore":5,"minecraft:glass_bottle":7,"create:train_door":1,"minecraft:cobblestone_slab":69,"minecraft:painting":2,"farmersdelight:hot_cocoa":3,"exnihilosequentia:sugarcane_seeds":2,"minecraft:apple":5,"thermal:green_bean_seeds":4,"kubejs:liquid_stone_bucket":1,"thermal:bell_pepper_seeds":4,"minecraft:green_shulker_box":3,"minecraft:fishing_rod":54,"excompressum:auto_hammer":1,"thermal:tomato_seeds":6,"minecraft:bucket":424,"create:hand_crank":30,"farmersdelight:fruit_salad":1,"minecraft:splash_potion":1},"minecraft:crafted":{"excompressum:compressed_flint":7,"excompressum:compressed_cobblestone":86,"minecraft:chain":8,"mysticalagriculture:unattuned_augment":1,"patchouli:guide_book":2,"thermal:machine_frame":4,"cfm:white_sofa":4,"exnihilosequentia:netherite_mesh":1,"mysticalagriculture:watering_can":1,"mekanismtools:lapis_lazuli_leggings":2,"pamhc2foodcore:hotchocolateitem":8,"undergarden:regalium_crystal":4,"create:cogwheel":25,"create:encased_chain_drive":2,"pamhc2foodcore:caramelappleitem":1,"quark:oak_chest":23,"create:large_cogwheel":4,"minecraft:netherite_ingot":4,"pamhc2foodcore:freshmilkitem":8,"minecraft:iron_nugget":9,"mcwdoors:bamboo_japanese2_door":1,"minecraft:terracotta":14,"quark:azalea_planks_slab":6,"pamhc2foodcore:fruitcrumbleitem":1,"excompressum:compressed_nether_gravel":27,"minecraft:stone_pickaxe":2,"thermal:jar":8,"excompressum:compressed_hammer_stone":4,"mekanism:hazmat_mask":1,"nourished_end:starsteel_nugget":9,"sophisticatedbackpacks:gold_backpack":1,"minecraft:orange_dye":1,"pamhc2foodcore:freshwateritem":24,"thermal:press_gear_die":1,"minecraft:fermented_spider_eye":1,"create:shaft":72,"farmersdelight:diamond_knife":2,"exnihilosequentia:string_mesh":2,"mekanismtools:diamond_paxel":2,"minecraft:cobblestone_slab":6,"minecraft:stone":32,"minecraft:cake":3,"minecraft:bow":3,"minecraft:oak_fence":6,"thermal:machine_crucible":1,"farmersdelight:stove":1,"pamhc2foodcore:cuttingboarditem":1,"mekanismtools:netherite_paxel":1,"pamhc2foodcore:bakewareitem":1,"create:zinc_nugget":144,"minecraft:red_wool":2,"thermal:jelly":1,"exnihilosequentia:enderman_doll":8,"minecraft:yellow_dye":1,"exnihilosequentia:stone_hammer":74,"create:water_wheel":3,"sophisticatedbackpacks:diamond_backpack":1,"minecraft:stick":156,"minecraft:iron_ingot":29,"mekanism:hazmat_gown":1,"minecraft:iron_ore":69,"pamhc2foodcore:juiceritem":1,"decorative_blocks:oak_support":9,"exnihilosequentia:oak_crucible":1,"excompressum:compressed_dust":1,"minecraft:fishing_rod":4,"farmersdelight:pasta_with_meatballs":2,"minecraft:furnace":2,"mysticalagriculture:prosperity_ingot":16,"pamhc2foodcore:rolleritem":1,"farmersdelight:pie_crust":2,"morevanillalib:obsidian_shard":9,"minecraft:oak_trapdoor":4,"exnihilosequentia:oak_sieve":2,"mekanism:hazmat_boots":1,"create:basin":1,"functionalstorage:oak_1":1,"create:andesite_alloy":6,"exnihilosequentia:oak_barrel":1,"thermal:machine_press":1,"minecraft:copper_ore":1,"mekanism:hazmat_pants":1,"thermal:dynamo_stirling":8,"pamhc2foodcore:donutitem":3,"chimes:bamboo_chimes":1,"farmersdelight:basket":1,"storagenetwork:filter_kabel":4,"aquaculture:fish_fillet_raw":2,"thermal:cheese_wedge":4,"excompressum:compressed_gravel":5,"create:mechanical_press":1,"pamhc2foodcore:grinderitem":1,"cfm:oak_kitchen_counter":40,"snad:snad":1,"supplementaries:flute":1,"minecraft:wooden_shovel":1,"minecraft:diamond_axe":2,"create:adjustable_chain_gearshift":1,"minecraft:campfire":2,"farmersdelight:wheat_dough":6,"pamhc2foodcore:skilletitem":1,"minecraft:iron_block":2,"excompressum:oak_heavy_sieve":1,"pamhc2foodcore:potitem":1,"mcwdoors:bamboo_western_door":1,"minecraft:stone_shovel":1,"comforts:sleeping_bag_white":3,"exnihilosequentia:porcelain_clay":16,"excompressum:chicken_bait":2,"quark:azalea_chest":1,"minecraft:bone_meal":24,"minecraft:white_carpet":9,"thermal:rf_coil_storage_augment":6,"thermal:chocolate_cake":1,"thermal:dynamo_compression":2,"minecraft:redstone_block":1,"minecraft:coal_block":1,"farmersdelight:cooking_pot":1,"pamhc2foodcore:chocolatedonutitem":3,"mysticalagriculture:prosperity_gemstone":4,"minecraft:golden_apple":3,"thermal:device_tree_extractor":1,"storagenetwork:storage_kabel":4,"farmersdelight:oak_cabinet":2,"minecraft:brick":32,"buildersdelight:iron_chisel":1,"minecraft:oak_planks":836,"thermal:peanut_butter":1,"farmersdelight:canvas":1,"minecraft:sand":18,"minecraft:hopper":9,"exnihilosequentia:blaze_doll":1,"thermal:cheese_wheel":1,"farmersdelight:tomato_sauce":1,"thermal:machine_pulverizer":1,"minecraft:stone_hoe":1,"quark:azalea_planks":148,"supplementaries:rope_arrow":4,"minecraft:oak_slab":36,"minecraft:crafting_table":25,"minecraft:spruce_planks":4,"minecraft:wooden_pickaxe":5,"mekanismtools:stone_paxel":1,"farmersdelight:skillet":1,"farmersdelight:cutting_board":1,"thermal:pbj_sandwich":2,"minecraft:paper":9,"minecraft:book":1,"minecraft:stone_sword":2,"quark:rope":30,"furnacemk2:crystal_gem_item":1,"cfm:oak_coffee_table":8,"minecraft:stone_button":11,"exnihilosequentia:beehive_frame":1,"pamhc2foodcore:mixingbowlitem":1,"thermal:tomato_sauce":3,"avaritia:compressed_crafting_table":2,"pamhc2foodcore:yogurtitem":19,"pamhc2foodcore:chocolatepuddingitem":8,"cookingforblockheads:spice_rack":5,"exnihilosequentia:wooden_crook":1,"minecraft:observer":2,"sophisticatedbackpacks:iron_backpack":1,"minecraft:sugar":24,"minecraft:red_dye":2,"create:hand_crank":1,"minecraft:diamond_sword":2,"minecraft:bowl":264,"chimes:iron_chimes":1,"minecraft:bucket":19,"minecraft:stone_axe":1,"minecraft:air":4251,"minecraft:blue_dye":1,"mysticalagriculture:inferium_gemstone_block":1,"minecraft:white_wool":13,"cfm:oak_chair":4,"farmersdelight:hot_cocoa":1}},"DataVersion":2975}