{"stats":{"minecraft:crafted":{"minecraft:wooden_pickaxe":3,"minecraft:air":120,"exnihilosequentia:stone_hammer":2,"minecraft:stick":4,"quark:oak_chest":1,"minecraft:stone_sword":1,"decorative_blocks:oak_support":3},"minecraft:dropped":{"quark:azalea_planks":7,"minecraft:oak_log":6,"minecraft:wooden_pickaxe":1,"exnihilosequentia:stone_hammer":1,"ftbquests:book":1},"minecraft:killed":{"minecraft:zombie":7},"minecraft:killed_by":{"minecraft:player":5},"minecraft:mined":{"minecraft:flowering_azalea":2,"quark:azalea_log":33,"decorative_blocks:oak_support":1,"minecraft:crafting_table":1,"minecraft:grass_block":1,"rsgauges:sensitive_glass_block":1,"minecraft:tall_grass":3,"minecraft:cobblestone":40,"minecraft:moss_block":12,"minecraft:rooted_dirt":1,"minecraft:grass":3,"minecraft:oak_log":15,"minecraft:dirt":1,"minecraft:gravel":40,"minecraft:sunflower":1,"minecraft:sand":2,"minecraft:azalea":1,"minecraft:stone":243,"minecraft:oak_leaves":1},"minecraft:custom":{"minecraft:mob_kills":7,"minecraft:interact_with_crafting_table":6,"minecraft:open_barrel":8,"minecraft:leave_game":1,"minecraft:time_since_death":24279,"minecraft:climb_one_cm":251,"minecraft:time_since_rest":24306,"minecraft:sprint_one_cm":30212,"minecraft:damage_taken":2335,"minecraft:walk_one_cm":87461,"minecraft:drop":16,"minecraft:damage_dealt":1056,"minecraft:fly_one_cm":27580,"minecraft:player_kills":5,"minecraft:open_chest":2,"minecraft:crouch_one_cm":6126,"minecraft:play_time":31512,"minecraft:deaths":18,"minecraft:sneak_time":2060,"minecraft:jump":198,"minecraft:total_world_time":31512,"minecraft:fall_one_cm":29038},"minecraft:broken":{"minecraft:wooden_pickaxe":3},"minecraft:picked_up":{"minecraft:crafting_table":1,"minecraft:wooden_pickaxe":1,"pamhc2foodcore:cheeseitem":1,"minecraft:oak_log":15,"quark:azalea_log":34,"create:bar_of_chocolate":1,"minecraft:dirt":2,"minecraft:moss_carpet":4,"exnihilosequentia:dust":2,"minecraft:apple":1,"minecraft:orange_tulip":2,"mysticalagriculture:inferium_essence":1,"ftbquests:book":1,"decorative_blocks:oak_support":2,"thermal:tomato_seeds":1,"minecraft:written_book":5,"minecraft:azalea":14,"minecraft:moss_block":14,"minecraft:flowering_azalea":5,"minecraft:stick":4,"thermal:sadiroot_seeds":2,"minecraft:gravel":40,"minecraft:sand":40,"minecraft:rotten_flesh":5,"minecraft:painting":2,"minecraft:bread":1,"minecraft:rooted_dirt":1,"minecraft:oak_sapling":5,"rsgauges:sensitive_glass_block":1,"minecraft:cobblestone":246,"minecraft:sunflower":1},"minecraft:used":{"minecraft:azalea":7,"minecraft:moss_block":7,"minecraft:stone_sword":24,"quark:cobblestone_bricks":1,"minecraft:wooden_pickaxe":177,"minecraft:dirt":2,"minecraft:sand":2,"quark:azalea_planks":18,"minecraft:crafting_table":1,"decorative_blocks:oak_support":1,"minecraft:painting":2,"minecraft:oak_log":2,"minecraft:flowering_azalea":3,"minecraft:apple":1,"minecraft:sunflower":1,"pamhc2foodcore:cheeseitem":1,"minecraft:rooted_dirt":1,"quark:azalea_log":2,"rsgauges:sensitive_glass_block":1,"minecraft:gravel":40,"minecraft:cobblestone":40,"minecraft:written_book":7,"exnihilosequentia:stone_hammer":152,"quark:oak_chest":1,"minecraft:stone_pressure_plate":9}},"DataVersion":2975}