{"stats":{"minecraft:broken":{"mekanismtools:stone_paxel":2,"minecraft:stone_pickaxe":1,"exnihilosequentia:stone_hammer":3,"minecraft:wooden_pickaxe":3,"excompressum:compressed_hammer_stone":6},"minecraft:dropped":{"minecraft:iron_sword":1,"thermal:cooked_corn":4,"exnihilosequentia:uranium_pieces":7,"pamhc2foodcore:mixingbowlitem":1,"minecraft:lapis_lazuli":8,"minecraft:oak_log":6,"exnihilosequentia:diorite_pebble":3,"thermal:peanut":1,"minecraft:flint":15,"aquaculture:fish_fillet_raw":2,"minecraft:stone_button":2,"minecraft:cornflower":1,"pamhc2foodcore:saltitem":1,"minecraft:jungle_sapling":1,"minecraft:bone_meal":9,"thermal:peanut_seeds":1,"ftbquests:book":1,"exnihilosequentia:stone_hammer":3,"thermal:green_bean_seeds":3,"minecraft:gravel":1,"pamhc2foodcore:fruitsaladitem":9,"buildersdelight:iron_chisel":2,"minecraft:obsidian":5,"minecraft:beetroot":1,"minecraft:rotten_flesh":1,"thermal:corn":6,"minecraft:oak_planks":94,"thermal:eggplant_seeds":1,"pamhc2foodcore:chocolatecupcakeitem":11,"minecraft:carrot":1,"minecraft:beetroot_seeds":4,"minecraft:azalea":3,"comforts:sleeping_bag_white":2,"minecraft:iron_ore":48,"exnihilosequentia:wooden_crook":1,"thermal:cooked_eggplant":1,"pamhc2foodcore:carrotcupcakeitem":7,"farmersdelight:fish_stew":1,"exnihilosequentia:basalt_pebble":2,"create:andesite_alloy":2,"minecraft:stone_hoe":2,"minecraft:water_bucket":1,"minecraft:iron_ingot":32,"minecraft:bread":3,"minecraft:wheat_seeds":1,"create:polished_rose_quartz":1,"farmersdelight:skillet":1,"minecraft:mossy_cobblestone":4,"minecraft:cobblestone":151,"exnihilosequentia:iron_pieces":3,"minecraft:copper_ingot":9,"mekanismtools:stone_paxel":3,"minecraft:stick":18,"minecraft:torch":64,"exnihilosequentia:aluminum_pieces":10,"minecraft:paper":4,"minecraft:bucket":1,"pamhc2foodcore:marshmellowsitem":14,"minecraft:moss_carpet":3,"minecraft:sweet_berries":1,"quark:azalea_planks":7,"create:shaft":7,"thermal:amaranth_seeds":6,"mob_grinding_utils:tinted_glass":1,"pamhc2foodcore:freshwateritem":9,"thermal:strawberry":2,"thermal:iron_plate":1,"thermal:pbj_sandwich":2,"thermal:sadiroot_seeds":1,"thermal:eggplant":1,"kubejs:stone_coin":2,"minecraft:andesite":1,"exnihilosequentia:lead_pieces":11,"exnihilosequentia:silver_pieces":1,"minecraft:oak_sapling":16,"create:brass_casing":1,"minecraft:stone_pickaxe":8,"minecraft:wooden_pickaxe":1,"excompressum:compressed_gravel":19,"supplementaries:flute":2},"minecraft:killed_by":{"mekanismadditions:baby_skeleton":1,"minecraft:zombie":1,"blue_skies:infested_swarmer":1,"minecraft:player":21,"minecraft:enderman":2,"minecraft:skeleton":3},"minecraft:mined":{"minecraft:oak_sapling":7,"quark:azalea_log":61,"minecraft:cobblestone_stairs":9,"minecraft:cave_vines_plant":1,"exnihilosequentia:oak_sieve":1,"minecraft:grass_block":1,"minecraft:jungle_log":20,"snad:snad":2,"minecraft:oak_wall_sign":2,"cobblefordays:tier_1":1,"mcwlights:classic_street_lamp":3,"minecraft:iron_ore":5,"minecraft:pumpkin":1,"minecraft:moss_carpet":3,"thermal:tomato":2,"thermal:corn":3,"thermal:amaranth":9,"minecraft:cave_vines":2,"exnihilosequentia:oak_barrel":5,"supplementaries:stick":64,"minecraft:flowering_azalea_leaves":1,"thermal:eggplant":2,"cfm:oak_kitchen_counter":3,"minecraft:azalea_leaves":1,"minecraft:azalea":1,"mob_grinding_utils:tinted_glass":2,"excompressum:compressed_sand":2,"chimes:bamboo_chimes":1,"decorative_blocks:oak_support":3,"minecraft:clay":12,"minecraft:torch":31,"thermal:sadiroot":7,"rsgauges:sensitive_glass_block":2,"excompressum:compressed_cobblestone":244,"thermal:peanut":4,"create:brass_casing":1,"minecraft:cobblestone":184,"excompressum:oak_heavy_sieve":1,"minecraft:sugar_cane":95,"minecraft:oak_planks":4,"minecraft:wall_torch":45,"farmersdelight:cutting_board":1,"minecraft:wheat":11,"excompressum:chicken_bait":2,"minecraft:pumpkin_stem":6,"mcwdoors:bamboo_western_door":1,"minecraft:grass":35,"exnihilosequentia:oak_crucible":4,"minecraft:oak_log":108,"minecraft:beetroots":11,"minecraft:dark_oak_sapling":4,"minecraft:sand":15,"minecraft:dirt":8,"thermal:barley":8,"minecraft:oak_leaves":57,"exnihilosequentia:infested_leaves":75,"minecraft:attached_pumpkin_stem":1,"minecraft:mossy_cobblestone":2,"minecraft:ladder":27,"functionalstorage:oak_1":4,"minecraft:moss_block":209,"minecraft:rooted_dirt":2,"minecraft:large_fern":1,"supplementaries:rope":4,"thermal:strawberry":3,"minecraft:oak_trapdoor":4,"minecraft:spruce_sapling":1,"minecraft:furnace":1,"minecraft:carrots":4,"minecraft:jungle_sapling":2,"mekanismadditions:gray_plastic":3,"thermal:onion":1,"minecraft:cobblestone_slab":4,"minecraft:vine":6,"minecraft:stripped_oak_log":1,"sophisticatedstorage:iron_barrel":1,"minecraft:bamboo":7,"minecraft:stone":3658,"farmersdelight:cooking_pot":3,"minecraft:flowering_azalea":2,"quark:oak_chest":2,"exnihilosequentia:dust":3,"minecraft:crafting_table":4,"minecraft:cornflower":1,"excompressum:compressed_gravel":53,"minecraft:tall_grass":10,"thermal:green_bean":1,"cookingforblockheads:cutting_board":2,"minecraft:air":409,"excompressum:cow_bait":1,"farmersdelight:skillet":3,"furnacemk2:furnacemk2":1,"cfm:oak_chair":2,"minecraft:sweet_berry_bush":8,"minecraft:white_carpet":12,"thermal:radish":1,"minecraft:cocoa":45,"minecraft:sunflower":2,"minecraft:gravel":63,"engineersdecor:sign_danger":1,"minecraft:fern":4},"minecraft:killed":{"minecraft:skeleton":8,"mekanismadditions:baby_creeper":1,"minecraft:zombie":16,"mekanismadditions:baby_skeleton":3,"minecraft:enderman":2},"minecraft:picked_up":{"sophisticatedstorage:iron_barrel":1,"minecraft:wheat":30,"thermal:amaranth":28,"exnihilosequentia:oak_crucible":4,"exnihilomekanism:osmium_pieces":22,"pamhc2foodcore:cheeseitem":1,"exnihilosequentia:andesite_pebble":5,"quark:azalea_log":62,"exnihilosequentia:dark_oak_seeds":4,"create:bar_of_chocolate":2,"farmersdelight:cutting_board":1,"exnihilosequentia:flint_mesh":6,"quark:azalea_planks":1,"minecraft:string":265,"thermal:barley_seeds":32,"cfm:oak_kitchen_counter":2,"chimes:bamboo_chimes":1,"minecraft:oak_sign":11,"minecraft:beetroot":27,"thermal:iron_plate":1,"cobblefordays:tier_1":1,"mysticalagriculture:inferium_essence":8,"exnihilosequentia:emerald_mesh":1,"thermal:tomato":8,"minecraft:bucket":3,"comforts:sleeping_bag_white":2,"exnihilosequentia:oak_sieve":1,"thermal:eggplant":13,"minecraft:written_book":5,"minecraft:cobblestone_slab":5,"blue_skies:bug_guts":1,"minecraft:azalea":21,"minecraft:furnace":1,"minecraft:stick":118,"exnihilosequentia:large_fern_seeds":1,"thermal:sadiroot_seeds":37,"minecraft:torch":164,"pamhc2foodcore:mixingbowlitem":1,"pamhc2foodcore:cuttingboarditem":2,"minecraft:rotten_flesh":12,"minecraft:cactus":2,"mekanismadditions:gray_plastic":3,"thermal:corn_seeds":44,"exnihilosequentia:sugarcane_seeds":2,"thermal:radish_seeds":24,"farmersdelight:raw_pasta":3,"minecraft:obsidian":13,"minecraft:cod":1,"minecraft:cobblestone":3630,"exnihilosequentia:blackstone_pebble":4,"minecraft:andesite":5,"minecraft:jungle_log":20,"minecraft:potato":2,"exnihilosequentia:string_mesh":7,"thermal:onion":12,"minecraft:flint":259,"supplementaries:flute":2,"exnihilosequentia:tin_pieces":52,"exnihilosequentia:gold_pieces":41,"minecraft:lapis_lazuli":71,"minecraft:dirt":38,"thermal:cooked_eggplant":1,"exnihilosequentia:fired_crucible":1,"minecraft:glass":4,"minecraft:bone":15,"minecraft:orange_tulip":4,"minecraft:wheat_seeds":91,"thermal:cooked_corn":7,"farmersdelight:pumpkin_slice":4,"ftbquests:book":1,"exnihilosequentia:grass_seeds":8,"create:shaft":7,"exnihilosequentia:jungle_seeds":6,"minecraft:bamboo":56,"minecraft:moss_block":224,"minecraft:stone_hoe":2,"minecraft:oak_planks":4,"exnihilosequentia:lead_pieces":87,"exnihilosequentia:iron_mesh":2,"thermal:barley":13,"mekanismtools:stone_paxel":2,"minecraft:sand":487,"buildersdelight:iron_chisel":2,"thermal:onion_seeds":27,"minecraft:mossy_cobblestone":6,"exnihilosequentia:silkworm":73,"thermal:peanut":14,"minecraft:clay":30,"minecraft:diamond":8,"thermal:eggplant_seeds":21,"exnihilosequentia:silver_pieces":65,"minecraft:bone_meal":51,"minecraft:emerald":1,"mob_grinding_utils:tinted_glass":4,"minecraft:bread":1,"minecraft:rooted_dirt":2,"minecraft:oak_sapling":53,"functionalstorage:oak_1":2,"minecraft:oak_leaves":56,"minecraft:cocoa_beans":142,"minecraft:crafting_table":4,"minecraft:ladder":29,"minecraft:clay_ball":48,"bonsaitrees3:bonsaipot":1,"minecraft:wooden_pickaxe":1,"exnihilosequentia:spruce_seeds":4,"thermal:strawberry":15,"minecraft:oak_trapdoor":4,"minecraft:cornflower":3,"minecraft:stone_stairs":1,"minecraft:moss_carpet":20,"exnihilosequentia:potato_seeds":1,"exnihilosequentia:dust":30,"minecraft:white_carpet":12,"thermal:radish":13,"farmersdelight:cod_slice":2,"farmersdelight:straw":12,"excompressum:compressed_cobblestone":41,"excompressum:chicken_bait":1,"minecraft:jungle_sapling":4,"minecraft:poppy":2,"thermal:pbj_sandwich":1,"minecraft:sugar_cane":161,"supplementaries:rope":20,"exnihilosequentia:zinc_pieces":33,"create:polished_rose_quartz":1,"minecraft:dark_oak_sapling":4,"exnihilosequentia:cactus_seeds":5,"minecraft:stone":58,"minecraft:raw_iron":5,"thermal:sadiroot":14,"minecraft:copper_ingot":15,"minecraft:bowl":66,"minecraft:stone_button":3,"exnihilosequentia:diorite_pebble":14,"exnihilosequentia:uranium_pieces":20,"exnihilosequentia:granite_pebble":8,"minecraft:carrot":41,"thermal:green_bean":11,"create:brass_casing":1,"exnihilosequentia:diamond_mesh":1,"exnihilosequentia:nickel_pieces":65,"mcwdoors:bamboo_western_door":1,"thermal:peanut_seeds":30,"exnihilosequentia:bamboo_seeds":2,"exnihilosequentia:carrot_seeds":4,"excompressum:compressed_gravel":2,"minecraft:arrow":18,"minecraft:beetroot_seeds":71,"minecraft:shears":1,"excompressum:oak_heavy_sieve":1,"aquaculture:carp":1,"rsgauges:sensitive_glass_block":2,"minecraft:glow_berries":5,"exnihilosequentia:basalt_pebble":6,"minecraft:stripped_oak_log":1,"exnihilosequentia:fern_seeds":1,"furnacemk2:furnacemk2":1,"engineersdecor:sign_danger":1,"excompressum:cow_bait":1,"cfm:oak_chair":2,"minecraft:oak_log":103,"create:andesite_alloy":2,"exnihilosequentia:acacia_seeds":1,"exnihilosequentia:iron_pieces":300,"minecraft:cobblestone_stairs":7,"farmersdelight:skillet":4,"minecraft:paper":1,"avaritia:double_compressed_crafting_table":1,"exnihilosequentia:aluminum_pieces":72,"minecraft:apple":4,"farmersdelight:cooking_pot":3,"thermal:corn":20,"decorative_blocks:oak_support":4,"minecraft:iron_ingot":34,"minecraft:stone_pickaxe":9,"thermal:tomato_seeds":18,"exnihilosequentia:oak_seeds":4,"minecraft:flowering_azalea":8,"minecraft:pumpkin":1,"mcwlights:classic_street_lamp":3,"minecraft:sweet_berries":72,"thermal:strawberry_seeds":28,"minecraft:gravel":1840,"exnihilosequentia:stone_hammer":3,"minecraft:spruce_sapling":1,"exnihilosequentia:birch_seeds":2,"thermal:green_bean_seeds":18,"quark:oak_chest":2,"exnihilosequentia:oak_barrel":5,"minecraft:pumpkin_seeds":27,"mekanism:fluorite_gem":10,"minecraft:painting":2,"pamhc2foodcore:fruitsaladitem":3,"minecraft:melon_seeds":24,"thermal:amaranth_seeds":88,"exnihilosequentia:copper_pieces":38,"minecraft:sunflower":3,"minecraft:coal":125,"minecraft:ender_pearl":1},"minecraft:custom":{"minecraft:interact_with_crafting_table":120,"minecraft:open_barrel":120,"twilightforest:e115_slices_eaten":1,"minecraft:leave_game":3,"minecraft:time_since_death":54899,"minecraft:sprint_one_cm":749018,"minecraft:drop":379,"minecraft:play_time":560284,"minecraft:deaths":51,"minecraft:jump":5687,"minecraft:walk_on_water_one_cm":59180,"minecraft:interact_with_furnace":32,"minecraft:sleep_in_bed":2,"minecraft:damage_dealt":10608,"minecraft:player_kills":60,"minecraft:crouch_one_cm":19211,"minecraft:inspect_dispenser":2,"minecraft:mob_kills":32,"minecraft:inspect_hopper":1,"minecraft:climb_one_cm":116472,"minecraft:walk_one_cm":1617456,"minecraft:sneak_time":14072,"minecraft:walk_under_water_one_cm":20048,"minecraft:boat_one_cm":968,"minecraft:total_world_time":560284,"minecraft:time_since_rest":54926,"minecraft:damage_taken":11350,"minecraft:damage_absorbed":40,"minecraft:swim_one_cm":1035,"minecraft:fly_one_cm":1138219,"minecraft:open_chest":282,"minecraft:fish_caught":2,"minecraft:fall_one_cm":122046},"minecraft:used":{"minecraft:moss_block":213,"minecraft:beetroot":1,"minecraft:moss_carpet":3,"engineersdecor:sign_danger":1,"minecraft:oak_sign":11,"pamhc2foodcore:carrotcupcakeitem":5,"minecraft:ladder":19,"farmersdelight:stove":1,"minecraft:iron_sword":2,"excompressum:compressed_hammer_stone":742,"excompressum:compressed_sand":2,"minecraft:rotten_flesh":2,"excompressum:compressed_flint":7,"twilightforest:experiment_115":1,"exnihilosequentia:sea_water_bucket":4,"minecraft:cocoa_beans":50,"farmersdelight:fish_stew":1,"exnihilosequentia:oak_crucible":5,"minecraft:carrot":8,"thermal:cooked_corn":3,"minecraft:jungle_sapling":3,"thermal:sadiroot_seeds":9,"minecraft:lava_bucket":1,"vanillahammers:obsidian_hammer":621,"pamhc2foodcore:chocolatecupcakeitem":5,"rsgauges:sensitive_glass_block":1,"pamhc2foodcore:saltitem":1,"thermal:peanut_seeds":7,"farmersdelight:cutting_board":2,"minecraft:bow":8,"minecraft:sweet_berries":8,"minecraft:written_book":7,"minecraft:oak_sapling":18,"minecraft:furnace":3,"minecraft:beetroot_seeds":15,"pamhc2foodcore:marshmellowchicksitem":1,"minecraft:potato":2,"minecraft:dark_oak_sapling":4,"thermal:corn_seeds":12,"minecraft:oak_planks":25,"minecraft:stone_pickaxe":144,"minecraft:orange_tulip":2,"minecraft:cactus":2,"minecraft:ender_pearl":1,"minecraft:wooden_pickaxe":192,"farmersdelight:pumpkin_slice":4,"minecraft:clay":12,"minecraft:sugar_cane":35,"exnihilosequentia:oak_sieve":3,"pamhc2foodcore:marshmellowsitem":1,"furnacemk2:furnacemk2":1,"minecraft:golden_apple":1,"minecraft:glow_berries":3,"mob_grinding_utils:tinted_glass":1,"minecraft:sand":51,"quark:azalea_planks":19,"minecraft:shears":56,"minecraft:pumpkin_seeds":9,"cfm:oak_chair":6,"cfm:oak_kitchen_counter":16,"pamhc2foodcore:cheeseitem":1,"quark:azalea_chest":1,"minecraft:stone_button":12,"minecraft:bread":5,"pamhc2foodcore:freshwateritem":15,"exnihilosequentia:large_fern_seeds":1,"minecraft:gravel":52,"exnihilosequentia:dust":5,"snad:snad":3,"excompressum:cow_bait":1,"thermal:onion_seeds":7,"exnihilosequentia:stone_hammer":1389,"functionalstorage:oak_1":3,"minecraft:oak_boat":1,"exnihilosequentia:silkworm":1,"minecraft:bone_meal":12,"minecraft:oak_trapdoor":46,"bonsaitrees3:bonsaipot":1,"minecraft:azalea":11,"minecraft:stone_sword":43,"exnihilosequentia:cactus_seeds":1,"farmersdelight:diamond_knife":41,"avaritia:compressed_crafting_table":1,"excompressum:chicken_bait":2,"thermal:amaranth_seeds":18,"thermal:radish_seeds":5,"excompressum:oak_heavy_sieve":1,"minecraft:wooden_shovel":8,"minecraft:stone_hoe":74,"exnihilosequentia:witch_water_bucket":4,"exnihilosequentia:potato_seeds":1,"minecraft:stick":58,"minecraft:torch":45,"minecraft:dirt":45,"thermal:eggplant_seeds":5,"minecraft:hopper":9,"minecraft:stone_stairs":1,"decorative_blocks:oak_support":3,"minecraft:granite":1,"sophisticatedstorage:iron_barrel":1,"farmersdelight:oak_cabinet":2,"minecraft:flowering_azalea":3,"excompressum:compressed_cobblestone":121,"minecraft:rooted_dirt":2,"minecraft:jungle_log":15,"thermal:green_bean":9,"exnihilosequentia:bamboo_seeds":2,"minecraft:melon_seeds":2,"thermal:barley_seeds":11,"minecraft:bamboo":6,"cobblefordays:tier_1":1,"exnihilosequentia:wooden_crook":91,"exnihilosequentia:andesite_pebble":1,"exnihilosequentia:dark_oak_seeds":1,"farmersdelight:basket":1,"mcwdoors:bamboo_western_door":1,"farmersdelight:cooking_pot":4,"exnihilosequentia:carrot_seeds":2,"chimes:bamboo_chimes":2,"comforts:sleeping_bag_white":2,"minecraft:stone_pressure_plate":9,"excompressum:compressed_gravel":11,"exnihilosequentia:fired_crucible":1,"minecraft:wheat_seeds":20,"minecraft:water_bucket":127,"minecraft:iron_ore":5,"farmersdelight:skillet":35,"quark:cobblestone_bricks":2,"exnihilosequentia:jungle_seeds":1,"exnihilosequentia:fern_seeds":4,"exnihilosequentia:granite_pebble":1,"mekanismtools:stone_paxel":525,"avaritia:double_compressed_crafting_table":1,"minecraft:cobblestone_slab":61,"cfm:oak_coffee_table":8,"minecraft:crafting_table":2,"minecraft:campfire":1,"minecraft:painting":2,"minecraft:oak_log":30,"exnihilosequentia:sugarcane_seeds":2,"minecraft:apple":5,"exnihilosequentia:oak_barrel":5,"exnihilosequentia:spruce_seeds":1,"minecraft:sunflower":3,"quark:azalea_log":2,"thermal:strawberry_seeds":6,"thermal:green_bean_seeds":4,"mcwdoors:bamboo_japanese2_door":1,"supplementaries:rope":2,"pamhc2foodcore:fruitsaladitem":14,"minecraft:stone_axe":93,"thermal:pbj_sandwich":1,"minecraft:fishing_rod":11,"minecraft:cobblestone":363,"exnihilosequentia:basalt_pebble":4,"mcwlights:classic_street_lamp":3,"thermal:tomato_seeds":6,"minecraft:bucket":177,"quark:oak_chest":11,"create:bar_of_chocolate":1},"minecraft:crafted":{"minecraft:brick":32,"buildersdelight:iron_chisel":1,"minecraft:oak_planks":672,"minecraft:cobblestone_slab":6,"excompressum:compressed_flint":7,"thermal:peanut_butter":1,"farmersdelight:canvas":1,"excompressum:compressed_cobblestone":86,"minecraft:stone":32,"chimes:bamboo_chimes":1,"farmersdelight:basket":1,"aquaculture:fish_fillet_raw":2,"minecraft:hopper":2,"minecraft:bow":1,"excompressum:compressed_gravel":2,"pamhc2foodcore:grinderitem":1,"farmersdelight:tomato_sauce":1,"cfm:oak_kitchen_counter":40,"snad:snad":1,"minecraft:stone_hoe":1,"supplementaries:flute":1,"pamhc2foodcore:cuttingboarditem":1,"farmersdelight:stove":1,"quark:azalea_planks":148,"supplementaries:rope_arrow":4,"minecraft:oak_slab":24,"minecraft:wooden_shovel":1,"pamhc2foodcore:bakewareitem":1,"minecraft:crafting_table":25,"minecraft:wooden_pickaxe":5,"thermal:jelly":1,"minecraft:campfire":2,"mekanismtools:stone_paxel":1,"farmersdelight:wheat_dough":6,"farmersdelight:skillet":1,"farmersdelight:cutting_board":1,"thermal:pbj_sandwich":2,"pamhc2foodcore:skilletitem":1,"minecraft:paper":3,"exnihilosequentia:stone_hammer":41,"minecraft:stick":124,"quark:oak_chest":18,"minecraft:iron_ingot":5,"excompressum:oak_heavy_sieve":1,"minecraft:stone_sword":2,"pamhc2foodcore:juiceritem":1,"minecraft:iron_ore":69,"pamhc2foodcore:potitem":1,"decorative_blocks:oak_support":6,"mcwdoors:bamboo_western_door":1,"quark:rope":30,"exnihilosequentia:oak_crucible":1,"minecraft:stone_shovel":1,"excompressum:compressed_dust":1,"minecraft:fishing_rod":1,"cfm:oak_coffee_table":8,"comforts:sleeping_bag_white":3,"minecraft:furnace":2,"minecraft:stone_button":11,"quark:azalea_chest":1,"pamhc2foodcore:rolleritem":1,"mcwdoors:bamboo_japanese2_door":1,"morevanillalib:obsidian_shard":9,"minecraft:oak_trapdoor":4,"exnihilosequentia:oak_sieve":2,"minecraft:terracotta":14,"quark:azalea_planks_slab":6,"pamhc2foodcore:mixingbowlitem":1,"avaritia:compressed_crafting_table":2,"minecraft:stone_pickaxe":2,"thermal:jar":8,"exnihilosequentia:wooden_crook":1,"functionalstorage:oak_1":1,"minecraft:sugar":22,"excompressum:compressed_hammer_stone":4,"minecraft:bowl":264,"farmersdelight:cooking_pot":1,"minecraft:bucket":1,"minecraft:stone_axe":1,"minecraft:air":1580,"minecraft:blue_dye":1,"pamhc2foodcore:freshwateritem":8,"minecraft:white_wool":9,"cfm:oak_chair":4,"farmersdelight:diamond_knife":1,"farmersdelight:oak_cabinet":2,"exnihilosequentia:string_mesh":2}},"DataVersion":2975}