{"stats":{"minecraft:crafted":{"excompressum:compressed_flint":7,"excompressum:compressed_cobblestone":86,"pamhc2foodcore:donutitem":3,"chimes:bamboo_chimes":1,"farmersdelight:basket":1,"aquaculture:fish_fillet_raw":2,"thermal:cheese_wedge":4,"cfm:white_sofa":4,"excompressum:compressed_gravel":3,"pamhc2foodcore:grinderitem":1,"cfm:oak_kitchen_counter":40,"snad:snad":1,"pamhc2foodcore:hotchocolateitem":8,"supplementaries:flute":1,"minecraft:wooden_shovel":1,"minecraft:diamond_axe":1,"minecraft:campfire":2,"farmersdelight:wheat_dough":6,"pamhc2foodcore:skilletitem":1,"quark:oak_chest":21,"excompressum:oak_heavy_sieve":1,"pamhc2foodcore:potitem":1,"mcwdoors:bamboo_western_door":1,"minecraft:stone_shovel":1,"comforts:sleeping_bag_white":3,"excompressum:chicken_bait":1,"quark:azalea_chest":1,"mcwdoors:bamboo_japanese2_door":1,"minecraft:white_carpet":9,"minecraft:terracotta":14,"pamhc2foodcore:fruitcrumbleitem":1,"quark:azalea_planks_slab":6,"thermal:chocolate_cake":1,"minecraft:stone_pickaxe":2,"thermal:jar":8,"minecraft:coal_block":1,"excompressum:compressed_hammer_stone":4,"pamhc2foodcore:chocolatedonutitem":3,"farmersdelight:cooking_pot":1,"pamhc2foodcore:freshwateritem":8,"farmersdelight:diamond_knife":1,"farmersdelight:oak_cabinet":2,"exnihilosequentia:string_mesh":2,"minecraft:brick":32,"buildersdelight:iron_chisel":1,"mekanismtools:diamond_paxel":1,"minecraft:oak_planks":724,"minecraft:cobblestone_slab":6,"thermal:peanut_butter":1,"farmersdelight:canvas":1,"minecraft:sand":18,"minecraft:stone":32,"minecraft:hopper":9,"minecraft:bow":1,"thermal:cheese_wheel":1,"farmersdelight:tomato_sauce":1,"minecraft:stone_hoe":1,"pamhc2foodcore:cuttingboarditem":1,"quark:azalea_planks":148,"farmersdelight:stove":1,"supplementaries:rope_arrow":4,"minecraft:oak_slab":24,"pamhc2foodcore:bakewareitem":1,"minecraft:crafting_table":25,"minecraft:spruce_planks":4,"minecraft:wooden_pickaxe":5,"thermal:jelly":1,"farmersdelight:skillet":1,"mekanismtools:stone_paxel":1,"farmersdelight:cutting_board":1,"thermal:pbj_sandwich":2,"minecraft:paper":3,"exnihilosequentia:stone_hammer":50,"minecraft:stick":140,"minecraft:iron_ingot":29,"minecraft:stone_sword":2,"pamhc2foodcore:juiceritem":1,"minecraft:iron_ore":69,"decorative_blocks:oak_support":9,"quark:rope":30,"exnihilosequentia:oak_crucible":1,"excompressum:compressed_dust":1,"minecraft:fishing_rod":4,"cfm:oak_coffee_table":8,"minecraft:furnace":2,"minecraft:stone_button":11,"pamhc2foodcore:rolleritem":1,"farmersdelight:pie_crust":2,"morevanillalib:obsidian_shard":9,"minecraft:oak_trapdoor":4,"exnihilosequentia:oak_sieve":2,"pamhc2foodcore:mixingbowlitem":1,"avaritia:compressed_crafting_table":2,"pamhc2foodcore:yogurtitem":19,"pamhc2foodcore:chocolatepuddingitem":8,"exnihilosequentia:wooden_crook":1,"functionalstorage:oak_1":1,"minecraft:sugar":24,"minecraft:diamond_sword":2,"minecraft:bowl":264,"minecraft:bucket":1,"minecraft:stone_axe":1,"minecraft:air":2480,"minecraft:blue_dye":1,"minecraft:white_wool":13,"cfm:oak_chair":4,"farmersdelight:hot_cocoa":1},"minecraft:dropped":{"minecraft:iron_sword":1,"thermal:cooked_corn":13,"exnihilosequentia:granite_pebble":3,"minecraft:lapis_lazuli":8,"thermal:peanut":1,"minecraft:diamond":5,"minecraft:emerald":8,"minecraft:gray_concrete":7,"aquaculture:fish_fillet_raw":2,"supplementaries:rope":4,"avaritia:double_compressed_crafting_table":1,"minecraft:stone_button":2,"pamhc2foodcore:saltitem":2,"minecraft:jungle_sapling":1,"minecraft:bone_meal":10,"create:goggles":1,"thermal:peanut_seeds":1,"minecraft:sugar":2,"minecraft:fishing_rod":1,"pamhc2foodcore:fruitsaladitem":12,"mekanismtools:refined_obsidian_sword":3,"minecraft:sugar_cane":14,"pamhc2foodcore:hotchocolateitem":6,"minecraft:wheat":1,"exnihilosequentia:copper_pieces":23,"minecraft:obsidian":37,"minecraft:rotten_flesh":3,"thermal:corn":6,"minecraft:oak_planks":96,"exnihilosequentia:potato_seeds":1,"pamhc2foodcore:chocolatecupcakeitem":11,"thermal:eggplant_seeds":1,"pamhc2foodcore:freshmilkitem":2,"exnihilosequentia:carrot_seeds":1,"thermal:jar":2,"exnihilosequentia:wooden_crook":1,"exnihilosequentia:acacia_seeds":1,"pamhc2foodcore:carrotcupcakeitem":7,"minecraft:iron_ingot":32,"exnihilosequentia:sweet_berry_seeds":1,"minecraft:wheat_seeds":13,"create:polished_rose_quartz":1,"farmersdelight:skillet":3,"mekanism:dust_obsidian":3,"minecraft:cobblestone":547,"vanillahammers:obsidian_hammer":2,"mekanismtools:stone_paxel":4,"minecraft:coal":1,"mob_grinding_utils:xp_tap":1,"minecraft:lava_bucket":1,"exnihilosequentia:red_coral_larvae":7,"farmersdelight:cooked_cod_slice":1,"exnihilosequentia:aluminum_pieces":14,"minecraft:paper":8,"create:sand_paper":1,"minecraft:moss_carpet":8,"quark:azalea_planks":7,"minecraft:stone_sword":5,"thermal:amaranth_seeds":6,"mob_grinding_utils:tinted_glass":1,"minecraft:bowl":1,"minecraft:stone_shovel":1,"minecraft:white_carpet":10,"exnihilosequentia:pickle_seeds":1,"thermal:strawberry":2,"thermal:pbj_sandwich":3,"minecraft:pumpkin_seeds":4,"minecraft:diamond_sword":3,"exnihilosequentia:grass_seeds":9,"kubejs:stone_coin":3,"create:brass_casing":1,"supplementaries:flute":6,"create:belt_connector":13,"exnihilosequentia:mycelium_spores":1,"storagenetwork:inventory_remote":2,"exnihilosequentia:uranium_pieces":10,"pamhc2foodcore:mixingbowlitem":1,"minecraft:oak_log":10,"exnihilosequentia:diorite_pebble":6,"exnihilosequentia:jungle_seeds":1,"thermal:cheese_wedge":2,"pamhc2foodcore:chocolatepuddingitem":2,"exnihilosequentia:spruce_seeds":1,"excompressum:sheep_bait":1,"minecraft:flint":16,"minecraft:cornflower":1,"solcarrot:food_book":2,"pamhc2foodcore:yogurtitem":9,"exnihilosequentia:stone_hammer":3,"ftbquests:book":1,"thermal:green_bean_seeds":3,"farmersdelight:sweet_berry_cheesecake":1,"minecraft:gravel":4,"exnihilosequentia:cactus_seeds":1,"buildersdelight:iron_chisel":2,"farmersdelight:hot_cocoa":1,"minecraft:beetroot":1,"ae2:fluix_dust":1,"sophisticatedbackpacks:diamond_backpack":1,"minecraft:carrot":1,"ae2:sky_dust":2,"minecraft:gunpowder":1,"thermal:cinnabar":2,"pamhc2foodcore:fruitcrumbleitem":1,"minecraft:beetroot_seeds":8,"minecraft:melon_seeds":6,"minecraft:azalea":3,"comforts:sleeping_bag_white":2,"minecraft:iron_ore":48,"thermal:cooked_eggplant":1,"farmersdelight:ratatouille":3,"farmersdelight:fish_stew":1,"exnihilosequentia:basalt_pebble":3,"create:andesite_alloy":36,"minecraft:water_bucket":2,"minecraft:stone_hoe":3,"minecraft:bread":3,"create:unprocessed_obsidian_sheet":5,"storagenetwork:crafting_remote":2,"minecraft:mossy_cobblestone":4,"minecraft:poisonous_potato":1,"exnihilosequentia:birch_seeds":1,"exnihilosequentia:iron_pieces":3,"exnihilosequentia:kelp_seeds":18,"minecraft:copper_ingot":9,"exnihilosequentia:andesite_pebble":3,"minecraft:stick":18,"minecraft:milk_bucket":1,"minecraft:torch":64,"exnihilosequentia:dust":64,"pamhc2foodcore:cookingoilitem":1,"minecraft:slime_spawn_egg":1,"thermal:green_bean":1,"minecraft:cactus":2,"excompressum:cow_bait":1,"minecraft:bucket":5,"minecraft:redstone_block":14,"pamhc2foodcore:marshmellowsitem":14,"minecraft:sweet_berries":2,"minecraft:brown_dye":1,"create:shaft":13,"excompressum:chicken_bait":2,"pamhc2foodcore:freshwateritem":10,"pamhc2foodcore:bakedvegetablemedlyitem":5,"thermal:iron_plate":1,"thermal:sadiroot_seeds":1,"thermal:eggplant":1,"minecraft:andesite":1,"exnihilosequentia:lead_pieces":21,"exnihilosequentia:silver_pieces":6,"minecraft:oak_sapling":16,"minecraft:stone_pickaxe":8,"minecraft:wooden_pickaxe":1,"pamhc2foodcore:carrotbreaditem":2,"thermal:niter":1,"excompressum:compressed_gravel":42},"minecraft:killed":{"minecraft:skeleton":54,"minecraft:chicken":2,"minecraft:zombie":61,"mekanismadditions:baby_skeleton":23,"minecraft:enderman":2,"mekanismadditions:baby_enderman":1,"mekanismadditions:baby_creeper":11,"minecraft:creeper":28},"minecraft:killed_by":{"minecraft:zombie":1,"blue_skies:infested_swarmer":1,"minecraft:creeper":2,"mekanismadditions:baby_skeleton":1,"minecraft:player":73,"minecraft:enderman":2,"minecraft:skeleton":3},"minecraft:mined":{"quark:azalea_log":61,"minecraft:obsidian":1,"exnihilosequentia:oak_sieve":1,"minecraft:jungle_log":20,"snad:snad":2,"minecraft:hopper":1,"minecraft:oak_wall_sign":2,"minecraft:nether_wart":4,"mcwlights:classic_street_lamp":3,"minecraft:pumpkin":8,"minecraft:moss_carpet":13,"thermal:corn":4,"thermal:amaranth":12,"minecraft:cave_vines":3,"thermal:eggplant":2,"cfm:oak_kitchen_counter":3,"engineersdecor:metal_sliding_door":1,"chimes:bamboo_chimes":1,"minecraft:kelp_plant":33,"minecraft:torch":32,"rsgauges:sensitive_glass_block":2,"minecraft:melon":7,"excompressum:compressed_cobblestone":539,"create:train_door":1,"excompressum:oak_heavy_sieve":3,"minecraft:sugar_cane":184,"minecraft:birch_sapling":4,"avaritia:double_compressed_crafting_table":1,"minecraft:wheat":11,"minecraft:pumpkin_stem":6,"mcwdoors:bamboo_western_door":1,"minecraft:grass":44,"create:hand_crank":1,"minecraft:dark_oak_sapling":6,"thermal:barley":8,"minecraft:attached_pumpkin_stem":1,"minecraft:mossy_cobblestone":2,"functionalstorage:oak_1":4,"minecraft:moss_block":214,"minecraft:kelp":7,"engineersdecor:sign_exit":1,"supplementaries:rope":5,"minecraft:jungle_sapling":2,"thermal:onion":1,"minecraft:potatoes":1,"minecraft:cobblestone_slab":6,"minecraft:vine":6,"minecraft:bamboo":8,"minecraft:gray_concrete":14,"quark:oak_chest":2,"create:fluid_pipe":1,"minecraft:cornflower":1,"create:mechanical_pump":1,"minecraft:tall_grass":12,"thermal:green_bean":1,"cookingforblockheads:cutting_board":2,"excompressum:cow_bait":1,"farmersdelight:skillet":10,"furnacemk2:furnacemk2":1,"minecraft:white_carpet":13,"thermal:radish":1,"create:crushing_wheel":2,"cfm:oak_coffee_table":8,"minecraft:sunflower":3,"minecraft:gravel":64,"minecraft:fern":4,"minecraft:oak_sapling":7,"minecraft:cobblestone_stairs":9,"minecraft:cave_vines_plant":2,"minecraft:grass_block":1,"comforts:sleeping_bag_white":1,"cobblefordays:tier_1":1,"minecraft:iron_ore":5,"thermal:tomato":2,"exnihilosequentia:oak_barrel":5,"supplementaries:stick":64,"minecraft:flowering_azalea_leaves":1,"minecraft:iron_bars":9,"minecraft:azalea_leaves":1,"minecraft:azalea":1,"mob_grinding_utils:tinted_glass":2,"excompressum:compressed_sand":15,"decorative_blocks:oak_support":3,"minecraft:clay":12,"quark:cobblestone_bricks":34,"thermal:sadiroot":7,"thermal:peanut":4,"create:brass_casing":1,"minecraft:cobblestone":230,"minecraft:oak_planks":6,"minecraft:wall_torch":46,"create:large_water_wheel":1,"farmersdelight:cutting_board":1,"excompressum:chicken_bait":6,"exnihilosequentia:oak_crucible":4,"minecraft:oak_log":112,"minecraft:beetroots":11,"minecraft:sand":15,"minecraft:dirt":9,"minecraft:oak_leaves":57,"exnihilosequentia:infested_leaves":75,"minecraft:ladder":43,"minecraft:rooted_dirt":2,"minecraft:large_fern":2,"thermal:strawberry":3,"minecraft:oak_trapdoor":4,"minecraft:spruce_sapling":1,"minecraft:furnace":1,"minecraft:carrots":4,"mekanismadditions:gray_plastic":3,"minecraft:stripped_oak_log":1,"sophisticatedstorage:iron_barrel":1,"minecraft:stone":6003,"farmersdelight:cooking_pot":8,"minecraft:flowering_azalea":3,"exnihilosequentia:dust":3,"minecraft:crafting_table":5,"minecraft:sculk_sensor":1,"excompressum:compressed_gravel":80,"minecraft:air":708,"minecraft:cactus":2,"cfm:oak_chair":4,"minecraft:sweet_berry_bush":18,"minecraft:cocoa":45,"create:mechanical_crafter":21,"farmersdelight:stove":1,"engineersdecor:sign_danger":1},"minecraft:custom":{"minecraft:interact_with_crafting_table":176,"minecraft:open_barrel":234,"minecraft:eat_cake_slice":2,"minecraft:leave_game":4,"minecraft:time_since_death":28427,"minecraft:play_time":982250,"minecraft:deaths":110,"minecraft:jump":9850,"minecraft:interact_with_furnace":42,"minecraft:sleep_in_bed":2,"minecraft:damage_dealt":27597,"minecraft:inspect_dispenser":2,"minecraft:inspect_hopper":5,"minecraft:sneak_time":22491,"minecraft:total_world_time":982250,"minecraft:time_since_rest":28456,"minecraft:swim_one_cm":6929,"minecraft:fly_one_cm":1973074,"minecraft:open_chest":385,"minecraft:fish_caught":3,"minecraft:fall_one_cm":189665,"twilightforest:e115_slices_eaten":1,"minecraft:sprint_one_cm":1314018,"minecraft:drop":845,"minecraft:walk_on_water_one_cm":88027,"minecraft:player_kills":128,"minecraft:crouch_one_cm":27539,"minecraft:mob_kills":190,"minecraft:climb_one_cm":206925,"minecraft:walk_one_cm":2757362,"minecraft:walk_under_water_one_cm":39193,"minecraft:boat_one_cm":1480,"minecraft:damage_taken":32848,"minecraft:damage_absorbed":40},"minecraft:broken":{"mekanismtools:osmium_helmet":1,"mekanismtools:stone_paxel":2,"exnihilosequentia:stone_hammer":3,"minecraft:fishing_rod":2,"minecraft:wooden_pickaxe":3,"minecraft:stone_pickaxe":1,"excompressum:compressed_hammer_stone":7},"minecraft:picked_up":{"minecraft:seagrass":5,"storagenetwork:inventory_remote":3,"thermal:amaranth":36,"minecraft:prismarine_shard":45,"exnihilosequentia:oak_crucible":4,"exnihilomekanism:osmium_pieces":95,"minecraft:diamond_sword":2,"exnihilosequentia:andesite_pebble":9,"exnihilosequentia:dark_oak_seeds":4,"quark:azalea_log":62,"create:bar_of_chocolate":2,"exnihilosequentia:flint_mesh":6,"farmersdelight:cutting_board":1,"minecraft:string":267,"thermal:barley_seeds":41,"create:unprocessed_obsidian_sheet":2,"minecraft:beetroot":50,"chimes:bamboo_chimes":1,"mysticalagriculture:inferium_essence":21,"exnihilosequentia:oak_sieve":1,"thermal:eggplant":19,"minecraft:written_book":5,"minecraft:melon_slice":38,"create:train_door":1,"thermal:sadiroot_seeds":45,"pamhc2foodcore:cuttingboarditem":2,"farmersdelight:chicken_cuts":2,"minecraft:stone_sword":2,"mekanismadditions:gray_plastic":3,"excompressum:compressed_sand":2,"thermal:radish_seeds":35,"minecraft:iron_bars":8,"minecraft:feather":2,"minecraft:water_bucket":2,"minecraft:jungle_log":20,"minecraft:flint":512,"pamhc2foodcore:juiceritem":1,"exnihilosequentia:gold_pieces":203,"minecraft:gray_concrete":14,"bhc:red_heart":1,"ftbquests:book":1,"create:shaft":8,"exnihilosequentia:jungle_seeds":8,"minecraft:moss_block":229,"exnihilosequentia:iron_mesh":2,"mekanismtools:stone_paxel":2,"thermal:onion_seeds":40,"exnihilosequentia:silkworm":73,"exnihilosequentia:pickle_seeds":2,"thermal:eggplant_seeds":33,"exnihilosequentia:silver_pieces":317,"storagenetwork:crafting_remote":2,"minecraft:bread":1,"minecraft:rooted_dirt":2,"minecraft:crafting_table":6,"pamhc2foodcore:potitem":1,"minecraft:nether_wart":8,"minecraft:clay_ball":48,"exnihilosequentia:spruce_seeds":6,"thermal:strawberry":21,"minecraft:cornflower":3,"minecraft:white_carpet":24,"thermal:radish":19,"excompressum:compressed_cobblestone":42,"farmersdelight:cod_slice":4,"thermal:niter":1,"minecraft:jungle_sapling":4,"minecraft:poppy":2,"supplementaries:rope":44,"minecraft:birch_sapling":4,"minecraft:egg":5,"exnihilosequentia:zinc_pieces":163,"create:polished_rose_quartz":1,"thermal:sadiroot":20,"minecraft:stone":137,"sophisticatedbackpacks:backpack":2,"exnihilosequentia:granite_pebble":11,"minecraft:carrot":52,"exnihilosequentia:pink_coral_larvae":6,"create:brass_casing":1,"minecraft:prismarine_crystals":6,"exnihilosequentia:diamond_mesh":1,"minecraft:stone_shovel":1,"mcwdoors:bamboo_western_door":1,"exnihilosequentia:mycelium_spores":2,"excompressum:compressed_gravel":25,"exnihilosequentia:carrot_seeds":8,"farmersdelight:cooked_chicken_cuts":2,"minecraft:beetroot_seeds":92,"minecraft:shears":1,"aquaculture:carp":1,"rsgauges:sensitive_glass_block":2,"minecraft:glow_berries":6,"exnihilosequentia:basalt_pebble":7,"minecraft:stripped_oak_log":1,"ae2:fluix_dust":1,"exnihilosequentia:fern_seeds":1,"engineersdecor:sign_danger":1,"furnacemk2:furnacemk2":1,"excompressum:cow_bait":1,"minecraft:oak_log":109,"exnihilosequentia:iron_pieces":1055,"farmersdelight:skillet":15,"avaritia:double_compressed_crafting_table":2,"minecraft:paper":1,"create:crushing_wheel":4,"exnihilosequentia:aluminum_pieces":305,"minecraft:apple":4,"thermal:corn":45,"farmersdelight:cooking_pot":8,"minecraft:kelp":79,"solcarrot:food_book":3,"minecraft:stone_pickaxe":9,"exnihilosequentia:oak_seeds":4,"minecraft:flowering_azalea":10,"cfm:oak_coffee_table":8,"minecraft:milk_bucket":14,"mcwlights:classic_street_lamp":3,"minecraft:sweet_berries":132,"thermal:strawberry_seeds":37,"minecraft:gravel":3553,"exnihilosequentia:stone_hammer":3,"minecraft:spruce_sapling":1,"exnihilosequentia:birch_seeds":4,"exnihilosequentia:yellow_coral_larvae":13,"exnihilosequentia:oak_barrel":5,"quark:cobblestone_bricks":34,"exnihilosequentia:sweet_berry_seeds":2,"minecraft:painting":2,"thermal:amaranth_seeds":108,"minecraft:melon_seeds":37,"pamhc2foodcore:fruitsaladitem":3,"minecraft:hopper":1,"exnihilosequentia:copper_pieces":327,"minecraft:ender_pearl":1,"sophisticatedstorage:iron_barrel":1,"minecraft:wheat":61,"minecraft:redstone_block":7,"vanillahammers:obsidian_hammer":3,"pamhc2foodcore:cheeseitem":1,"quark:azalea_planks":1,"cfm:oak_kitchen_counter":2,"minecraft:oak_sign":11,"thermal:iron_plate":1,"cobblefordays:tier_1":1,"thermal:tomato":16,"minecraft:bucket":20,"comforts:sleeping_bag_white":3,"exnihilosequentia:emerald_mesh":3,"create:sturdy_sheet":3,"minecraft:cobblestone_slab":12,"blue_skies:bug_guts":1,"minecraft:azalea":21,"minecraft:furnace":1,"minecraft:stick":121,"exnihilosequentia:large_fern_seeds":1,"minecraft:torch":176,"pamhc2foodcore:mixingbowlitem":1,"minecraft:dried_kelp":39,"minecraft:cactus":5,"minecraft:rotten_flesh":26,"thermal:corn_seeds":89,"exnihilosequentia:sugarcane_seeds":2,"farmersdelight:raw_pasta":3,"minecraft:obsidian":48,"minecraft:cod":2,"minecraft:cobblestone":5587,"exnihilosequentia:blackstone_pebble":4,"minecraft:andesite":5,"minecraft:potato":86,"exnihilosequentia:string_mesh":7,"thermal:onion":27,"supplementaries:flute":7,"mekanism:dust_obsidian":6,"exnihilosequentia:tin_pieces":303,"minecraft:lapis_lazuli":290,"minecraft:dirt":39,"thermal:cooked_eggplant":1,"exnihilosequentia:fired_crucible":1,"minecraft:glass":4,"minecraft:bone":38,"mekanismtools:refined_obsidian_sword":2,"minecraft:bow":1,"minecraft:orange_tulip":4,"minecraft:wheat_seeds":178,"thermal:cooked_corn":20,"pamhc2foodcore:bakewareitem":1,"farmersdelight:pumpkin_slice":16,"exnihilosequentia:grass_seeds":10,"minecraft:bamboo":58,"minecraft:oak_planks":9,"minecraft:stone_hoe":3,"exnihilosequentia:lead_pieces":318,"thermal:barley":19,"minecraft:poisonous_potato":1,"minecraft:sand":993,"exnihilosequentia:kelp_seeds":24,"buildersdelight:iron_chisel":2,"minecraft:mossy_cobblestone":6,"thermal:peanut":20,"pamhc2foodcore:saltitem":1,"engineersdecor:sign_exit":1,"minecraft:sugar":2,"minecraft:clay":30,"minecraft:diamond":31,"minecraft:bone_meal":59,"mob_grinding_utils:tinted_glass":4,"minecraft:emerald":22,"minecraft:oak_sapling":53,"minecraft:oak_leaves":56,"functionalstorage:oak_1":2,"minecraft:cocoa_beans":179,"minecraft:chicken":2,"minecraft:ladder":45,"bonsaitrees3:bonsaipot":1,"thermal:cinnabar":2,"minecraft:wooden_pickaxe":1,"farmersdelight:diamond_knife":1,"minecraft:oak_trapdoor":4,"minecraft:stone_stairs":1,"minecraft:moss_carpet":59,"exnihilosequentia:dust":94,"exnihilosequentia:potato_seeds":4,"farmersdelight:straw":12,"excompressum:chicken_bait":5,"thermal:pbj_sandwich":1,"minecraft:sugar_cane":330,"minecraft:dark_oak_sapling":6,"exnihilosequentia:cactus_seeds":8,"minecraft:raw_iron":5,"minecraft:copper_ingot":15,"minecraft:bowl":66,"exnihilosequentia:diorite_pebble":17,"minecraft:stone_button":3,"create:hand_crank":2,"exnihilosequentia:uranium_pieces":83,"thermal:green_bean":22,"minecraft:brown_dye":2,"exnihilosequentia:purple_coral_larvae":6,"exnihilosequentia:nickel_pieces":328,"farmersdelight:cooked_cod_slice":2,"mekanismtools:osmium_helmet":1,"thermal:peanut_seeds":41,"exnihilosequentia:bamboo_seeds":4,"exnihilosequentia:blue_coral_larvae":10,"minecraft:arrow":31,"excompressum:oak_heavy_sieve":3,"cfm:oak_chair":4,"create:andesite_alloy":19,"exnihilosequentia:acacia_seeds":3,"minecraft:gunpowder":2,"minecraft:cobblestone_stairs":7,"mekanism:salt":43,"ae2:sky_dust":2,"decorative_blocks:oak_support":4,"minecraft:iron_ingot":34,"thermal:tomato_seeds":29,"minecraft:pumpkin":9,"exnihilosequentia:red_coral_larvae":14,"mekanismtools:diamond_paxel":1,"thermal:green_bean_seeds":35,"quark:oak_chest":2,"pamhc2foodcore:grinderitem":1,"minecraft:pumpkin_seeds":34,"minecraft:sculk_sensor":1,"mekanism:fluorite_gem":47,"farmersdelight:stove":1,"minecraft:coal":319,"minecraft:sunflower":3},"minecraft:used":{"minecraft:beetroot":1,"minecraft:moss_block":218,"pamhc2foodcore:carrotcupcakeitem":5,"minecraft:ladder":20,"excompressum:compressed_hammer_stone":1061,"minecraft:rotten_flesh":2,"excompressum:compressed_flint":7,"twilightforest:experiment_115":1,"minecraft:soul_sand":9,"minecraft:cocoa_beans":50,"exnihilosequentia:birch_seeds":4,"minecraft:jungle_sapling":3,"minecraft:lava_bucket":5,"vanillahammers:obsidian_hammer":868,"pamhc2foodcore:saltitem":1,"farmersdelight:glow_berry_custard":2,"minecraft:bow":8,"minecraft:sweet_berries":17,"minecraft:furnace":3,"minecraft:oak_sapling":18,"minecraft:potato":26,"pamhc2foodcore:freshmilkitem":16,"minecraft:cactus":2,"minecraft:orange_tulip":2,"minecraft:wooden_pickaxe":192,"exnihilosequentia:oak_sieve":3,"minecraft:clay":12,"farmersdelight:pumpkin_slice":6,"minecraft:golden_apple":1,"minecraft:glow_berries":3,"mob_grinding_utils:tinted_glass":1,"minecraft:sand":56,"minecraft:gray_concrete":7,"minecraft:pumpkin_seeds":9,"pamhc2foodcore:cheeseitem":1,"pamhc2foodcore:freshwateritem":20,"minecraft:stone_button":12,"exnihilosequentia:large_fern_seeds":1,"farmersdelight:chocolate_pie":1,"excompressum:cow_bait":1,"minecraft:diamond_sword":158,"minecraft:oak_boat":1,"bonsaitrees3:bonsaipot":1,"minecraft:oak_trapdoor":46,"minecraft:iron_bars":1,"minecraft:stone_sword":48,"exnihilosequentia:cactus_seeds":1,"exnihilosequentia:witch_water_bucket":4,"exnihilosequentia:potato_seeds":1,"minecraft:stick":61,"minecraft:torch":56,"thermal:eggplant_seeds":5,"storagenetwork:inventory_remote":1,"minecraft:stone_stairs":1,"decorative_blocks:oak_support":3,"sophisticatedstorage:iron_barrel":1,"thermal:chocolate_cake":1,"farmersdelight:oak_cabinet":2,"minecraft:flowering_azalea":3,"excompressum:compressed_cobblestone":122,"minecraft:rooted_dirt":2,"minecraft:jungle_log":15,"thermal:green_bean":9,"pamhc2foodcore:chocolatepuddingitem":7,"minecraft:melon_seeds":3,"thermal:barley_seeds":11,"minecraft:bamboo":6,"cobblefordays:tier_1":1,"exnihilosequentia:dark_oak_seeds":1,"mcwdoors:bamboo_western_door":1,"farmersdelight:cooking_pot":9,"chimes:bamboo_chimes":2,"comforts:sleeping_bag_white":3,"excompressum:compressed_gravel":14,"minecraft:wheat_seeds":33,"minecraft:water_bucket":179,"pamhc2foodcore:carrotbreaditem":2,"quark:cobblestone_bricks":2,"pamhc2foodcore:cocoapowderitem":1,"exnihilosequentia:jungle_seeds":1,"exnihilosequentia:fern_seeds":4,"exnihilosequentia:granite_pebble":1,"mekanismtools:stone_paxel":525,"avaritia:double_compressed_crafting_table":1,"cfm:oak_coffee_table":14,"storagenetwork:crafting_remote":1,"pamhc2foodcore:sweetberryjuiceitem":1,"minecraft:crafting_table":3,"minecraft:campfire":1,"mekanismtools:refined_obsidian_sword":8,"minecraft:oak_log":30,"exnihilosequentia:oak_barrel":5,"cfm:white_sofa":4,"minecraft:sunflower":3,"exnihilosequentia:spruce_seeds":1,"quark:azalea_log":2,"thermal:strawberry_seeds":6,"mcwdoors:bamboo_japanese2_door":1,"supplementaries:rope":2,"minecraft:cobblestone":446,"quark:oak_chest":12,"minecraft:kelp":16,"create:bar_of_chocolate":1,"pamhc2foodcore:chocolatedonutitem":1,"minecraft:moss_carpet":13,"engineersdecor:sign_danger":1,"engineersdecor:sign_exit":1,"pamhc2foodcore:fruitcrumbleitem":1,"minecraft:oak_sign":11,"farmersdelight:stove":2,"minecraft:iron_sword":2,"minecraft:nether_wart":10,"excompressum:compressed_sand":18,"exnihilosequentia:sea_water_bucket":6,"pamhc2foodcore:sweetberryyogurtitem":1,"farmersdelight:cooked_cod_slice":1,"farmersdelight:fish_stew":1,"exnihilosequentia:oak_crucible":5,"minecraft:carrot":8,"thermal:cooked_corn":7,"mekanismtools:diamond_paxel":922,"minecraft:milk_bucket":2,"pamhc2foodcore:cookingoilitem":1,"thermal:sadiroot_seeds":9,"pamhc2foodcore:chocolatecupcakeitem":5,"rsgauges:sensitive_glass_block":1,"thermal:peanut_seeds":7,"minecraft:slime_spawn_egg":1,"farmersdelight:cutting_board":2,"minecraft:written_book":7,"minecraft:beetroot_seeds":15,"pamhc2foodcore:marshmellowchicksitem":1,"minecraft:dark_oak_sapling":5,"create:crushing_wheel":4,"thermal:corn_seeds":22,"minecraft:stone_pickaxe":144,"minecraft:oak_planks":25,"pamhc2foodcore:meatloafitem":1,"minecraft:ender_pearl":1,"minecraft:sugar_cane":36,"pamhc2foodcore:marshmellowsitem":1,"furnacemk2:furnacemk2":1,"quark:azalea_planks":19,"minecraft:shears":56,"cfm:oak_chair":6,"cfm:oak_kitchen_counter":16,"farmersdelight:ratatouille":1,"quark:azalea_chest":1,"minecraft:melon_slice":4,"minecraft:bread":5,"farmersdelight:cooked_chicken_cuts":2,"minecraft:gravel":52,"exnihilosequentia:dust":5,"snad:snad":3,"thermal:onion_seeds":8,"exnihilosequentia:stone_hammer":1389,"functionalstorage:oak_1":3,"exnihilosequentia:silkworm":1,"minecraft:bone_meal":93,"minecraft:azalea":11,"farmersdelight:diamond_knife":45,"avaritia:compressed_crafting_table":1,"excompressum:chicken_bait":7,"thermal:amaranth_seeds":21,"thermal:radish_seeds":5,"excompressum:oak_heavy_sieve":3,"minecraft:wooden_shovel":8,"minecraft:stone_hoe":87,"minecraft:dirt":46,"minecraft:white_carpet":10,"minecraft:hopper":19,"minecraft:granite":1,"exnihilosequentia:bamboo_seeds":2,"exnihilosequentia:wooden_crook":91,"exnihilosequentia:andesite_pebble":1,"farmersdelight:basket":1,"exnihilosequentia:carrot_seeds":2,"pamhc2foodcore:yogurtitem":5,"minecraft:stone_pressure_plate":9,"minecraft:pumpkin":1,"exnihilosequentia:fired_crucible":1,"minecraft:iron_ore":5,"farmersdelight:skillet":138,"minecraft:baked_potato":1,"create:train_door":1,"minecraft:cobblestone_slab":68,"pamhc2foodcore:hotchocolateitem":1,"minecraft:painting":2,"farmersdelight:hot_cocoa":3,"exnihilosequentia:sugarcane_seeds":2,"minecraft:apple":5,"abstoneedition:uranium_sword":2,"pamhc2foodcore:bakedvegetablemedlyitem":3,"thermal:green_bean_seeds":4,"pamhc2foodcore:fruitsaladitem":18,"minecraft:stone_axe":93,"thermal:cheese_wedge":1,"thermal:pbj_sandwich":2,"minecraft:fishing_rod":49,"mcwlights:classic_street_lamp":3,"exnihilosequentia:basalt_pebble":4,"thermal:tomato_seeds":6,"minecraft:bucket":240,"create:hand_crank":2,"farmersdelight:fruit_salad":1}},"DataVersion":2975}