{"stats":{"minecraft:broken":{"mekanismtools:stone_paxel":2,"minecraft:stone_pickaxe":1,"exnihilosequentia:stone_hammer":3,"minecraft:wooden_pickaxe":3,"excompressum:compressed_hammer_stone":5},"minecraft:dropped":{"minecraft:lapis_lazuli":1,"minecraft:oak_log":6,"thermal:peanut":1,"aquaculture:fish_fillet_raw":2,"minecraft:stone_button":2,"minecraft:cornflower":1,"minecraft:jungle_sapling":1,"thermal:peanut_seeds":1,"ftbquests:book":1,"exnihilosequentia:stone_hammer":1,"thermal:green_bean_seeds":3,"buildersdelight:iron_chisel":2,"minecraft:beetroot":1,"minecraft:rotten_flesh":1,"minecraft:oak_planks":94,"minecraft:carrot":1,"minecraft:beetroot_seeds":4,"minecraft:azalea":3,"exnihilosequentia:wooden_crook":1,"pamhc2foodcore:carrotcupcakeitem":7,"farmersdelight:fish_stew":1,"create:andesite_alloy":2,"minecraft:water_bucket":1,"minecraft:iron_ingot":31,"minecraft:wheat_seeds":1,"farmersdelight:skillet":1,"minecraft:mossy_cobblestone":4,"minecraft:cobblestone":150,"exnihilosequentia:iron_pieces":3,"minecraft:copper_ingot":9,"mekanismtools:stone_paxel":2,"minecraft:stick":18,"minecraft:torch":64,"minecraft:bucket":1,"minecraft:moss_carpet":3,"minecraft:sweet_berries":1,"quark:azalea_planks":7,"create:shaft":7,"thermal:amaranth_seeds":6,"mob_grinding_utils:tinted_glass":1,"pamhc2foodcore:freshwateritem":9,"thermal:strawberry":2,"thermal:eggplant":1,"exnihilosequentia:lead_pieces":1,"exnihilosequentia:silver_pieces":1,"minecraft:oak_sapling":11,"minecraft:wooden_pickaxe":1,"supplementaries:flute":2},"minecraft:killed_by":{"mekanismadditions:baby_skeleton":1,"minecraft:zombie":1,"blue_skies:infested_swarmer":1,"minecraft:player":16,"minecraft:enderman":2,"minecraft:skeleton":3},"minecraft:mined":{"minecraft:oak_sapling":3,"quark:azalea_log":61,"exnihilosequentia:oak_sieve":1,"minecraft:grass_block":1,"minecraft:jungle_log":20,"snad:snad":2,"mcwlights:classic_street_lamp":3,"minecraft:iron_ore":5,"minecraft:moss_carpet":3,"thermal:tomato":2,"thermal:corn":1,"thermal:amaranth":7,"exnihilosequentia:oak_barrel":5,"minecraft:flowering_azalea_leaves":1,"thermal:eggplant":2,"cfm:oak_kitchen_counter":3,"minecraft:azalea_leaves":1,"minecraft:azalea":1,"mob_grinding_utils:tinted_glass":2,"excompressum:compressed_sand":2,"decorative_blocks:oak_support":3,"minecraft:clay":12,"minecraft:torch":1,"thermal:sadiroot":7,"rsgauges:sensitive_glass_block":2,"excompressum:compressed_cobblestone":154,"thermal:peanut":4,"minecraft:cobblestone":147,"excompressum:oak_heavy_sieve":1,"minecraft:sugar_cane":14,"minecraft:oak_planks":1,"minecraft:wall_torch":11,"farmersdelight:cutting_board":1,"minecraft:wheat":11,"excompressum:chicken_bait":2,"minecraft:grass":35,"exnihilosequentia:oak_crucible":4,"minecraft:oak_log":89,"minecraft:beetroots":11,"minecraft:dark_oak_sapling":3,"minecraft:sand":15,"minecraft:dirt":8,"thermal:barley":8,"minecraft:oak_leaves":1,"exnihilosequentia:infested_leaves":75,"minecraft:mossy_cobblestone":2,"functionalstorage:oak_1":1,"minecraft:moss_block":209,"minecraft:rooted_dirt":2,"minecraft:large_fern":1,"supplementaries:rope":4,"thermal:strawberry":3,"minecraft:furnace":1,"minecraft:carrots":4,"minecraft:jungle_sapling":2,"mekanismadditions:gray_plastic":3,"thermal:onion":1,"minecraft:cobblestone_slab":4,"minecraft:vine":6,"minecraft:stripped_oak_log":1,"sophisticatedstorage:iron_barrel":1,"minecraft:bamboo":3,"minecraft:stone":2411,"farmersdelight:cooking_pot":2,"minecraft:flowering_azalea":2,"quark:oak_chest":2,"exnihilosequentia:dust":3,"minecraft:crafting_table":3,"excompressum:compressed_gravel":13,"minecraft:tall_grass":10,"thermal:green_bean":1,"minecraft:air":67,"excompressum:cow_bait":1,"farmersdelight:skillet":3,"cfm:oak_chair":2,"minecraft:sweet_berry_bush":4,"minecraft:white_carpet":12,"thermal:radish":1,"minecraft:cocoa":1,"minecraft:sunflower":2,"minecraft:gravel":63,"engineersdecor:sign_danger":1,"minecraft:fern":4},"minecraft:killed":{"minecraft:skeleton":4,"minecraft:zombie":12,"mekanismadditions:baby_skeleton":1,"minecraft:enderman":2},"minecraft:picked_up":{"sophisticatedstorage:iron_barrel":1,"minecraft:wheat":18,"thermal:amaranth":18,"exnihilosequentia:oak_crucible":4,"pamhc2foodcore:cheeseitem":1,"exnihilosequentia:andesite_pebble":5,"quark:azalea_log":62,"exnihilosequentia:dark_oak_seeds":3,"create:bar_of_chocolate":2,"farmersdelight:cutting_board":1,"exnihilosequentia:flint_mesh":6,"minecraft:string":265,"thermal:barley_seeds":20,"cfm:oak_kitchen_counter":2,"minecraft:beetroot":18,"mysticalagriculture:inferium_essence":3,"thermal:tomato":6,"minecraft:bucket":3,"exnihilosequentia:oak_sieve":1,"thermal:eggplant":8,"minecraft:written_book":5,"minecraft:cobblestone_slab":4,"blue_skies:bug_guts":1,"minecraft:azalea":21,"minecraft:furnace":1,"minecraft:stick":53,"exnihilosequentia:large_fern_seeds":1,"thermal:sadiroot_seeds":25,"minecraft:torch":96,"minecraft:rotten_flesh":10,"minecraft:cactus":2,"mekanismadditions:gray_plastic":3,"thermal:corn_seeds":7,"thermal:radish_seeds":18,"farmersdelight:raw_pasta":3,"minecraft:cod":1,"minecraft:cobblestone":2675,"exnihilosequentia:blackstone_pebble":4,"minecraft:jungle_log":20,"exnihilosequentia:string_mesh":7,"thermal:onion":8,"minecraft:flint":187,"supplementaries:flute":2,"minecraft:lapis_lazuli":17,"minecraft:dirt":15,"minecraft:glass":4,"minecraft:bone":6,"minecraft:orange_tulip":4,"minecraft:wheat_seeds":61,"ftbquests:book":1,"exnihilosequentia:grass_seeds":8,"create:shaft":7,"exnihilosequentia:jungle_seeds":3,"minecraft:bamboo":29,"minecraft:moss_block":224,"minecraft:oak_planks":1,"exnihilosequentia:lead_pieces":19,"exnihilosequentia:iron_mesh":2,"thermal:barley":7,"mekanismtools:stone_paxel":1,"minecraft:sand":127,"buildersdelight:iron_chisel":2,"thermal:onion_seeds":16,"minecraft:mossy_cobblestone":6,"exnihilosequentia:silkworm":73,"thermal:peanut":8,"minecraft:clay":30,"minecraft:diamond":2,"thermal:eggplant_seeds":15,"exnihilosequentia:silver_pieces":20,"minecraft:bone_meal":51,"mob_grinding_utils:tinted_glass":4,"minecraft:bread":1,"minecraft:rooted_dirt":2,"minecraft:oak_sapling":43,"minecraft:cocoa_beans":9,"minecraft:crafting_table":3,"minecraft:ladder":2,"minecraft:clay_ball":48,"bonsaitrees3:bonsaipot":1,"minecraft:wooden_pickaxe":1,"exnihilosequentia:spruce_seeds":2,"thermal:strawberry":11,"minecraft:cornflower":2,"minecraft:stone_stairs":1,"minecraft:moss_carpet":17,"exnihilosequentia:dust":30,"minecraft:white_carpet":12,"thermal:radish":8,"farmersdelight:cod_slice":2,"farmersdelight:straw":12,"excompressum:compressed_cobblestone":41,"excompressum:chicken_bait":1,"minecraft:jungle_sapling":4,"minecraft:poppy":1,"minecraft:sugar_cane":22,"supplementaries:rope":20,"minecraft:dark_oak_sapling":3,"exnihilosequentia:cactus_seeds":5,"minecraft:raw_iron":5,"thermal:sadiroot":8,"minecraft:copper_ingot":15,"minecraft:bowl":2,"minecraft:stone_button":3,"exnihilosequentia:diorite_pebble":5,"exnihilosequentia:granite_pebble":8,"minecraft:carrot":30,"thermal:green_bean":6,"exnihilosequentia:diamond_mesh":1,"exnihilosequentia:nickel_pieces":12,"thermal:peanut_seeds":19,"exnihilosequentia:bamboo_seeds":2,"exnihilosequentia:carrot_seeds":3,"excompressum:compressed_gravel":2,"minecraft:arrow":10,"minecraft:beetroot_seeds":47,"excompressum:oak_heavy_sieve":1,"aquaculture:carp":1,"rsgauges:sensitive_glass_block":2,"minecraft:glow_berries":2,"exnihilosequentia:basalt_pebble":4,"minecraft:stripped_oak_log":1,"exnihilosequentia:fern_seeds":1,"engineersdecor:sign_danger":1,"excompressum:cow_bait":1,"cfm:oak_chair":2,"minecraft:oak_log":84,"create:andesite_alloy":2,"exnihilosequentia:iron_pieces":155,"farmersdelight:skillet":4,"avaritia:double_compressed_crafting_table":1,"minecraft:apple":3,"farmersdelight:cooking_pot":2,"thermal:corn":2,"decorative_blocks:oak_support":4,"minecraft:iron_ingot":33,"minecraft:stone_pickaxe":1,"thermal:tomato_seeds":9,"exnihilosequentia:oak_seeds":3,"minecraft:flowering_azalea":8,"mcwlights:classic_street_lamp":3,"minecraft:sweet_berries":17,"thermal:strawberry_seeds":19,"minecraft:gravel":1091,"exnihilosequentia:stone_hammer":1,"exnihilosequentia:birch_seeds":1,"thermal:green_bean_seeds":10,"quark:oak_chest":2,"exnihilosequentia:oak_barrel":5,"minecraft:pumpkin_seeds":15,"minecraft:painting":2,"minecraft:melon_seeds":18,"thermal:amaranth_seeds":60,"minecraft:sunflower":3,"minecraft:coal":76,"minecraft:ender_pearl":1},"minecraft:custom":{"minecraft:interact_with_crafting_table":94,"minecraft:open_barrel":83,"twilightforest:e115_slices_eaten":1,"minecraft:leave_game":3,"minecraft:time_since_death":38118,"minecraft:sprint_one_cm":477874,"minecraft:drop":217,"minecraft:play_time":377297,"minecraft:deaths":42,"minecraft:jump":3305,"minecraft:walk_on_water_one_cm":27635,"minecraft:interact_with_furnace":27,"minecraft:damage_dealt":8253,"minecraft:player_kills":43,"minecraft:crouch_one_cm":14196,"minecraft:inspect_dispenser":2,"minecraft:mob_kills":21,"minecraft:inspect_hopper":1,"minecraft:climb_one_cm":47100,"minecraft:walk_one_cm":1136141,"minecraft:sneak_time":8769,"minecraft:walk_under_water_one_cm":15853,"minecraft:boat_one_cm":968,"minecraft:total_world_time":377297,"minecraft:time_since_rest":38145,"minecraft:damage_taken":7165,"minecraft:damage_absorbed":40,"minecraft:fly_one_cm":594181,"minecraft:open_chest":213,"minecraft:fish_caught":2,"minecraft:fall_one_cm":82192},"minecraft:used":{"minecraft:moss_block":213,"minecraft:beetroot":1,"minecraft:moss_carpet":1,"engineersdecor:sign_danger":1,"pamhc2foodcore:carrotcupcakeitem":5,"minecraft:ladder":18,"farmersdelight:stove":1,"excompressum:compressed_hammer_stone":611,"excompressum:compressed_sand":2,"minecraft:rotten_flesh":2,"excompressum:compressed_flint":7,"twilightforest:experiment_115":1,"exnihilosequentia:sea_water_bucket":4,"minecraft:cocoa_beans":6,"exnihilosequentia:oak_crucible":5,"minecraft:carrot":7,"minecraft:jungle_sapling":3,"thermal:sadiroot_seeds":9,"minecraft:lava_bucket":1,"rsgauges:sensitive_glass_block":1,"thermal:peanut_seeds":7,"farmersdelight:cutting_board":2,"minecraft:bow":8,"minecraft:sweet_berries":6,"minecraft:written_book":7,"minecraft:oak_sapling":12,"minecraft:furnace":3,"minecraft:beetroot_seeds":14,"minecraft:dark_oak_sapling":3,"thermal:corn_seeds":4,"minecraft:oak_planks":2,"minecraft:stone_pickaxe":144,"minecraft:orange_tulip":2,"minecraft:cactus":2,"minecraft:ender_pearl":1,"minecraft:wooden_pickaxe":192,"minecraft:clay":12,"minecraft:sugar_cane":22,"exnihilosequentia:oak_sieve":3,"minecraft:golden_apple":1,"minecraft:glow_berries":2,"mob_grinding_utils:tinted_glass":1,"minecraft:sand":51,"quark:azalea_planks":18,"cfm:oak_chair":6,"cfm:oak_kitchen_counter":16,"pamhc2foodcore:cheeseitem":1,"quark:azalea_chest":1,"minecraft:stone_button":12,"minecraft:bread":1,"pamhc2foodcore:freshwateritem":15,"exnihilosequentia:large_fern_seeds":1,"minecraft:gravel":52,"exnihilosequentia:dust":5,"snad:snad":3,"excompressum:cow_bait":1,"thermal:onion_seeds":5,"exnihilosequentia:stone_hammer":1385,"minecraft:oak_boat":1,"exnihilosequentia:silkworm":1,"minecraft:bone_meal":12,"bonsaitrees3:bonsaipot":1,"minecraft:azalea":11,"minecraft:stone_sword":39,"exnihilosequentia:cactus_seeds":1,"farmersdelight:diamond_knife":38,"excompressum:chicken_bait":2,"thermal:amaranth_seeds":14,"thermal:radish_seeds":4,"excompressum:oak_heavy_sieve":1,"minecraft:wooden_shovel":8,"minecraft:stone_hoe":55,"exnihilosequentia:witch_water_bucket":4,"minecraft:torch":10,"minecraft:dirt":15,"thermal:eggplant_seeds":5,"minecraft:stone_stairs":1,"decorative_blocks:oak_support":3,"minecraft:granite":1,"sophisticatedstorage:iron_barrel":1,"farmersdelight:oak_cabinet":2,"minecraft:flowering_azalea":3,"excompressum:compressed_cobblestone":115,"minecraft:rooted_dirt":2,"minecraft:jungle_log":15,"exnihilosequentia:bamboo_seeds":2,"thermal:barley_seeds":11,"minecraft:bamboo":6,"exnihilosequentia:wooden_crook":91,"exnihilosequentia:andesite_pebble":1,"exnihilosequentia:dark_oak_seeds":1,"farmersdelight:basket":1,"farmersdelight:cooking_pot":3,"exnihilosequentia:carrot_seeds":2,"minecraft:stone_pressure_plate":9,"excompressum:compressed_gravel":11,"minecraft:wheat_seeds":20,"minecraft:water_bucket":87,"minecraft:iron_ore":5,"farmersdelight:skillet":26,"quark:cobblestone_bricks":2,"exnihilosequentia:jungle_seeds":1,"exnihilosequentia:fern_seeds":4,"exnihilosequentia:granite_pebble":1,"mekanismtools:stone_paxel":525,"avaritia:double_compressed_crafting_table":1,"minecraft:cobblestone_slab":26,"cfm:oak_coffee_table":8,"minecraft:crafting_table":2,"minecraft:campfire":1,"minecraft:painting":2,"minecraft:oak_log":30,"minecraft:apple":5,"exnihilosequentia:oak_barrel":5,"minecraft:sunflower":3,"quark:azalea_log":2,"thermal:strawberry_seeds":6,"thermal:green_bean_seeds":4,"supplementaries:rope":2,"minecraft:stone_axe":93,"minecraft:fishing_rod":11,"minecraft:cobblestone":223,"exnihilosequentia:basalt_pebble":4,"mcwlights:classic_street_lamp":3,"thermal:tomato_seeds":6,"minecraft:bucket":130,"quark:oak_chest":7,"create:bar_of_chocolate":1},"minecraft:crafted":{"minecraft:brick":32,"buildersdelight:iron_chisel":1,"minecraft:oak_planks":544,"excompressum:compressed_flint":7,"thermal:peanut_butter":1,"farmersdelight:canvas":1,"excompressum:compressed_cobblestone":86,"minecraft:stone":32,"farmersdelight:basket":1,"aquaculture:fish_fillet_raw":2,"minecraft:bow":1,"excompressum:compressed_gravel":2,"farmersdelight:tomato_sauce":1,"cfm:oak_kitchen_counter":40,"snad:snad":1,"minecraft:stone_hoe":1,"supplementaries:flute":1,"pamhc2foodcore:cuttingboarditem":1,"farmersdelight:stove":1,"quark:azalea_planks":148,"supplementaries:rope_arrow":4,"minecraft:oak_slab":24,"minecraft:wooden_shovel":1,"pamhc2foodcore:bakewareitem":1,"minecraft:wooden_pickaxe":5,"minecraft:campfire":2,"mekanismtools:stone_paxel":1,"farmersdelight:wheat_dough":6,"farmersdelight:skillet":1,"farmersdelight:cutting_board":1,"pamhc2foodcore:skilletitem":1,"exnihilosequentia:stone_hammer":41,"minecraft:stick":112,"quark:oak_chest":5,"minecraft:iron_ingot":5,"excompressum:oak_heavy_sieve":1,"minecraft:stone_sword":1,"pamhc2foodcore:juiceritem":1,"minecraft:iron_ore":21,"pamhc2foodcore:potitem":1,"decorative_blocks:oak_support":6,"quark:rope":30,"exnihilosequentia:oak_crucible":1,"minecraft:stone_shovel":1,"excompressum:compressed_dust":1,"minecraft:fishing_rod":1,"cfm:oak_coffee_table":8,"minecraft:furnace":2,"minecraft:stone_button":11,"quark:azalea_chest":1,"pamhc2foodcore:rolleritem":1,"minecraft:oak_trapdoor":4,"exnihilosequentia:oak_sieve":2,"minecraft:terracotta":14,"quark:azalea_planks_slab":6,"pamhc2foodcore:mixingbowlitem":1,"minecraft:stone_pickaxe":2,"thermal:jar":8,"exnihilosequentia:wooden_crook":1,"excompressum:compressed_hammer_stone":4,"minecraft:bowl":264,"farmersdelight:cooking_pot":1,"minecraft:bucket":1,"minecraft:stone_axe":1,"minecraft:air":530,"pamhc2foodcore:freshwateritem":8,"cfm:oak_chair":4,"farmersdelight:diamond_knife":1,"farmersdelight:oak_cabinet":2,"exnihilosequentia:string_mesh":2}},"DataVersion":2975}