{"stats":{"minecraft:broken":{"mekanismtools:stone_paxel":2,"minecraft:stone_pickaxe":1,"exnihilosequentia:stone_hammer":3,"minecraft:wooden_pickaxe":3,"excompressum:compressed_hammer_stone":7},"minecraft:dropped":{"create:belt_connector":5,"minecraft:iron_sword":1,"thermal:cooked_corn":11,"storagenetwork:inventory_remote":2,"exnihilosequentia:uranium_pieces":10,"pamhc2foodcore:mixingbowlitem":1,"minecraft:lapis_lazuli":8,"minecraft:oak_log":6,"exnihilosequentia:diorite_pebble":3,"thermal:peanut":1,"minecraft:diamond":2,"minecraft:emerald":8,"minecraft:flint":16,"aquaculture:fish_fillet_raw":2,"avaritia:double_compressed_crafting_table":1,"minecraft:stone_button":2,"minecraft:cornflower":1,"pamhc2foodcore:saltitem":1,"minecraft:jungle_sapling":1,"minecraft:bone_meal":9,"thermal:peanut_seeds":1,"ftbquests:book":1,"exnihilosequentia:stone_hammer":3,"thermal:green_bean_seeds":3,"minecraft:gravel":3,"mekanismtools:refined_obsidian_sword":2,"pamhc2foodcore:fruitsaladitem":12,"exnihilosequentia:copper_pieces":23,"ae2:fluix_dust":1,"buildersdelight:iron_chisel":2,"minecraft:obsidian":5,"minecraft:beetroot":1,"minecraft:rotten_flesh":1,"thermal:corn":6,"minecraft:oak_planks":94,"thermal:eggplant_seeds":1,"pamhc2foodcore:chocolatecupcakeitem":11,"minecraft:carrot":1,"ae2:sky_dust":2,"thermal:cinnabar":2,"minecraft:beetroot_seeds":4,"minecraft:azalea":3,"comforts:sleeping_bag_white":2,"minecraft:iron_ore":48,"exnihilosequentia:wooden_crook":1,"thermal:cooked_eggplant":1,"farmersdelight:ratatouille":3,"pamhc2foodcore:carrotcupcakeitem":7,"farmersdelight:fish_stew":1,"exnihilosequentia:basalt_pebble":2,"create:andesite_alloy":2,"minecraft:stone_hoe":2,"minecraft:water_bucket":1,"minecraft:iron_ingot":32,"minecraft:bread":3,"minecraft:wheat_seeds":1,"create:polished_rose_quartz":1,"storagenetwork:crafting_remote":1,"farmersdelight:skillet":1,"minecraft:mossy_cobblestone":4,"minecraft:poisonous_potato":1,"exnihilosequentia:kelp_seeds":18,"minecraft:cobblestone":494,"exnihilosequentia:iron_pieces":3,"minecraft:copper_ingot":9,"mekanismtools:stone_paxel":3,"minecraft:stick":18,"minecraft:torch":64,"exnihilosequentia:red_coral_larvae":7,"exnihilosequentia:aluminum_pieces":14,"pamhc2foodcore:cookingoilitem":1,"minecraft:slime_spawn_egg":1,"exnihilosequentia:dust":64,"minecraft:paper":8,"minecraft:bucket":2,"pamhc2foodcore:marshmellowsitem":14,"minecraft:moss_carpet":3,"minecraft:sweet_berries":1,"quark:azalea_planks":7,"create:shaft":7,"thermal:amaranth_seeds":6,"mob_grinding_utils:tinted_glass":1,"minecraft:white_carpet":10,"pamhc2foodcore:bakedvegetablemedlyitem":5,"pamhc2foodcore:freshwateritem":10,"exnihilosequentia:pickle_seeds":1,"thermal:strawberry":2,"thermal:iron_plate":1,"thermal:pbj_sandwich":2,"minecraft:diamond_sword":2,"thermal:sadiroot_seeds":1,"thermal:eggplant":1,"kubejs:stone_coin":3,"minecraft:andesite":1,"exnihilosequentia:lead_pieces":21,"exnihilosequentia:silver_pieces":6,"minecraft:oak_sapling":16,"create:brass_casing":1,"minecraft:stone_pickaxe":8,"minecraft:wooden_pickaxe":1,"thermal:niter":1,"excompressum:compressed_gravel":42,"supplementaries:flute":2},"minecraft:killed_by":{"minecraft:creeper":1,"mekanismadditions:baby_skeleton":1,"minecraft:zombie":1,"blue_skies:infested_swarmer":1,"minecraft:player":33,"minecraft:enderman":2,"minecraft:skeleton":3},"minecraft:mined":{"minecraft:oak_sapling":7,"quark:azalea_log":61,"minecraft:cobblestone_stairs":9,"minecraft:cave_vines_plant":2,"exnihilosequentia:oak_sieve":1,"minecraft:grass_block":1,"minecraft:jungle_log":20,"snad:snad":2,"minecraft:oak_wall_sign":2,"comforts:sleeping_bag_white":1,"cobblefordays:tier_1":1,"mcwlights:classic_street_lamp":3,"minecraft:iron_ore":5,"minecraft:pumpkin":3,"minecraft:moss_carpet":3,"thermal:tomato":2,"thermal:corn":4,"minecraft:iron_bars":9,"thermal:amaranth":10,"minecraft:cave_vines":3,"exnihilosequentia:oak_barrel":5,"supplementaries:stick":64,"minecraft:flowering_azalea_leaves":1,"thermal:eggplant":2,"cfm:oak_kitchen_counter":3,"minecraft:azalea_leaves":1,"minecraft:azalea":1,"mob_grinding_utils:tinted_glass":2,"excompressum:compressed_sand":15,"chimes:bamboo_chimes":1,"minecraft:kelp_plant":33,"decorative_blocks:oak_support":3,"minecraft:melon":2,"minecraft:clay":12,"minecraft:torch":32,"thermal:sadiroot":7,"rsgauges:sensitive_glass_block":2,"excompressum:compressed_cobblestone":415,"thermal:peanut":4,"create:brass_casing":1,"minecraft:cobblestone":207,"excompressum:oak_heavy_sieve":3,"minecraft:sugar_cane":132,"minecraft:oak_planks":4,"minecraft:wall_torch":45,"avaritia:double_compressed_crafting_table":1,"farmersdelight:cutting_board":1,"minecraft:wheat":11,"excompressum:chicken_bait":2,"minecraft:pumpkin_stem":6,"mcwdoors:bamboo_western_door":1,"minecraft:grass":35,"exnihilosequentia:oak_crucible":4,"minecraft:oak_log":108,"minecraft:beetroots":11,"minecraft:dark_oak_sapling":4,"minecraft:sand":15,"minecraft:dirt":9,"thermal:barley":8,"minecraft:oak_leaves":57,"exnihilosequentia:infested_leaves":75,"minecraft:attached_pumpkin_stem":1,"minecraft:mossy_cobblestone":2,"minecraft:ladder":27,"functionalstorage:oak_1":4,"minecraft:kelp":7,"minecraft:moss_block":210,"minecraft:rooted_dirt":2,"minecraft:large_fern":1,"supplementaries:rope":4,"thermal:strawberry":3,"minecraft:oak_trapdoor":4,"minecraft:spruce_sapling":1,"minecraft:furnace":1,"minecraft:carrots":4,"minecraft:jungle_sapling":2,"mekanismadditions:gray_plastic":3,"minecraft:potatoes":1,"thermal:onion":1,"minecraft:cobblestone_slab":4,"minecraft:vine":6,"minecraft:stripped_oak_log":1,"sophisticatedstorage:iron_barrel":1,"minecraft:bamboo":7,"minecraft:stone":4457,"farmersdelight:cooking_pot":6,"minecraft:flowering_azalea":2,"quark:oak_chest":2,"exnihilosequentia:dust":3,"minecraft:crafting_table":4,"minecraft:cornflower":1,"excompressum:compressed_gravel":80,"minecraft:tall_grass":10,"thermal:green_bean":1,"cookingforblockheads:cutting_board":2,"minecraft:air":553,"excompressum:cow_bait":1,"minecraft:cactus":1,"farmersdelight:skillet":8,"furnacemk2:furnacemk2":1,"cfm:oak_chair":2,"minecraft:sweet_berry_bush":9,"minecraft:white_carpet":12,"thermal:radish":1,"minecraft:cocoa":45,"minecraft:sunflower":2,"minecraft:gravel":64,"farmersdelight:stove":1,"engineersdecor:sign_danger":1,"minecraft:fern":4},"minecraft:killed":{"minecraft:skeleton":38,"mekanismadditions:baby_creeper":6,"minecraft:creeper":16,"minecraft:zombie":34,"mekanismadditions:baby_skeleton":15,"minecraft:enderman":2},"minecraft:picked_up":{"minecraft:seagrass":5,"sophisticatedstorage:iron_barrel":1,"storagenetwork:inventory_remote":3,"minecraft:wheat":42,"thermal:amaranth":32,"minecraft:diamond_sword":1,"minecraft:prismarine_shard":45,"exnihilosequentia:oak_crucible":4,"exnihilomekanism:osmium_pieces":85,"pamhc2foodcore:cheeseitem":1,"exnihilosequentia:andesite_pebble":5,"quark:azalea_log":62,"exnihilosequentia:dark_oak_seeds":4,"create:bar_of_chocolate":2,"farmersdelight:cutting_board":1,"exnihilosequentia:flint_mesh":6,"quark:azalea_planks":1,"minecraft:string":265,"thermal:barley_seeds":38,"cfm:oak_kitchen_counter":2,"chimes:bamboo_chimes":1,"minecraft:oak_sign":11,"minecraft:beetroot":47,"thermal:iron_plate":1,"cobblefordays:tier_1":1,"mysticalagriculture:inferium_essence":17,"exnihilosequentia:emerald_mesh":3,"thermal:tomato":13,"minecraft:bucket":4,"comforts:sleeping_bag_white":3,"exnihilosequentia:oak_sieve":1,"thermal:eggplant":16,"minecraft:written_book":5,"minecraft:cobblestone_slab":9,"blue_skies:bug_guts":1,"minecraft:azalea":21,"minecraft:melon_slice":13,"minecraft:furnace":1,"minecraft:stick":118,"exnihilosequentia:large_fern_seeds":1,"thermal:sadiroot_seeds":42,"minecraft:torch":170,"pamhc2foodcore:mixingbowlitem":1,"minecraft:dried_kelp":39,"pamhc2foodcore:cuttingboarditem":2,"minecraft:rotten_flesh":15,"minecraft:cactus":3,"mekanismadditions:gray_plastic":3,"thermal:corn_seeds":68,"excompressum:compressed_sand":2,"exnihilosequentia:sugarcane_seeds":2,"thermal:radish_seeds":30,"farmersdelight:raw_pasta":3,"minecraft:obsidian":13,"minecraft:iron_bars":8,"minecraft:cod":1,"minecraft:cobblestone":4305,"exnihilosequentia:blackstone_pebble":4,"minecraft:andesite":5,"minecraft:jungle_log":20,"minecraft:potato":75,"exnihilosequentia:string_mesh":7,"thermal:onion":24,"minecraft:flint":439,"supplementaries:flute":2,"bhc:red_heart":1,"exnihilosequentia:tin_pieces":223,"exnihilosequentia:gold_pieces":149,"minecraft:lapis_lazuli":225,"minecraft:dirt":39,"thermal:cooked_eggplant":1,"exnihilosequentia:fired_crucible":1,"minecraft:glass":4,"minecraft:bone":34,"mekanismtools:refined_obsidian_sword":2,"minecraft:orange_tulip":4,"minecraft:wheat_seeds":109,"thermal:cooked_corn":15,"farmersdelight:pumpkin_slice":4,"ftbquests:book":1,"exnihilosequentia:grass_seeds":8,"create:shaft":7,"exnihilosequentia:jungle_seeds":6,"minecraft:bamboo":56,"minecraft:moss_block":225,"minecraft:stone_hoe":2,"minecraft:oak_planks":4,"exnihilosequentia:lead_pieces":250,"exnihilosequentia:iron_mesh":2,"thermal:barley":16,"minecraft:poisonous_potato":1,"mekanismtools:stone_paxel":2,"minecraft:sand":705,"exnihilosequentia:kelp_seeds":24,"buildersdelight:iron_chisel":2,"exnihilosequentia:pickle_seeds":2,"thermal:onion_seeds":35,"minecraft:mossy_cobblestone":6,"exnihilosequentia:silkworm":73,"thermal:peanut":17,"minecraft:clay":30,"minecraft:diamond":21,"thermal:eggplant_seeds":26,"storagenetwork:crafting_remote":1,"exnihilosequentia:silver_pieces":239,"minecraft:bone_meal":57,"minecraft:emerald":17,"mob_grinding_utils:tinted_glass":4,"minecraft:bread":1,"minecraft:rooted_dirt":2,"minecraft:oak_sapling":53,"functionalstorage:oak_1":2,"minecraft:oak_leaves":56,"minecraft:cocoa_beans":168,"minecraft:crafting_table":4,"minecraft:ladder":29,"minecraft:clay_ball":48,"thermal:cinnabar":2,"bonsaitrees3:bonsaipot":1,"minecraft:wooden_pickaxe":1,"exnihilosequentia:spruce_seeds":4,"thermal:strawberry":18,"minecraft:oak_trapdoor":4,"minecraft:cornflower":3,"minecraft:stone_stairs":1,"minecraft:moss_carpet":22,"exnihilosequentia:potato_seeds":1,"exnihilosequentia:dust":94,"minecraft:white_carpet":24,"thermal:radish":16,"farmersdelight:cod_slice":2,"farmersdelight:straw":12,"excompressum:compressed_cobblestone":41,"excompressum:chicken_bait":1,"thermal:niter":1,"minecraft:jungle_sapling":4,"minecraft:poppy":2,"thermal:pbj_sandwich":1,"minecraft:sugar_cane":225,"supplementaries:rope":20,"exnihilosequentia:zinc_pieces":118,"create:polished_rose_quartz":1,"minecraft:dark_oak_sapling":4,"exnihilosequentia:cactus_seeds":5,"minecraft:stone":137,"minecraft:raw_iron":5,"thermal:sadiroot":17,"minecraft:copper_ingot":15,"minecraft:bowl":66,"minecraft:stone_button":3,"exnihilosequentia:diorite_pebble":14,"exnihilosequentia:uranium_pieces":61,"exnihilosequentia:granite_pebble":8,"minecraft:carrot":46,"exnihilosequentia:pink_coral_larvae":6,"thermal:green_bean":18,"create:brass_casing":1,"exnihilosequentia:purple_coral_larvae":6,"minecraft:prismarine_crystals":6,"exnihilosequentia:diamond_mesh":1,"exnihilosequentia:nickel_pieces":245,"exnihilosequentia:blue_coral_larvae":10,"mcwdoors:bamboo_western_door":1,"thermal:peanut_seeds":35,"exnihilosequentia:bamboo_seeds":2,"exnihilosequentia:carrot_seeds":4,"excompressum:compressed_gravel":25,"minecraft:arrow":30,"minecraft:beetroot_seeds":78,"minecraft:shears":1,"excompressum:oak_heavy_sieve":3,"aquaculture:carp":1,"rsgauges:sensitive_glass_block":2,"minecraft:glow_berries":6,"ae2:fluix_dust":1,"exnihilosequentia:basalt_pebble":6,"minecraft:stripped_oak_log":1,"exnihilosequentia:fern_seeds":1,"furnacemk2:furnacemk2":1,"engineersdecor:sign_danger":1,"excompressum:cow_bait":1,"cfm:oak_chair":2,"minecraft:oak_log":103,"create:andesite_alloy":2,"exnihilosequentia:acacia_seeds":1,"exnihilosequentia:iron_pieces":845,"minecraft:cobblestone_stairs":7,"farmersdelight:skillet":9,"minecraft:paper":1,"avaritia:double_compressed_crafting_table":2,"mekanism:salt":43,"ae2:sky_dust":2,"exnihilosequentia:aluminum_pieces":236,"minecraft:apple":4,"solcarrot:food_book":1,"farmersdelight:cooking_pot":6,"minecraft:kelp":79,"thermal:corn":30,"decorative_blocks:oak_support":4,"minecraft:iron_ingot":34,"minecraft:stone_pickaxe":9,"thermal:tomato_seeds":22,"exnihilosequentia:oak_seeds":4,"minecraft:flowering_azalea":8,"minecraft:pumpkin":4,"mcwlights:classic_street_lamp":3,"minecraft:sweet_berries":88,"thermal:strawberry_seeds":34,"exnihilosequentia:red_coral_larvae":14,"minecraft:gravel":2443,"exnihilosequentia:stone_hammer":3,"minecraft:spruce_sapling":1,"exnihilosequentia:birch_seeds":2,"thermal:green_bean_seeds":25,"exnihilosequentia:yellow_coral_larvae":13,"quark:oak_chest":2,"exnihilosequentia:oak_barrel":5,"minecraft:pumpkin_seeds":27,"mekanism:fluorite_gem":37,"minecraft:painting":2,"farmersdelight:stove":1,"minecraft:hopper":1,"pamhc2foodcore:fruitsaladitem":3,"minecraft:melon_seeds":24,"thermal:amaranth_seeds":100,"exnihilosequentia:copper_pieces":236,"minecraft:sunflower":3,"minecraft:coal":248,"minecraft:ender_pearl":1},"minecraft:custom":{"minecraft:interact_with_crafting_table":143,"minecraft:open_barrel":169,"twilightforest:e115_slices_eaten":1,"minecraft:leave_game":3,"minecraft:time_since_death":3279,"minecraft:sprint_one_cm":965174,"minecraft:drop":569,"minecraft:play_time":716284,"minecraft:deaths":67,"minecraft:jump":7328,"minecraft:walk_on_water_one_cm":67791,"minecraft:interact_with_furnace":42,"minecraft:sleep_in_bed":2,"minecraft:damage_dealt":15313,"minecraft:player_kills":89,"minecraft:crouch_one_cm":21155,"minecraft:inspect_dispenser":2,"minecraft:mob_kills":113,"minecraft:inspect_hopper":3,"minecraft:climb_one_cm":144957,"minecraft:walk_one_cm":2024417,"minecraft:sneak_time":16278,"minecraft:walk_under_water_one_cm":30478,"minecraft:boat_one_cm":968,"minecraft:total_world_time":716284,"minecraft:time_since_rest":3314,"minecraft:damage_taken":16994,"minecraft:damage_absorbed":40,"minecraft:swim_one_cm":1333,"minecraft:fly_one_cm":1534193,"minecraft:open_chest":328,"minecraft:fish_caught":2,"minecraft:fall_one_cm":154748},"minecraft:used":{"minecraft:moss_block":214,"minecraft:beetroot":1,"minecraft:moss_carpet":5,"engineersdecor:sign_danger":1,"minecraft:oak_sign":11,"pamhc2foodcore:carrotcupcakeitem":5,"minecraft:ladder":19,"farmersdelight:stove":2,"minecraft:iron_sword":2,"minecraft:nether_wart":2,"excompressum:compressed_hammer_stone":937,"excompressum:compressed_sand":18,"minecraft:rotten_flesh":2,"excompressum:compressed_flint":7,"twilightforest:experiment_115":1,"exnihilosequentia:sea_water_bucket":4,"minecraft:soul_sand":9,"minecraft:cocoa_beans":50,"farmersdelight:fish_stew":1,"exnihilosequentia:oak_crucible":5,"minecraft:carrot":8,"mekanismtools:diamond_paxel":19,"thermal:cooked_corn":4,"pamhc2foodcore:cookingoilitem":1,"minecraft:jungle_sapling":3,"thermal:sadiroot_seeds":9,"minecraft:lava_bucket":1,"vanillahammers:obsidian_hammer":740,"pamhc2foodcore:chocolatecupcakeitem":5,"rsgauges:sensitive_glass_block":1,"pamhc2foodcore:saltitem":1,"thermal:peanut_seeds":7,"farmersdelight:cutting_board":2,"minecraft:bow":8,"minecraft:sweet_berries":13,"minecraft:written_book":7,"minecraft:oak_sapling":18,"minecraft:furnace":3,"minecraft:beetroot_seeds":15,"pamhc2foodcore:marshmellowchicksitem":1,"minecraft:potato":26,"minecraft:dark_oak_sapling":4,"thermal:corn_seeds":18,"minecraft:oak_planks":25,"minecraft:stone_pickaxe":144,"minecraft:orange_tulip":2,"minecraft:cactus":2,"minecraft:ender_pearl":1,"minecraft:wooden_pickaxe":192,"farmersdelight:pumpkin_slice":4,"minecraft:clay":12,"minecraft:sugar_cane":35,"exnihilosequentia:oak_sieve":3,"pamhc2foodcore:marshmellowsitem":1,"furnacemk2:furnacemk2":1,"minecraft:golden_apple":1,"minecraft:glow_berries":3,"mob_grinding_utils:tinted_glass":1,"minecraft:sand":56,"quark:azalea_planks":19,"minecraft:shears":56,"minecraft:pumpkin_seeds":9,"cfm:oak_chair":6,"cfm:oak_kitchen_counter":16,"farmersdelight:ratatouille":1,"minecraft:melon_slice":4,"pamhc2foodcore:cheeseitem":1,"quark:azalea_chest":1,"minecraft:stone_button":12,"minecraft:bread":5,"pamhc2foodcore:freshwateritem":20,"exnihilosequentia:large_fern_seeds":1,"minecraft:gravel":52,"exnihilosequentia:dust":5,"snad:snad":3,"excompressum:cow_bait":1,"minecraft:diamond_sword":54,"thermal:onion_seeds":8,"exnihilosequentia:stone_hammer":1389,"functionalstorage:oak_1":3,"minecraft:oak_boat":1,"exnihilosequentia:silkworm":1,"minecraft:bone_meal":76,"minecraft:oak_trapdoor":46,"bonsaitrees3:bonsaipot":1,"minecraft:azalea":11,"minecraft:iron_bars":1,"minecraft:stone_sword":43,"exnihilosequentia:cactus_seeds":1,"farmersdelight:diamond_knife":42,"avaritia:compressed_crafting_table":1,"excompressum:chicken_bait":2,"thermal:amaranth_seeds":21,"thermal:radish_seeds":5,"excompressum:oak_heavy_sieve":3,"minecraft:wooden_shovel":8,"minecraft:stone_hoe":76,"exnihilosequentia:witch_water_bucket":4,"exnihilosequentia:potato_seeds":1,"minecraft:stick":58,"minecraft:torch":51,"minecraft:dirt":46,"thermal:eggplant_seeds":5,"storagenetwork:inventory_remote":1,"minecraft:hopper":19,"minecraft:stone_stairs":1,"decorative_blocks:oak_support":3,"minecraft:granite":1,"sophisticatedstorage:iron_barrel":1,"farmersdelight:oak_cabinet":2,"minecraft:flowering_azalea":3,"excompressum:compressed_cobblestone":121,"minecraft:rooted_dirt":2,"minecraft:jungle_log":15,"thermal:green_bean":9,"exnihilosequentia:bamboo_seeds":2,"minecraft:melon_seeds":2,"thermal:barley_seeds":11,"minecraft:bamboo":6,"cobblefordays:tier_1":1,"exnihilosequentia:wooden_crook":91,"exnihilosequentia:andesite_pebble":1,"exnihilosequentia:dark_oak_seeds":1,"farmersdelight:basket":1,"mcwdoors:bamboo_western_door":1,"farmersdelight:cooking_pot":7,"exnihilosequentia:carrot_seeds":2,"chimes:bamboo_chimes":2,"comforts:sleeping_bag_white":3,"minecraft:stone_pressure_plate":9,"minecraft:pumpkin":1,"excompressum:compressed_gravel":14,"exnihilosequentia:fired_crucible":1,"minecraft:wheat_seeds":23,"minecraft:water_bucket":148,"minecraft:iron_ore":5,"farmersdelight:skillet":80,"quark:cobblestone_bricks":2,"pamhc2foodcore:cocoapowderitem":1,"exnihilosequentia:jungle_seeds":1,"minecraft:baked_potato":1,"exnihilosequentia:fern_seeds":4,"exnihilosequentia:granite_pebble":1,"mekanismtools:stone_paxel":525,"avaritia:double_compressed_crafting_table":1,"minecraft:cobblestone_slab":65,"cfm:oak_coffee_table":8,"storagenetwork:crafting_remote":1,"pamhc2foodcore:sweetberryjuiceitem":1,"minecraft:crafting_table":2,"mekanismtools:refined_obsidian_sword":3,"minecraft:campfire":1,"minecraft:painting":2,"minecraft:oak_log":30,"exnihilosequentia:sugarcane_seeds":2,"minecraft:apple":5,"exnihilosequentia:oak_barrel":5,"pamhc2foodcore:bakedvegetablemedlyitem":3,"exnihilosequentia:spruce_seeds":1,"minecraft:sunflower":3,"quark:azalea_log":2,"thermal:strawberry_seeds":6,"thermal:green_bean_seeds":4,"mcwdoors:bamboo_japanese2_door":1,"supplementaries:rope":2,"pamhc2foodcore:fruitsaladitem":18,"minecraft:stone_axe":93,"thermal:pbj_sandwich":1,"minecraft:fishing_rod":11,"minecraft:cobblestone":393,"exnihilosequentia:basalt_pebble":4,"mcwlights:classic_street_lamp":3,"thermal:tomato_seeds":6,"minecraft:bucket":199,"quark:oak_chest":11,"pamhc2foodcore:fruitcrumbleitem":1,"minecraft:kelp":16,"create:bar_of_chocolate":1},"minecraft:crafted":{"mekanismtools:diamond_paxel":1,"minecraft:brick":32,"buildersdelight:iron_chisel":1,"minecraft:oak_planks":724,"minecraft:cobblestone_slab":6,"excompressum:compressed_flint":7,"thermal:peanut_butter":1,"farmersdelight:canvas":1,"excompressum:compressed_cobblestone":86,"minecraft:sand":18,"minecraft:stone":32,"chimes:bamboo_chimes":1,"farmersdelight:basket":1,"aquaculture:fish_fillet_raw":2,"minecraft:hopper":9,"minecraft:bow":1,"excompressum:compressed_gravel":2,"pamhc2foodcore:grinderitem":1,"farmersdelight:tomato_sauce":1,"cfm:oak_kitchen_counter":40,"snad:snad":1,"minecraft:stone_hoe":1,"supplementaries:flute":1,"pamhc2foodcore:cuttingboarditem":1,"farmersdelight:stove":1,"quark:azalea_planks":148,"supplementaries:rope_arrow":4,"minecraft:oak_slab":24,"minecraft:wooden_shovel":1,"minecraft:diamond_axe":1,"pamhc2foodcore:bakewareitem":1,"minecraft:crafting_table":25,"minecraft:wooden_pickaxe":5,"thermal:jelly":1,"minecraft:campfire":2,"mekanismtools:stone_paxel":1,"farmersdelight:wheat_dough":6,"farmersdelight:skillet":1,"farmersdelight:cutting_board":1,"thermal:pbj_sandwich":2,"pamhc2foodcore:skilletitem":1,"minecraft:paper":3,"exnihilosequentia:stone_hammer":41,"minecraft:stick":132,"quark:oak_chest":21,"minecraft:iron_ingot":29,"excompressum:oak_heavy_sieve":1,"minecraft:stone_sword":2,"pamhc2foodcore:juiceritem":1,"minecraft:iron_ore":69,"pamhc2foodcore:potitem":1,"decorative_blocks:oak_support":6,"mcwdoors:bamboo_western_door":1,"quark:rope":30,"exnihilosequentia:oak_crucible":1,"minecraft:stone_shovel":1,"excompressum:compressed_dust":1,"minecraft:fishing_rod":1,"cfm:oak_coffee_table":8,"comforts:sleeping_bag_white":3,"minecraft:furnace":2,"minecraft:stone_button":11,"quark:azalea_chest":1,"pamhc2foodcore:rolleritem":1,"mcwdoors:bamboo_japanese2_door":1,"morevanillalib:obsidian_shard":9,"minecraft:oak_trapdoor":4,"exnihilosequentia:oak_sieve":2,"minecraft:terracotta":14,"quark:azalea_planks_slab":6,"pamhc2foodcore:mixingbowlitem":1,"avaritia:compressed_crafting_table":2,"minecraft:stone_pickaxe":2,"thermal:jar":8,"exnihilosequentia:wooden_crook":1,"functionalstorage:oak_1":1,"minecraft:sugar":22,"excompressum:compressed_hammer_stone":4,"minecraft:diamond_sword":2,"minecraft:bowl":264,"farmersdelight:cooking_pot":1,"minecraft:bucket":1,"minecraft:stone_axe":1,"minecraft:air":2114,"minecraft:blue_dye":1,"pamhc2foodcore:freshwateritem":8,"minecraft:white_wool":9,"cfm:oak_chair":4,"farmersdelight:diamond_knife":1,"farmersdelight:oak_cabinet":2,"exnihilosequentia:string_mesh":2}},"DataVersion":2975}