{"stats":{"minecraft:broken":{"minecraft:stone_pickaxe":27,"supplementaries:flute":1,"minecraft:stone_axe":1,"minecraft:stone_sword":1,"minecraft:wooden_pickaxe":1,"minecraft:iron_pickaxe":1},"minecraft:dropped":{"minecraft:moss_block":64,"storagenetwork:inventory_remote":2,"exnihilosequentia:uranium_pieces":3,"minecraft:oak_log":1,"minecraft:crafting_table":1,"rsgauges:industrial_small_lever":1,"minecraft:flint":195,"avaritia:double_compressed_crafting_table":1,"supplementaries:rope":1,"engineersdecor:sign_hotwire":1,"minecraft:iron_pickaxe":1,"quark:oak_chest":2,"minecraft:gravel":373,"pamhc2foodcore:fruitsaladitem":1,"mekanismtools:refined_obsidian_sword":2,"pamhc2foodcore:hotchocolateitem":1,"minecraft:wheat":1,"minecraft:obsidian":25,"exnihilosequentia:copper_pieces":8,"minecraft:oak_planks":7,"mysticalagriculture:inferium_essence":1,"create:wrench":1,"minecraft:arrow":6,"minecraft:written_book":2,"mekanismtools:lapis_lazuli_sword":1,"create:andesite_alloy":1,"minecraft:egg":16,"storagenetwork:crafting_remote":2,"farmersdelight:skillet":1,"minecraft:cobblestone":239,"minecraft:copper_ingot":18,"rsgauges:industrial_lever":2,"minecraft:torch":2,"exnihilosequentia:aluminum_pieces":12,"minecraft:dried_kelp":1,"create:railway_casing":2,"minecraft:iron_axe":1,"minecraft:smooth_stone":1,"minecraft:bucket":4,"mekanismtools:diamond_paxel":1,"furnacemk2:crystal_gem_item":1,"thermal:gold_plate":1,"minecraft:cocoa_beans":2,"culinaryconstruct:sandwich":1,"exnihilosequentia:platinum_ingot":4,"functionalstorage:oak_1":1,"minecraft:potato":1,"minecraft:stone":1088,"create:zinc_ingot":18,"minecraft:andesite":96,"exnihilosequentia:lead_pieces":9,"exnihilosequentia:silver_pieces":9,"sophisticatedbackpacks:copper_backpack":1,"minecraft:stone_pickaxe":14,"minecraft:wooden_pickaxe":1,"supplementaries:flute":3},"minecraft:killed_by":{"minecraft:creeper":1,"minecraft:player":191,"minecraft:skeleton":1},"minecraft:mined":{"minecraft:stone_pressure_plate":6,"rsgauges:industrial_small_lever":1,"engineersdecor:sign_hotwire":1,"minecraft:cobblestone_stairs":16,"minecraft:cave_vines_plant":2,"sophisticatedbackpacks:iron_backpack":4,"minecraft:white_concrete":34,"minecraft:hopper":2,"minecraft:smooth_stone":58,"framedblocks:framed_slope":4,"minecraft:mossy_cobblestone_stairs":1,"mcwlights:classic_street_lamp":7,"minecraft:fire":1,"framedblocks:framed_iron_trapdoor":1,"minecraft:moss_carpet":7,"supplementaries:stick":3,"minecraft:iron_bars":5,"createdeco:andesite_hull":14,"createdeco:zinc_hull":5,"create:mechanical_press":13,"mob_grinding_utils:tinted_glass":2,"culinaryconstruct:culinary_station":1,"excompressum:compressed_sand":3,"create:small_bogey":1,"engineersdecor:metal_sliding_door":5,"minecraft:torch":16,"minecraft:mossy_cobblestone_wall":1,"rsgauges:sensitive_glass_block":1,"create:brass_casing":1,"minecraft:glass":3,"minecraft:cobblestone":268,"minecraft:oak_planks":30,"minecraft:wall_torch":33,"create:basin":1,"minecraft:stone_stairs":13,"mekanismadditions:gray_plastic_glow_slab":2,"minecraft:wheat":1,"minecraft:smooth_stone_slab":1,"minecraft:grass":2,"minecraft:oak_log":1,"mekanismadditions:gray_plastic_glow":1,"create:hand_crank":5,"minecraft:dark_oak_sapling":2,"minecraft:sand":3,"create:track_station":7,"framedblocks:framed_slab":4,"create:railway_casing":19,"minecraft:mossy_cobblestone":36,"functionalstorage:oak_1":7,"minecraft:ladder":14,"minecraft:stone_button":3,"create:large_cogwheel":1,"create:depot":17,"minecraft:moss_block":100,"engineersdecor:sign_exit":5,"minecraft:large_fern":1,"supplementaries:rope":7,"minecraft:oak_trapdoor":1,"minecraft:furnace":3,"minecraft:andesite":1,"minecraft:cobblestone_slab":28,"create:deployer":11,"minecraft:stripped_oak_log":15,"cfm:white_sofa":10,"create:controls":2,"minecraft:bamboo":2,"minecraft:stone":3135,"minecraft:podzol":2,"create:white_seat":1,"minecraft:flowering_azalea":2,"minecraft:gray_concrete":2,"rsgauges:industrial_lever":2,"quark:oak_chest":12,"exnihilosequentia:dust":2,"create:track":47,"minecraft:crafting_table":8,"framedblocks:framed_double_panel":3,"minecraft:stone_slab":2,"exnihilosequentia:fired_crucible":1,"minecraft:cobblestone_wall":6,"create:gearbox":1,"minecraft:sweet_berry_bush":5,"minecraft:bee_nest":1,"cfm:oak_coffee_table":6,"engineersdecor:sign_danger":6},"minecraft:killed":{"minecraft:spider":1,"minecraft:skeleton":61,"minecraft:chicken":1,"minecraft:zombie_villager":1,"mekanismadditions:baby_creeper":14,"minecraft:creeper":65,"minecraft:zombie":56,"mekanismadditions:baby_skeleton":13},"minecraft:picked_up":{"minecraft:wheat":2,"storagenetwork:inventory_remote":2,"exnihilosequentia:platinum_ingot":5,"minecraft:stone_slab":2,"minecraft:diamond_sword":3,"mekanismtools:lapis_lazuli_sword":1,"create:wrench":2,"minecraft:string":15,"minecraft:smooth_stone_slab":1,"framedblocks:framed_panel":6,"minecraft:smooth_stone":528,"mysticalagriculture:inferium_essence":66,"create:mechanical_press":14,"minecraft:bucket":8,"comforts:sleeping_bag_white":1,"minecraft:written_book":6,"create:potato_cannon":1,"minecraft:cobblestone_slab":86,"minecraft:iron_pickaxe":1,"farmersdelight:ratatouille":2,"minecraft:furnace":3,"minecraft:stick":53,"minecraft:torch":196,"minecraft:dried_kelp":1,"engineersdecor:sign_hotwire":1,"create:large_cogwheel":1,"minecraft:stone_sword":1,"quark:clear_shard":7,"minecraft:rotten_flesh":8,"excompressum:compressed_sand":5,"create:track":58,"createdeco:zinc_hull":5,"minecraft:obsidian":84,"pamhc2foodcore:chocolatecupcakeitem":12,"minecraft:iron_bars":5,"rsgauges:industrial_small_lever":1,"minecraft:cobblestone":4953,"culinaryconstruct:sandwich":1,"minecraft:andesite":97,"minecraft:copper_block":4,"minecraft:potato":19,"create:belt_connector":5,"pamhc2foodcore:marshmellowsitem":2,"minecraft:flint":5,"supplementaries:flute":2,"minecraft:gray_concrete":6,"minecraft:dirt":2,"createdeco:andesite_hull":14,"mekanism:dust_obsidian":11,"mekanismtools:refined_obsidian_sword":3,"bhc:red_heart":2,"exnihilosequentia:fired_crucible":1,"minecraft:glass":107,"minecraft:bone":19,"framedblocks:framed_slope":4,"minecraft:bow":3,"minecraft:wheat_seeds":4,"ftbquests:book":1,"minecraft:bamboo":15,"minecraft:moss_block":166,"create:super_glue":2,"minecraft:oak_planks":73,"exnihilosequentia:lead_pieces":9,"pamhc2foodcore:freshwateritem":1,"minecraft:sand":10,"thermal:gold_plate":1,"sophisticatedbackpacks:iron_backpack":6,"buildersdelight:iron_chisel":1,"minecraft:mossy_cobblestone":36,"mekanismadditions:gray_plastic_glow":1,"farmersdelight:cake_slice":2,"engineersdecor:sign_exit":5,"create:track_station":11,"exnihilosequentia:silver_pieces":9,"mob_grinding_utils:tinted_glass":2,"minecraft:white_concrete":31,"storagenetwork:crafting_remote":3,"minecraft:bread":10,"functionalstorage:oak_1":10,"minecraft:fishing_rod":1,"minecraft:cocoa_beans":2,"minecraft:crafting_table":9,"minecraft:ladder":36,"minecraft:wooden_pickaxe":1,"kubejs:stone_coin":1,"minecraft:cornflower":1,"minecraft:oak_trapdoor":1,"minecraft:stone_stairs":13,"minecraft:moss_carpet":29,"minecraft:iron_axe":1,"exnihilosequentia:dust":2,"minecraft:white_carpet":7,"thermal:hearty_stew":1,"minecraft:mossy_cobblestone_wall":1,"minecraft:oak_boat":2,"framedblocks:framed_iron_trapdoor":1,"create:white_seat":1,"create:basin":2,"minecraft:iron_nugget":62,"supplementaries:rope":23,"minecraft:egg":18,"cfm:white_sofa":9,"minecraft:dark_oak_sapling":3,"minecraft:stone":451,"mekanismadditions:gray_plastic_glow_slab":2,"create:railway_casing":21,"minecraft:bowl":1,"minecraft:stone_button":2,"minecraft:cookie":1,"create:hand_crank":22,"exnihilosequentia:uranium_pieces":3,"create:brass_casing":2,"create:zinc_ingot":46,"minecraft:stone_pressure_plate":7,"create:deployer":11,"create:controls":2,"minecraft:arrow":21,"pamhc2foodcore:chocolatebaritem":4,"rsgauges:industrial_lever":2,"aquaculture:fish_fillet_raw":4,"create:depot":19,"sophisticatedbackpacks:copper_backpack":1,"pamhc2foodcore:freshmilkitem":1,"rsgauges:sensitive_glass_block":1,"minecraft:stripped_oak_log":29,"create:brass_sheet":1,"engineersdecor:sign_danger":6,"pamhc2foodcore:bakedvegetablemedlyitem":2,"minecraft:oak_log":49,"create:andesite_alloy":7,"create:blaze_burner":1,"minecraft:cobblestone_stairs":18,"minecraft:gunpowder":71,"framedblocks:framed_slab":4,"minecraft:cobblestone_wall":5,"thermal:cheese_wedge":1,"farmersdelight:skillet":1,"avaritia:double_compressed_crafting_table":1,"exnihilosequentia:aluminum_pieces":12,"engineersdecor:metal_sliding_door":7,"minecraft:iron_ingot":55,"minecraft:stone_pickaxe":11,"minecraft:flowering_azalea":1,"minecraft:oak_slab":40,"pamhc2foodcore:smoresitem":3,"cfm:oak_coffee_table":6,"mcwlights:classic_street_lamp":7,"minecraft:sweet_berries":10,"minecraft:gravel":247,"minecraft:lava_bucket":3,"quark:oak_chest":16,"create:gearbox":1,"create:brass_ingot":74,"create:zinc_nugget":322,"minecraft:mossy_cobblestone_stairs":1,"furnacemk2:crystal_gem_item":1,"pamhc2foodcore:hotchocolateitem":4,"create:incomplete_track":22,"pamhc2foodcore:fruitsaladitem":2,"minecraft:hopper":4,"culinaryconstruct:culinary_station":3,"exnihilosequentia:copper_pieces":8,"minecraft:sunflower":1},"minecraft:custom":{"minecraft:interact_with_crafting_table":97,"minecraft:open_barrel":27,"minecraft:open_shulker_box":1,"minecraft:eat_cake_slice":1,"minecraft:leave_game":10,"minecraft:time_since_death":4262,"minecraft:sprint_one_cm":1775453,"minecraft:drop":170,"minecraft:play_time":844930,"minecraft:deaths":254,"minecraft:jump":6258,"minecraft:walk_on_water_one_cm":36866,"minecraft:interact_with_furnace":54,"minecraft:damage_dealt":13009,"minecraft:player_kills":32,"minecraft:crouch_one_cm":63970,"minecraft:mob_kills":213,"minecraft:inspect_hopper":4,"minecraft:damage_dealt_resisted":57,"minecraft:climb_one_cm":189414,"minecraft:walk_one_cm":2053073,"minecraft:sneak_time":29985,"minecraft:walk_under_water_one_cm":3359,"minecraft:boat_one_cm":788,"minecraft:total_world_time":844930,"minecraft:time_since_rest":4294,"minecraft:damage_taken":41522,"minecraft:swim_one_cm":639,"minecraft:fly_one_cm":1271982,"minecraft:open_chest":219,"minecraft:fall_one_cm":143076},"minecraft:used":{"minecraft:moss_block":113,"create:deployer":11,"minecraft:moss_carpet":82,"create:brass_casing":3,"engineersdecor:sign_danger":7,"engineersdecor:sign_exit":5,"minecraft:ladder":63,"culinaryconstruct:culinary_station":2,"minecraft:stone":10,"create:railway_casing":17,"create:depot":19,"minecraft:glass":209,"create:controls":3,"minecraft:lava_bucket":133,"pamhc2foodcore:chocolatecupcakeitem":6,"framedblocks:framed_panel":1,"rsgauges:sensitive_glass_block":1,"minecraft:written_book":1,"minecraft:sweet_berries":2,"minecraft:furnace":4,"minecraft:egg":1,"minecraft:dark_oak_sapling":1,"pamhc2foodcore:freshmilkitem":1,"minecraft:stone_pickaxe":3420,"minecraft:oak_planks":21,"minecraft:wooden_pickaxe":48,"thermal:hearty_stew":1,"pamhc2foodcore:smoresitem":3,"mob_grinding_utils:tinted_glass":3,"create:track_station":16,"minecraft:gray_concrete":2,"farmersdelight:ratatouille":2,"minecraft:bread":3,"minecraft:stone_button":2,"create:potato_cannon":2,"minecraft:gravel":1,"create:white_seat":1,"minecraft:diamond_sword":80,"create:basin":2,"functionalstorage:oak_1":11,"minecraft:andesite":1,"minecraft:smooth_stone_slab":1,"minecraft:oak_boat":1,"minecraft:white_concrete":18,"minecraft:bone_meal":1,"create:large_cogwheel":1,"minecraft:oak_trapdoor":14,"sophisticatedbackpacks:iron_backpack":5,"minecraft:iron_bars":11,"minecraft:stone_sword":131,"framedblocks:framed_slab":2,"minecraft:stick":6,"minecraft:torch":171,"createdeco:andesite_hull":18,"storagenetwork:inventory_remote":2,"minecraft:white_carpet":9,"minecraft:hopper":6,"minecraft:cobblestone_wall":7,"minecraft:stone_stairs":22,"engineersdecor:metal_sliding_door":2,"minecraft:oak_fence_gate":1,"createdeco:zinc_hull":7,"minecraft:mossy_cobblestone_stairs":2,"minecraft:flowering_azalea":1,"create:wrench":2,"create:gearbox":2,"minecraft:iron_axe":34,"minecraft:bamboo":4,"minecraft:stone_pressure_plate":6,"culinaryconstruct:sandwich":3,"exnihilosequentia:fired_crucible":1,"mekanismadditions:gray_plastic_glow_slab":2,"minecraft:water_bucket":11,"minecraft:cobblestone_stairs":271,"minecraft:cobblestone_slab":306,"storagenetwork:crafting_remote":2,"create:blaze_burner":1,"minecraft:mossy_cobblestone":27,"pamhc2foodcore:hotchocolateitem":2,"minecraft:crafting_table":7,"mekanismadditions:gray_plastic_glow":1,"mekanismtools:refined_obsidian_sword":35,"pamhc2foodcore:chocolatebaritem":4,"minecraft:oak_log":20,"create:track":77,"create:mechanical_press":14,"cfm:white_sofa":6,"minecraft:sunflower":1,"farmersdelight:cake_slice":1,"pamhc2foodcore:bakedvegetablemedlyitem":2,"minecraft:iron_pickaxe":327,"minecraft:stone_slab":1,"supplementaries:rope":22,"pamhc2foodcore:fruitsaladitem":1,"minecraft:stone_axe":120,"thermal:cheese_wedge":1,"minecraft:cobblestone":1956,"mcwlights:classic_street_lamp":2,"minecraft:bucket":70,"quark:oak_chest":51,"create:hand_crank":23,"minecraft:stripped_oak_log":2,"minecraft:smooth_stone":497},"minecraft:crafted":{"minecraft:oak_planks":212,"minecraft:cobblestone_slab":174,"minecraft:stone":135,"minecraft:cobblestone_stairs":116,"minecraft:lever":1,"minecraft:glass":21,"create:mechanical_press":1,"minecraft:oak_button":1,"createdeco:andesite_hull":4,"create:cogwheel":17,"supplementaries:flute":1,"create:depot":1,"culinaryconstruct:culinary_station":1,"farmersdelight:wheat_dough":3,"create:gearbox":1,"create:controls":1,"quark:oak_chest":42,"create:white_seat":1,"minecraft:iron_pickaxe":2,"minecraft:iron_block":1,"minecraft:stone_sword":1,"create:large_cogwheel":4,"minecraft:smooth_stone_slab":30,"minecraft:oak_trapdoor":14,"minecraft:iron_axe":1,"minecraft:ladder":240,"minecraft:stone_pickaxe":29,"minecraft:cobblestone_wall":6,"functionalstorage:oak_1":3,"create:andesite_alloy":15,"create:hand_crank":1,"minecraft:bucket":1,"minecraft:stone_axe":1,"minecraft:bread":3,"minecraft:air":263,"minecraft:oak_fence_gate":1,"minecraft:andesite_slab":6,"create:shaft":16,"createdeco:zinc_hull":2}},"DataVersion":2975}