{"stats":{"minecraft:broken":{"minecraft:stone_pickaxe":27,"supplementaries:flute":1,"minecraft:stone_axe":1,"minecraft:stone_sword":1,"minecraft:wooden_pickaxe":1,"minecraft:iron_pickaxe":2},"minecraft:dropped":{"minecraft:moss_block":64,"storagenetwork:inventory_remote":2,"exnihilosequentia:uranium_pieces":3,"minecraft:oak_log":1,"minecraft:crafting_table":1,"rsgauges:industrial_small_lever":1,"minecraft:flint":195,"avaritia:double_compressed_crafting_table":1,"supplementaries:rope":1,"engineersdecor:sign_hotwire":1,"minecraft:iron_pickaxe":1,"quark:oak_chest":2,"minecraft:gravel":373,"mekanismtools:refined_obsidian_sword":2,"pamhc2foodcore:fruitsaladitem":1,"pamhc2foodcore:hotchocolateitem":1,"minecraft:wheat":1,"minecraft:obsidian":31,"exnihilosequentia:copper_pieces":8,"minecraft:oak_planks":7,"mysticalagriculture:inferium_essence":1,"create:wrench":1,"minecraft:arrow":6,"minecraft:written_book":2,"mekanismtools:lapis_lazuli_sword":1,"create:andesite_alloy":1,"minecraft:lectern":1,"minecraft:egg":20,"storagenetwork:crafting_remote":2,"farmersdelight:skillet":1,"minecraft:cobblestone":239,"minecraft:copper_ingot":18,"rsgauges:industrial_lever":2,"minecraft:torch":2,"exnihilosequentia:aluminum_pieces":12,"minecraft:dried_kelp":1,"create:railway_casing":2,"minecraft:iron_axe":2,"minecraft:smooth_stone":1,"minecraft:bucket":4,"mekanismtools:diamond_paxel":1,"furnacemk2:crystal_gem_item":1,"thermal:gold_plate":1,"minecraft:cocoa_beans":2,"culinaryconstruct:sandwich":1,"exnihilosequentia:platinum_ingot":4,"functionalstorage:oak_1":1,"minecraft:potato":4,"minecraft:stone":1088,"create:zinc_ingot":18,"minecraft:andesite":96,"exnihilosequentia:lead_pieces":9,"exnihilosequentia:silver_pieces":9,"sophisticatedbackpacks:copper_backpack":1,"minecraft:stone_pickaxe":14,"minecraft:wooden_pickaxe":1,"supplementaries:flute":3},"minecraft:killed_by":{"minecraft:creeper":1,"minecraft:player":213,"minecraft:skeleton":1},"minecraft:mined":{"minecraft:stone_pressure_plate":6,"rsgauges:industrial_small_lever":1,"engineersdecor:sign_hotwire":1,"create:andesite_casing":9,"minecraft:cobblestone_stairs":36,"minecraft:cave_vines_plant":2,"sophisticatedbackpacks:iron_backpack":5,"minecraft:white_concrete":34,"minecraft:hopper":2,"minecraft:smooth_stone":87,"framedblocks:framed_slope":4,"minecraft:mossy_cobblestone_stairs":1,"mcwlights:classic_street_lamp":7,"minecraft:fire":1,"framedblocks:framed_iron_trapdoor":1,"minecraft:moss_carpet":8,"create:train_trapdoor":25,"supplementaries:stick":3,"minecraft:oak_stairs":2,"minecraft:iron_bars":5,"createdeco:andesite_hull":14,"createdeco:zinc_hull":5,"create:mechanical_press":14,"mob_grinding_utils:tinted_glass":2,"culinaryconstruct:culinary_station":1,"excompressum:compressed_sand":3,"create:cogwheel":1,"create:small_bogey":4,"engineersdecor:metal_sliding_door":5,"minecraft:torch":17,"rsgauges:sensitive_glass_block":1,"minecraft:mossy_cobblestone_wall":1,"create:brass_casing":2,"minecraft:glass":13,"minecraft:cobblestone":326,"minecraft:oak_planks":32,"minecraft:wall_torch":33,"cookingforblockheads:spice_rack":1,"create:basin":1,"minecraft:stone_stairs":13,"mekanismadditions:gray_plastic_glow_slab":2,"minecraft:wheat":1,"minecraft:smooth_stone_slab":1,"minecraft:grass":2,"minecraft:oak_log":1,"mekanismadditions:gray_plastic_glow":1,"create:hand_crank":8,"minecraft:dark_oak_sapling":2,"minecraft:sand":3,"create:track_station":15,"framedblocks:framed_slab":4,"create:railway_casing":36,"minecraft:mossy_cobblestone":41,"functionalstorage:oak_1":7,"minecraft:ladder":14,"minecraft:stone_button":3,"create:large_cogwheel":1,"create:depot":23,"minecraft:moss_block":109,"engineersdecor:sign_exit":6,"minecraft:large_fern":1,"supplementaries:rope":7,"minecraft:oak_trapdoor":1,"minecraft:furnace":3,"minecraft:andesite":1,"minecraft:cobblestone_slab":42,"create:deployer":15,"minecraft:stripped_oak_log":19,"cfm:white_sofa":11,"create:controls":3,"minecraft:bamboo":2,"minecraft:stone":3169,"minecraft:podzol":2,"create:white_seat":2,"minecraft:flowering_azalea":2,"minecraft:gray_concrete":2,"rsgauges:industrial_lever":2,"quark:oak_chest":12,"exnihilosequentia:dust":2,"create:track":112,"minecraft:crafting_table":8,"framedblocks:framed_double_panel":3,"create:water_wheel":1,"minecraft:stone_slab":4,"exnihilosequentia:fired_crucible":1,"minecraft:cobblestone_wall":6,"create:gearbox":2,"minecraft:sweet_berry_bush":5,"minecraft:bee_nest":1,"elevatorid:elevator_white":3,"cfm:oak_coffee_table":6,"engineersdecor:sign_danger":6},"minecraft:killed":{"minecraft:spider":1,"minecraft:skeleton":79,"minecraft:chicken":1,"minecraft:zombie_villager":2,"mekanismadditions:baby_creeper":17,"minecraft:creeper":86,"minecraft:zombie":67,"mekanismadditions:baby_skeleton":17},"minecraft:picked_up":{"minecraft:wheat":2,"storagenetwork:inventory_remote":2,"exnihilosequentia:platinum_ingot":5,"minecraft:stone_slab":5,"minecraft:diamond_sword":3,"mekanismtools:lapis_lazuli_sword":1,"minecraft:oak_stairs":2,"create:wrench":2,"minecraft:string":15,"minecraft:smooth_stone_slab":1,"framedblocks:framed_panel":6,"create:water_wheel":1,"minecraft:smooth_stone":557,"mysticalagriculture:inferium_essence":72,"create:mechanical_press":15,"minecraft:bucket":8,"comforts:sleeping_bag_white":1,"minecraft:written_book":6,"create:potato_cannon":1,"minecraft:cobblestone_slab":100,"minecraft:iron_pickaxe":1,"farmersdelight:ratatouille":2,"minecraft:furnace":3,"minecraft:stick":53,"minecraft:torch":197,"create:andesite_casing":9,"minecraft:dried_kelp":1,"engineersdecor:sign_hotwire":1,"create:large_cogwheel":1,"minecraft:stone_sword":1,"quark:clear_shard":37,"minecraft:rotten_flesh":10,"excompressum:compressed_sand":5,"create:track":147,"minecraft:obsidian":89,"createdeco:zinc_hull":5,"pamhc2foodcore:chocolatecupcakeitem":12,"minecraft:iron_bars":5,"rsgauges:industrial_small_lever":1,"minecraft:cobblestone":5035,"culinaryconstruct:sandwich":1,"minecraft:andesite":97,"minecraft:copper_block":4,"minecraft:potato":27,"pamhc2foodcore:marshmellowsitem":2,"create:belt_connector":5,"minecraft:flint":5,"supplementaries:flute":2,"minecraft:gray_concrete":6,"minecraft:dirt":2,"createdeco:andesite_hull":14,"mekanism:dust_obsidian":17,"bhc:red_heart":2,"exnihilosequentia:fired_crucible":1,"minecraft:glass":107,"minecraft:bone":25,"framedblocks:framed_slope":4,"mekanismtools:refined_obsidian_sword":3,"minecraft:bow":3,"minecraft:wheat_seeds":4,"ftbquests:book":1,"minecraft:bamboo":15,"minecraft:moss_block":174,"create:super_glue":2,"minecraft:oak_planks":75,"exnihilosequentia:lead_pieces":9,"create:cogwheel":1,"pamhc2foodcore:freshwateritem":1,"minecraft:sand":10,"thermal:gold_plate":1,"sophisticatedbackpacks:iron_backpack":7,"buildersdelight:iron_chisel":1,"minecraft:mossy_cobblestone":41,"mekanismadditions:gray_plastic_glow":1,"farmersdelight:cake_slice":2,"engineersdecor:sign_exit":6,"cookingforblockheads:spice_rack":1,"create:track_station":20,"exnihilosequentia:silver_pieces":9,"minecraft:white_concrete":31,"mob_grinding_utils:tinted_glass":2,"storagenetwork:crafting_remote":3,"minecraft:bread":10,"functionalstorage:oak_1":10,"minecraft:fishing_rod":1,"minecraft:cocoa_beans":2,"minecraft:crafting_table":9,"minecraft:ladder":36,"minecraft:wooden_pickaxe":1,"kubejs:stone_coin":1,"minecraft:cornflower":1,"minecraft:oak_trapdoor":1,"minecraft:stone_stairs":13,"minecraft:moss_carpet":30,"minecraft:iron_axe":2,"exnihilosequentia:dust":2,"minecraft:white_carpet":7,"thermal:hearty_stew":1,"minecraft:mossy_cobblestone_wall":1,"minecraft:oak_boat":2,"framedblocks:framed_iron_trapdoor":1,"create:white_seat":2,"create:basin":2,"minecraft:iron_nugget":62,"minecraft:lectern":1,"supplementaries:rope":23,"minecraft:egg":25,"cfm:white_sofa":10,"minecraft:dark_oak_sapling":3,"minecraft:stone":451,"mekanismadditions:gray_plastic_glow_slab":2,"create:railway_casing":41,"minecraft:bowl":1,"minecraft:stone_button":2,"minecraft:cookie":1,"create:hand_crank":25,"exnihilosequentia:uranium_pieces":3,"create:brass_casing":3,"minecraft:stone_pressure_plate":7,"create:zinc_ingot":46,"create:deployer":15,"create:controls":3,"minecraft:arrow":25,"pamhc2foodcore:chocolatebaritem":4,"rsgauges:industrial_lever":2,"aquaculture:fish_fillet_raw":4,"create:depot":25,"sophisticatedbackpacks:copper_backpack":1,"pamhc2foodcore:freshmilkitem":1,"rsgauges:sensitive_glass_block":1,"minecraft:stripped_oak_log":33,"create:brass_sheet":1,"engineersdecor:sign_danger":6,"pamhc2foodcore:bakedvegetablemedlyitem":2,"minecraft:oak_log":49,"create:andesite_alloy":7,"create:blaze_burner":1,"minecraft:gunpowder":74,"framedblocks:framed_slab":4,"minecraft:cobblestone_wall":5,"minecraft:cobblestone_stairs":38,"thermal:cheese_wedge":1,"farmersdelight:skillet":1,"avaritia:double_compressed_crafting_table":1,"exnihilosequentia:aluminum_pieces":12,"engineersdecor:metal_sliding_door":7,"create:train_trapdoor":25,"minecraft:iron_ingot":55,"minecraft:stone_pickaxe":11,"minecraft:flowering_azalea":1,"minecraft:oak_slab":40,"elevatorid:elevator_white":1,"pamhc2foodcore:smoresitem":3,"cfm:oak_coffee_table":6,"mcwlights:classic_street_lamp":7,"minecraft:sweet_berries":10,"minecraft:gravel":247,"minecraft:lava_bucket":3,"quark:oak_chest":16,"create:gearbox":2,"create:brass_ingot":74,"create:zinc_nugget":322,"minecraft:mossy_cobblestone_stairs":1,"furnacemk2:crystal_gem_item":1,"pamhc2foodcore:hotchocolateitem":4,"pamhc2foodcore:fruitsaladitem":2,"create:incomplete_track":22,"minecraft:hopper":4,"culinaryconstruct:culinary_station":3,"exnihilosequentia:copper_pieces":8,"minecraft:sunflower":1},"minecraft:custom":{"minecraft:interact_with_crafting_table":150,"minecraft:open_barrel":27,"minecraft:open_shulker_box":1,"minecraft:eat_cake_slice":1,"minecraft:leave_game":13,"minecraft:time_since_death":4206,"minecraft:sprint_one_cm":2077169,"minecraft:drop":185,"minecraft:play_time":1002889,"minecraft:deaths":279,"minecraft:jump":7069,"minecraft:walk_on_water_one_cm":39987,"minecraft:interact_with_furnace":54,"minecraft:damage_dealt":13238,"minecraft:player_kills":32,"minecraft:crouch_one_cm":73353,"minecraft:mob_kills":271,"minecraft:inspect_hopper":4,"minecraft:damage_dealt_resisted":57,"minecraft:climb_one_cm":189414,"minecraft:walk_one_cm":2486809,"minecraft:sneak_time":34895,"minecraft:walk_under_water_one_cm":4335,"minecraft:boat_one_cm":1308,"minecraft:total_world_time":1002889,"minecraft:time_since_rest":4235,"minecraft:damage_taken":46531,"minecraft:swim_one_cm":639,"minecraft:fly_one_cm":1444094,"minecraft:open_chest":222,"minecraft:fall_one_cm":154934},"minecraft:used":{"minecraft:moss_block":141,"minecraft:moss_carpet":82,"create:deployer":16,"create:brass_casing":3,"engineersdecor:sign_danger":7,"engineersdecor:sign_exit":5,"minecraft:ladder":63,"culinaryconstruct:culinary_station":2,"minecraft:stone":10,"create:railway_casing":33,"cookingforblockheads:spice_rack":3,"create:cogwheel":1,"create:depot":26,"minecraft:glass":214,"create:train_trapdoor":33,"create:controls":5,"minecraft:lava_bucket":136,"pamhc2foodcore:chocolatecupcakeitem":6,"framedblocks:framed_panel":1,"rsgauges:sensitive_glass_block":1,"minecraft:written_book":1,"minecraft:sweet_berries":2,"minecraft:furnace":4,"minecraft:egg":1,"minecraft:dark_oak_sapling":1,"pamhc2foodcore:freshmilkitem":1,"minecraft:stone_pickaxe":3420,"minecraft:oak_planks":25,"minecraft:wooden_pickaxe":48,"thermal:hearty_stew":1,"mob_grinding_utils:tinted_glass":3,"pamhc2foodcore:smoresitem":3,"create:track_station":33,"minecraft:gray_concrete":2,"farmersdelight:ratatouille":2,"minecraft:bread":3,"pamhc2foodcore:freshwateritem":12,"minecraft:stone_button":2,"create:potato_cannon":2,"create:andesite_casing":6,"minecraft:gravel":1,"create:white_seat":4,"minecraft:diamond_sword":106,"create:basin":2,"functionalstorage:oak_1":11,"minecraft:andesite":1,"minecraft:smooth_stone_slab":1,"minecraft:oak_boat":1,"minecraft:white_concrete":18,"minecraft:bone_meal":1,"create:large_cogwheel":1,"minecraft:oak_trapdoor":34,"sophisticatedbackpacks:iron_backpack":6,"minecraft:iron_bars":11,"minecraft:stone_sword":131,"framedblocks:framed_slab":2,"minecraft:stick":6,"minecraft:torch":171,"createdeco:andesite_hull":18,"storagenetwork:inventory_remote":2,"minecraft:white_carpet":9,"minecraft:hopper":6,"minecraft:cobblestone_wall":7,"minecraft:stone_stairs":22,"engineersdecor:metal_sliding_door":2,"minecraft:oak_fence_gate":1,"createdeco:zinc_hull":7,"minecraft:mossy_cobblestone_stairs":2,"minecraft:flowering_azalea":1,"create:wrench":18,"create:gearbox":4,"minecraft:iron_axe":62,"minecraft:oak_stairs":2,"minecraft:bamboo":4,"minecraft:stone_pressure_plate":6,"culinaryconstruct:sandwich":3,"exnihilosequentia:fired_crucible":1,"mekanismadditions:gray_plastic_glow_slab":2,"minecraft:water_bucket":14,"minecraft:cobblestone_stairs":271,"minecraft:cobblestone_slab":306,"storagenetwork:crafting_remote":2,"create:blaze_burner":1,"minecraft:mossy_cobblestone":32,"minecraft:crafting_table":7,"pamhc2foodcore:hotchocolateitem":2,"mekanismadditions:gray_plastic_glow":1,"mekanismtools:refined_obsidian_sword":35,"pamhc2foodcore:chocolatebaritem":4,"minecraft:oak_log":24,"create:track":150,"create:mechanical_press":15,"cfm:white_sofa":8,"minecraft:sunflower":1,"farmersdelight:cake_slice":2,"pamhc2foodcore:bakedvegetablemedlyitem":2,"minecraft:iron_pickaxe":633,"create:water_wheel":2,"minecraft:stone_slab":3,"supplementaries:rope":22,"pamhc2foodcore:fruitsaladitem":1,"minecraft:stone_axe":120,"thermal:cheese_wedge":1,"minecraft:cobblestone":2026,"mcwlights:classic_street_lamp":2,"minecraft:bucket":78,"quark:oak_chest":53,"create:hand_crank":26,"minecraft:stripped_oak_log":10,"minecraft:smooth_stone":546},"minecraft:crafted":{"minecraft:oak_planks":340,"minecraft:cobblestone_slab":174,"minecraft:stone":135,"minecraft:cobblestone_stairs":116,"minecraft:lever":2,"create:deployer":1,"minecraft:glass":21,"create:mechanical_press":1,"minecraft:oak_button":1,"createdeco:andesite_hull":4,"supplementaries:flute":1,"create:cogwheel":28,"create:brass_hand":1,"create:depot":2,"create:rose_quartz":1,"culinaryconstruct:culinary_station":1,"farmersdelight:wheat_dough":3,"create:gearbox":2,"create:controls":2,"create:water_wheel":1,"minecraft:stone_slab":126,"create:white_seat":2,"quark:oak_chest":43,"minecraft:iron_pickaxe":3,"minecraft:iron_block":1,"minecraft:stone_sword":1,"create:large_cogwheel":9,"minecraft:redstone":9,"create:wrench":1,"minecraft:smooth_stone_slab":30,"minecraft:oak_trapdoor":52,"minecraft:ladder":240,"minecraft:iron_axe":1,"minecraft:stone_pickaxe":29,"minecraft:cobblestone_wall":6,"create:electron_tube":1,"cookingforblockheads:spice_rack":2,"functionalstorage:oak_1":3,"create:andesite_alloy":20,"create:hand_crank":1,"create:train_trapdoor":8,"minecraft:bucket":1,"minecraft:stone_axe":1,"minecraft:bread":3,"minecraft:air":305,"minecraft:oak_fence_gate":1,"minecraft:andesite_slab":6,"minecraft:oak_stairs":4,"create:shaft":32,"createdeco:zinc_hull":2}},"DataVersion":2975}