{"stats":{"minecraft:broken":{"minecraft:stone_pickaxe":13},"minecraft:dropped":{"pamhc2foodcore:fruitsaladitem":1,"minecraft:crafting_table":1,"functionalstorage:oak_1":1,"minecraft:torch":2,"mysticalagriculture:inferium_essence":1,"minecraft:stone_pickaxe":12},"minecraft:killed_by":{"minecraft:player":44},"minecraft:mined":{"quark:oak_chest":3,"minecraft:cobblestone_stairs":8,"functionalstorage:oak_1":3,"minecraft:crafting_table":1,"minecraft:torch":15,"minecraft:ladder":8,"minecraft:cobblestone":49,"minecraft:oak_planks":18,"minecraft:moss_block":1,"minecraft:wall_torch":10,"minecraft:oak_trapdoor":1,"minecraft:sweet_berry_bush":2,"minecraft:oak_log":1,"minecraft:cobblestone_slab":5,"minecraft:dark_oak_sapling":1,"minecraft:sand":2,"engineersdecor:sign_danger":1,"minecraft:stone":1692},"minecraft:killed":{"minecraft:zombie_villager":1,"mekanismadditions:baby_creeper":1,"minecraft:spider":1,"minecraft:creeper":8,"minecraft:skeleton":8,"minecraft:zombie":6},"minecraft:picked_up":{"functionalstorage:oak_1":6,"minecraft:crafting_table":2,"minecraft:ladder":31,"engineersdecor:sign_danger":1,"pamhc2foodcore:marshmellowsitem":2,"minecraft:oak_log":1,"minecraft:gunpowder":15,"minecraft:cobblestone_stairs":10,"minecraft:oak_trapdoor":1,"minecraft:string":8,"bhc:red_heart":2,"minecraft:bone":11,"mysticalagriculture:inferium_essence":6,"ftbquests:book":1,"comforts:sleeping_bag_white":1,"minecraft:stone_pickaxe":9,"minecraft:cobblestone_slab":5,"minecraft:written_book":5,"minecraft:moss_block":1,"minecraft:oak_planks":18,"minecraft:dark_oak_sapling":2,"minecraft:sweet_berries":4,"minecraft:torch":159,"pamhc2foodcore:freshwateritem":1,"minecraft:sand":3,"quark:oak_chest":3,"minecraft:arrow":9,"minecraft:rotten_flesh":7,"aquaculture:fish_fillet_raw":4,"minecraft:bread":3,"pamhc2foodcore:fruitsaladitem":2,"pamhc2foodcore:chocolatecupcakeitem":12,"minecraft:cobblestone":2472},"minecraft:custom":{"minecraft:mob_kills":25,"minecraft:interact_with_crafting_table":26,"minecraft:open_barrel":3,"minecraft:leave_game":2,"minecraft:time_since_death":22704,"minecraft:climb_one_cm":112766,"minecraft:time_since_rest":22729,"minecraft:sprint_one_cm":392697,"minecraft:damage_taken":10868,"minecraft:walk_one_cm":425094,"minecraft:drop":18,"minecraft:damage_dealt":1570,"minecraft:fly_one_cm":346650,"minecraft:player_kills":4,"minecraft:open_chest":69,"minecraft:crouch_one_cm":20544,"minecraft:play_time":210524,"minecraft:deaths":71,"minecraft:sneak_time":9643,"minecraft:walk_under_water_one_cm":1097,"minecraft:jump":1791,"minecraft:walk_on_water_one_cm":24819,"minecraft:total_world_time":210524,"minecraft:fall_one_cm":69567},"minecraft:used":{"minecraft:oak_trapdoor":14,"minecraft:water_bucket":6,"engineersdecor:sign_danger":1,"minecraft:stone_sword":14,"minecraft:cobblestone_stairs":17,"minecraft:stone_pickaxe":1789,"minecraft:ladder":61,"minecraft:oak_planks":21,"minecraft:cobblestone_slab":5,"minecraft:torch":153,"minecraft:crafting_table":1,"minecraft:oak_log":5,"minecraft:bread":3,"minecraft:stone_axe":12,"minecraft:cobblestone":996,"minecraft:sweet_berries":2,"functionalstorage:oak_1":7,"minecraft:bucket":6,"quark:oak_chest":12},"minecraft:crafted":{"minecraft:oak_planks":200,"minecraft:cobblestone_stairs":16,"minecraft:bucket":1,"minecraft:stone_axe":1,"minecraft:air":64,"minecraft:oak_trapdoor":14,"minecraft:ladder":240,"quark:oak_chest":12,"minecraft:stone_pickaxe":19,"minecraft:stone_sword":1,"functionalstorage:oak_1":3}},"DataVersion":2975}