{"stats":{"minecraft:broken":{"minecraft:stone_pickaxe":18},"minecraft:dropped":{"mekanismtools:refined_obsidian_sword":2,"pamhc2foodcore:fruitsaladitem":1,"minecraft:crafting_table":1,"functionalstorage:oak_1":1,"minecraft:torch":2,"mysticalagriculture:inferium_essence":1,"sophisticatedbackpacks:copper_backpack":1,"minecraft:arrow":2,"minecraft:stone_pickaxe":12},"minecraft:killed_by":{"minecraft:player":46,"minecraft:skeleton":1,"minecraft:creeper":1},"minecraft:mined":{"excompressum:compressed_sand":3,"minecraft:mossy_cobblestone":1,"quark:oak_chest":10,"minecraft:cobblestone_stairs":13,"exnihilosequentia:dust":1,"functionalstorage:oak_1":5,"minecraft:crafting_table":3,"minecraft:torch":15,"minecraft:ladder":8,"minecraft:glass":1,"minecraft:cobblestone":82,"minecraft:hopper":1,"minecraft:oak_planks":18,"minecraft:moss_block":1,"minecraft:wall_torch":20,"minecraft:oak_trapdoor":1,"minecraft:sweet_berry_bush":2,"minecraft:oak_log":1,"minecraft:cobblestone_slab":23,"minecraft:dark_oak_sapling":1,"minecraft:sand":2,"engineersdecor:sign_danger":1,"minecraft:stone":2256},"minecraft:killed":{"minecraft:zombie_villager":1,"mekanismadditions:baby_creeper":13,"minecraft:spider":1,"minecraft:creeper":46,"minecraft:skeleton":47,"mekanismadditions:baby_skeleton":9,"minecraft:zombie":50},"minecraft:picked_up":{"functionalstorage:oak_1":8,"minecraft:crafting_table":4,"minecraft:ladder":31,"engineersdecor:sign_danger":1,"pamhc2foodcore:marshmellowsitem":2,"minecraft:oak_log":1,"minecraft:gunpowder":21,"minecraft:cobblestone_stairs":15,"kubejs:stone_coin":1,"minecraft:oak_trapdoor":1,"minecraft:string":15,"exnihilosequentia:dust":1,"bhc:red_heart":2,"minecraft:glass":64,"minecraft:bone":18,"mekanismtools:refined_obsidian_sword":2,"minecraft:bow":3,"mysticalagriculture:inferium_essence":16,"ftbquests:book":1,"comforts:sleeping_bag_white":1,"minecraft:stone_pickaxe":9,"minecraft:cobblestone_slab":17,"minecraft:written_book":5,"minecraft:moss_block":1,"minecraft:oak_planks":18,"minecraft:dark_oak_sapling":2,"minecraft:sweet_berries":4,"minecraft:torch":170,"pamhc2foodcore:freshwateritem":1,"minecraft:sand":3,"sophisticatedbackpacks:iron_backpack":1,"quark:oak_chest":12,"minecraft:mossy_cobblestone":1,"minecraft:arrow":16,"minecraft:rotten_flesh":8,"excompressum:compressed_sand":5,"aquaculture:fish_fillet_raw":4,"minecraft:bread":3,"sophisticatedbackpacks:copper_backpack":1,"pamhc2foodcore:fruitsaladitem":2,"pamhc2foodcore:chocolatecupcakeitem":12,"minecraft:hopper":2,"minecraft:cobblestone":3065},"minecraft:custom":{"minecraft:mob_kills":167,"minecraft:inspect_hopper":1,"minecraft:interact_with_crafting_table":49,"minecraft:open_barrel":3,"minecraft:leave_game":2,"minecraft:time_since_death":8824,"minecraft:climb_one_cm":116797,"minecraft:time_since_rest":8855,"minecraft:sprint_one_cm":470554,"minecraft:damage_taken":11653,"minecraft:walk_one_cm":625784,"minecraft:drop":23,"minecraft:damage_dealt":4363,"minecraft:fly_one_cm":424114,"minecraft:player_kills":5,"minecraft:open_chest":120,"minecraft:crouch_one_cm":24779,"minecraft:play_time":282524,"minecraft:deaths":75,"minecraft:sneak_time":12412,"minecraft:walk_under_water_one_cm":1097,"minecraft:jump":2053,"minecraft:walk_on_water_one_cm":25185,"minecraft:total_world_time":282524,"minecraft:fall_one_cm":71109},"minecraft:used":{"minecraft:oak_trapdoor":14,"minecraft:water_bucket":6,"engineersdecor:sign_danger":1,"minecraft:stone_sword":119,"minecraft:cobblestone_stairs":66,"minecraft:stone_pickaxe":2416,"minecraft:ladder":61,"minecraft:oak_planks":21,"minecraft:cobblestone_slab":87,"minecraft:torch":161,"minecraft:hopper":2,"minecraft:crafting_table":3,"mekanismtools:refined_obsidian_sword":2,"minecraft:oak_log":5,"minecraft:glass":11,"minecraft:lava_bucket":5,"pamhc2foodcore:chocolatecupcakeitem":5,"minecraft:bread":3,"minecraft:stone_axe":26,"minecraft:cobblestone":1203,"minecraft:sweet_berries":2,"functionalstorage:oak_1":9,"minecraft:bucket":7,"quark:oak_chest":49},"minecraft:crafted":{"minecraft:oak_planks":200,"minecraft:cobblestone_slab":72,"minecraft:cobblestone_stairs":52,"minecraft:bucket":1,"minecraft:stone_axe":1,"minecraft:air":260,"minecraft:oak_trapdoor":14,"minecraft:ladder":240,"quark:oak_chest":41,"minecraft:stone_pickaxe":22,"minecraft:stone_sword":1,"minecraft:oak_button":1,"functionalstorage:oak_1":3}},"DataVersion":2975}