{"stats":{"minecraft:broken":{"minecraft:stone_pickaxe":12},"minecraft:dropped":{"minecraft:torch":2,"minecraft:crafting_table":1,"minecraft:stone_pickaxe":12},"minecraft:killed_by":{"minecraft:player":38},"minecraft:mined":{"minecraft:sweet_berry_bush":2,"minecraft:crafting_table":1,"functionalstorage:oak_1":3,"minecraft:torch":15,"minecraft:ladder":5,"minecraft:dark_oak_sapling":1,"minecraft:sand":2,"minecraft:cobblestone":24,"engineersdecor:sign_danger":1,"minecraft:stone":1617,"minecraft:wall_torch":9},"minecraft:picked_up":{"functionalstorage:oak_1":4,"minecraft:dark_oak_sapling":1,"minecraft:crafting_table":2,"minecraft:ladder":27,"minecraft:sweet_berries":4,"engineersdecor:sign_danger":1,"minecraft:torch":156,"pamhc2foodcore:freshwateritem":1,"pamhc2foodcore:marshmellowsitem":2,"minecraft:sand":2,"aquaculture:fish_fillet_raw":2,"minecraft:stone_pickaxe":9,"minecraft:written_book":5,"minecraft:bread":3,"pamhc2foodcore:fruitsaladitem":2,"pamhc2foodcore:chocolatecupcakeitem":6,"minecraft:cobblestone":2374},"minecraft:custom":{"minecraft:time_since_rest":84,"minecraft:sprint_one_cm":357480,"minecraft:damage_taken":9147,"minecraft:walk_one_cm":362148,"minecraft:drop":15,"minecraft:damage_dealt":1166,"minecraft:interact_with_crafting_table":10,"minecraft:fly_one_cm":281026,"minecraft:player_kills":4,"minecraft:open_barrel":3,"minecraft:open_chest":64,"minecraft:crouch_one_cm":17168,"minecraft:play_time":159537,"minecraft:deaths":60,"minecraft:sneak_time":8486,"minecraft:jump":1443,"minecraft:leave_game":2,"minecraft:time_since_death":56,"minecraft:walk_on_water_one_cm":4803,"minecraft:total_world_time":159537,"minecraft:climb_one_cm":82636,"minecraft:fall_one_cm":58565},"minecraft:used":{"engineersdecor:sign_danger":1,"minecraft:stone_pickaxe":1668,"minecraft:bread":3,"minecraft:ladder":54,"minecraft:torch":153,"minecraft:cobblestone":956,"minecraft:sweet_berries":2,"minecraft:crafting_table":1,"functionalstorage:oak_1":7,"quark:oak_chest":1},"minecraft:crafted":{"minecraft:oak_planks":72,"minecraft:ladder":240,"quark:oak_chest":4,"minecraft:stone_pickaxe":19,"functionalstorage:oak_1":3,"minecraft:air":60,"minecraft:oak_trapdoor":2}},"DataVersion":2975}