{"stats":{"minecraft:broken":{"minecraft:stone_sword":1,"minecraft:wooden_pickaxe":1,"minecraft:stone_pickaxe":25,"supplementaries:flute":1},"minecraft:dropped":{"storagenetwork:inventory_remote":2,"minecraft:moss_block":64,"exnihilosequentia:uranium_pieces":3,"farmersdelight:skillet":1,"minecraft:crafting_table":1,"rsgauges:industrial_small_lever":1,"minecraft:cobblestone":170,"minecraft:flint":5,"rsgauges:industrial_lever":2,"avaritia:double_compressed_crafting_table":1,"supplementaries:rope":1,"minecraft:torch":2,"exnihilosequentia:aluminum_pieces":12,"minecraft:dried_kelp":1,"engineersdecor:sign_hotwire":1,"minecraft:bucket":4,"quark:oak_chest":1,"minecraft:gravel":246,"mekanismtools:diamond_paxel":1,"mekanismtools:refined_obsidian_sword":2,"pamhc2foodcore:fruitsaladitem":1,"minecraft:cocoa_beans":2,"pamhc2foodcore:hotchocolateitem":1,"minecraft:wheat":1,"exnihilosequentia:copper_pieces":8,"culinaryconstruct:sandwich":1,"minecraft:oak_planks":6,"exnihilosequentia:platinum_ingot":4,"functionalstorage:oak_1":1,"mysticalagriculture:inferium_essence":1,"exnihilosequentia:lead_pieces":9,"exnihilosequentia:silver_pieces":9,"sophisticatedbackpacks:copper_backpack":1,"minecraft:arrow":6,"minecraft:stone_pickaxe":14,"minecraft:wooden_pickaxe":1,"minecraft:written_book":2,"mekanismtools:lapis_lazuli_sword":1,"create:andesite_alloy":1,"minecraft:egg":1},"minecraft:killed_by":{"minecraft:player":161,"minecraft:creeper":1,"minecraft:skeleton":1},"minecraft:mined":{"rsgauges:industrial_small_lever":1,"minecraft:stone_pressure_plate":6,"engineersdecor:sign_hotwire":1,"minecraft:mossy_cobblestone":26,"minecraft:cobblestone_stairs":16,"minecraft:cave_vines_plant":2,"functionalstorage:oak_1":5,"minecraft:ladder":14,"minecraft:stone_button":3,"minecraft:white_concrete":25,"minecraft:moss_block":60,"minecraft:hopper":2,"engineersdecor:sign_exit":5,"minecraft:large_fern":1,"supplementaries:rope":7,"framedblocks:framed_slope":4,"minecraft:oak_trapdoor":1,"minecraft:mossy_cobblestone_stairs":1,"mcwlights:classic_street_lamp":5,"framedblocks:framed_iron_trapdoor":1,"minecraft:moss_carpet":6,"supplementaries:stick":3,"minecraft:cobblestone_slab":28,"minecraft:iron_bars":5,"cfm:white_sofa":9,"minecraft:bamboo":2,"minecraft:stone":2919,"mob_grinding_utils:tinted_glass":2,"culinaryconstruct:culinary_station":1,"excompressum:compressed_sand":3,"minecraft:flowering_azalea":1,"engineersdecor:metal_sliding_door":5,"minecraft:gray_concrete":2,"rsgauges:industrial_lever":2,"quark:oak_chest":10,"exnihilosequentia:dust":2,"minecraft:crafting_table":5,"minecraft:torch":16,"rsgauges:sensitive_glass_block":1,"framedblocks:framed_double_panel":3,"exnihilosequentia:fired_crucible":1,"minecraft:glass":2,"minecraft:cobblestone":222,"minecraft:oak_planks":22,"minecraft:wall_torch":32,"minecraft:stone_stairs":11,"minecraft:cobblestone_wall":5,"mekanismadditions:gray_plastic_glow_slab":2,"minecraft:wheat":1,"minecraft:sweet_berry_bush":5,"minecraft:bee_nest":1,"minecraft:grass":2,"minecraft:oak_log":1,"cfm:oak_coffee_table":6,"minecraft:dark_oak_sapling":2,"mekanismadditions:gray_plastic_glow":1,"minecraft:sand":3,"engineersdecor:sign_danger":4,"framedblocks:framed_slab":4},"minecraft:killed":{"minecraft:spider":1,"minecraft:skeleton":49,"mekanismadditions:baby_skeleton":11,"minecraft:chicken":1,"minecraft:zombie_villager":1,"mekanismadditions:baby_creeper":13,"minecraft:creeper":48,"minecraft:zombie":53},"minecraft:picked_up":{"functionalstorage:oak_1":8,"minecraft:fishing_rod":1,"minecraft:cocoa_beans":2,"minecraft:crafting_table":6,"minecraft:wheat":2,"minecraft:ladder":36,"storagenetwork:inventory_remote":2,"exnihilosequentia:platinum_ingot":5,"mekanismtools:lapis_lazuli_sword":1,"minecraft:diamond_sword":1,"minecraft:wooden_pickaxe":1,"kubejs:stone_coin":1,"minecraft:cornflower":1,"minecraft:oak_trapdoor":1,"minecraft:string":15,"minecraft:stone_stairs":11,"minecraft:moss_carpet":28,"exnihilosequentia:dust":2,"framedblocks:framed_panel":6,"minecraft:white_carpet":7,"mysticalagriculture:inferium_essence":64,"minecraft:bucket":5,"comforts:sleeping_bag_white":1,"minecraft:oak_boat":2,"framedblocks:framed_iron_trapdoor":1,"minecraft:written_book":6,"minecraft:cobblestone_slab":22,"supplementaries:rope":23,"farmersdelight:ratatouille":2,"minecraft:egg":2,"cfm:white_sofa":8,"minecraft:dark_oak_sapling":3,"minecraft:stick":53,"minecraft:stone":3,"mekanismadditions:gray_plastic_glow_slab":2,"minecraft:torch":194,"minecraft:dried_kelp":1,"minecraft:stone_button":2,"minecraft:cookie":1,"exnihilosequentia:uranium_pieces":3,"engineersdecor:sign_hotwire":1,"minecraft:stone_pressure_plate":7,"minecraft:stone_sword":1,"minecraft:arrow":21,"quark:clear_shard":4,"minecraft:rotten_flesh":8,"excompressum:compressed_sand":5,"aquaculture:fish_fillet_raw":4,"rsgauges:industrial_lever":2,"sophisticatedbackpacks:copper_backpack":1,"pamhc2foodcore:freshmilkitem":1,"rsgauges:sensitive_glass_block":1,"pamhc2foodcore:chocolatecupcakeitem":12,"minecraft:iron_bars":5,"rsgauges:industrial_small_lever":1,"minecraft:cobblestone":4523,"culinaryconstruct:sandwich":1,"engineersdecor:sign_danger":4,"pamhc2foodcore:marshmellowsitem":2,"create:belt_connector":5,"minecraft:flint":5,"pamhc2foodcore:bakedvegetablemedlyitem":2,"minecraft:oak_log":1,"create:andesite_alloy":1,"minecraft:cobblestone_wall":4,"framedblocks:framed_slab":4,"minecraft:gunpowder":71,"thermal:cheese_wedge":1,"minecraft:cobblestone_stairs":18,"farmersdelight:skillet":1,"avaritia:double_compressed_crafting_table":1,"minecraft:gray_concrete":6,"bhc:red_heart":2,"exnihilosequentia:fired_crucible":1,"minecraft:glass":107,"minecraft:bone":19,"framedblocks:framed_slope":4,"mekanismtools:refined_obsidian_sword":3,"exnihilosequentia:aluminum_pieces":12,"minecraft:bow":3,"minecraft:wheat_seeds":4,"engineersdecor:metal_sliding_door":7,"ftbquests:book":1,"minecraft:stone_pickaxe":11,"minecraft:bamboo":8,"minecraft:moss_block":128,"minecraft:oak_planks":21,"minecraft:flowering_azalea":1,"exnihilosequentia:lead_pieces":9,"cfm:oak_coffee_table":6,"mcwlights:classic_street_lamp":5,"minecraft:sweet_berries":7,"pamhc2foodcore:freshwateritem":1,"minecraft:gravel":246,"minecraft:lava_bucket":3,"minecraft:sand":10,"sophisticatedbackpacks:iron_backpack":2,"buildersdelight:iron_chisel":1,"quark:oak_chest":13,"minecraft:mossy_cobblestone":26,"mekanismadditions:gray_plastic_glow":1,"engineersdecor:sign_exit":5,"exnihilosequentia:silver_pieces":9,"minecraft:white_concrete":31,"minecraft:mossy_cobblestone_stairs":1,"mob_grinding_utils:tinted_glass":2,"storagenetwork:crafting_remote":1,"minecraft:bread":10,"pamhc2foodcore:hotchocolateitem":4,"pamhc2foodcore:fruitsaladitem":2,"minecraft:hopper":4,"culinaryconstruct:culinary_station":3,"exnihilosequentia:copper_pieces":8,"minecraft:sunflower":1},"minecraft:custom":{"minecraft:mob_kills":177,"minecraft:inspect_hopper":4,"minecraft:interact_with_crafting_table":68,"minecraft:open_barrel":24,"minecraft:eat_cake_slice":1,"minecraft:leave_game":6,"minecraft:time_since_death":2815,"minecraft:climb_one_cm":188594,"minecraft:sprint_one_cm":1299009,"minecraft:walk_one_cm":1490470,"minecraft:drop":91,"minecraft:play_time":574576,"minecraft:sneak_time":24944,"minecraft:deaths":214,"minecraft:walk_under_water_one_cm":3359,"minecraft:boat_one_cm":788,"minecraft:jump":4821,"minecraft:walk_on_water_one_cm":35676,"minecraft:total_world_time":574576,"minecraft:interact_with_furnace":49,"minecraft:time_since_rest":3781,"minecraft:damage_taken":33762,"minecraft:damage_dealt":11704,"minecraft:swim_one_cm":639,"minecraft:fly_one_cm":1052545,"minecraft:player_kills":31,"minecraft:open_chest":175,"minecraft:crouch_one_cm":52649,"minecraft:fall_one_cm":128981},"minecraft:used":{"minecraft:moss_carpet":81,"minecraft:oak_trapdoor":14,"minecraft:moss_block":101,"minecraft:iron_bars":11,"engineersdecor:sign_danger":5,"minecraft:stone_sword":131,"engineersdecor:sign_exit":5,"framedblocks:framed_slab":2,"minecraft:ladder":63,"culinaryconstruct:culinary_station":2,"minecraft:stone":10,"minecraft:stick":6,"minecraft:torch":170,"storagenetwork:inventory_remote":2,"minecraft:white_carpet":7,"minecraft:hopper":4,"minecraft:stone_stairs":22,"minecraft:cobblestone_wall":7,"engineersdecor:metal_sliding_door":2,"minecraft:oak_fence_gate":1,"minecraft:glass":193,"minecraft:mossy_cobblestone_stairs":2,"minecraft:flowering_azalea":1,"minecraft:lava_bucket":109,"pamhc2foodcore:chocolatecupcakeitem":6,"framedblocks:framed_panel":1,"rsgauges:sensitive_glass_block":1,"minecraft:bamboo":4,"minecraft:written_book":1,"minecraft:sweet_berries":2,"minecraft:furnace":4,"minecraft:stone_pressure_plate":6,"minecraft:dark_oak_sapling":1,"culinaryconstruct:sandwich":3,"exnihilosequentia:fired_crucible":1,"pamhc2foodcore:freshmilkitem":1,"mekanismadditions:gray_plastic_glow_slab":2,"minecraft:water_bucket":7,"minecraft:cobblestone_stairs":271,"minecraft:oak_planks":21,"minecraft:stone_pickaxe":3299,"minecraft:wooden_pickaxe":48,"minecraft:cobblestone_slab":306,"storagenetwork:crafting_remote":1,"mob_grinding_utils:tinted_glass":3,"minecraft:mossy_cobblestone":26,"pamhc2foodcore:hotchocolateitem":2,"minecraft:crafting_table":3,"mekanismadditions:gray_plastic_glow":1,"mekanismtools:refined_obsidian_sword":35,"minecraft:gray_concrete":2,"minecraft:oak_log":5,"farmersdelight:ratatouille":1,"cfm:white_sofa":5,"minecraft:sunflower":1,"minecraft:bread":3,"minecraft:stone_button":2,"supplementaries:rope":22,"pamhc2foodcore:fruitsaladitem":1,"thermal:cheese_wedge":1,"minecraft:stone_axe":66,"minecraft:diamond_sword":49,"minecraft:cobblestone":1812,"functionalstorage:oak_1":9,"minecraft:bucket":51,"quark:oak_chest":49,"minecraft:oak_boat":1,"minecraft:white_concrete":18,"minecraft:bone_meal":1},"minecraft:crafted":{"minecraft:oak_planks":200,"minecraft:cobblestone_slab":174,"minecraft:stone":118,"minecraft:cobblestone_stairs":116,"minecraft:oak_trapdoor":14,"minecraft:glass":21,"minecraft:ladder":240,"minecraft:stone_pickaxe":29,"minecraft:cobblestone_wall":6,"minecraft:oak_button":1,"supplementaries:flute":1,"functionalstorage:oak_1":3,"culinaryconstruct:culinary_station":1,"minecraft:bucket":1,"minecraft:stone_axe":1,"farmersdelight:wheat_dough":3,"minecraft:bread":3,"minecraft:air":261,"minecraft:oak_fence_gate":1,"quark:oak_chest":41,"minecraft:stone_sword":1}},"DataVersion":2975}