{"stats":{"minecraft:broken":{"minecraft:stone_pickaxe":25,"supplementaries:flute":1,"minecraft:stone_sword":1,"minecraft:wooden_pickaxe":1},"minecraft:dropped":{"minecraft:moss_block":64,"storagenetwork:inventory_remote":2,"exnihilosequentia:uranium_pieces":3,"minecraft:oak_log":1,"minecraft:crafting_table":1,"rsgauges:industrial_small_lever":1,"minecraft:flint":195,"supplementaries:rope":1,"avaritia:double_compressed_crafting_table":1,"engineersdecor:sign_hotwire":1,"quark:oak_chest":1,"minecraft:gravel":373,"pamhc2foodcore:fruitsaladitem":1,"mekanismtools:refined_obsidian_sword":2,"pamhc2foodcore:hotchocolateitem":1,"minecraft:wheat":1,"minecraft:obsidian":2,"exnihilosequentia:copper_pieces":8,"minecraft:oak_planks":7,"mysticalagriculture:inferium_essence":1,"minecraft:arrow":6,"minecraft:written_book":2,"mekanismtools:lapis_lazuli_sword":1,"create:andesite_alloy":1,"minecraft:egg":1,"farmersdelight:skillet":1,"minecraft:cobblestone":234,"rsgauges:industrial_lever":2,"minecraft:torch":2,"exnihilosequentia:aluminum_pieces":12,"minecraft:dried_kelp":1,"minecraft:smooth_stone":1,"minecraft:bucket":4,"mekanismtools:diamond_paxel":1,"minecraft:cocoa_beans":2,"culinaryconstruct:sandwich":1,"exnihilosequentia:platinum_ingot":4,"functionalstorage:oak_1":1,"minecraft:stone":1088,"minecraft:andesite":96,"exnihilosequentia:lead_pieces":9,"exnihilosequentia:silver_pieces":9,"sophisticatedbackpacks:copper_backpack":1,"minecraft:stone_pickaxe":14,"minecraft:wooden_pickaxe":1},"minecraft:killed_by":{"minecraft:creeper":1,"minecraft:player":171,"minecraft:skeleton":1},"minecraft:mined":{"minecraft:stone_pressure_plate":6,"rsgauges:industrial_small_lever":1,"engineersdecor:sign_hotwire":1,"minecraft:cobblestone_stairs":16,"minecraft:cave_vines_plant":2,"minecraft:white_concrete":34,"minecraft:hopper":2,"minecraft:smooth_stone":3,"framedblocks:framed_slope":4,"minecraft:mossy_cobblestone_stairs":1,"mcwlights:classic_street_lamp":5,"framedblocks:framed_iron_trapdoor":1,"minecraft:moss_carpet":6,"supplementaries:stick":3,"minecraft:iron_bars":5,"createdeco:andesite_hull":8,"create:mechanical_press":9,"mob_grinding_utils:tinted_glass":2,"culinaryconstruct:culinary_station":1,"excompressum:compressed_sand":3,"engineersdecor:metal_sliding_door":5,"minecraft:torch":16,"rsgauges:sensitive_glass_block":1,"create:brass_casing":1,"minecraft:glass":2,"minecraft:cobblestone":222,"minecraft:oak_planks":30,"minecraft:wall_torch":32,"minecraft:stone_stairs":11,"mekanismadditions:gray_plastic_glow_slab":2,"minecraft:wheat":1,"minecraft:grass":2,"minecraft:oak_log":1,"mekanismadditions:gray_plastic_glow":1,"minecraft:dark_oak_sapling":2,"create:hand_crank":2,"minecraft:sand":3,"create:railway_casing":2,"framedblocks:framed_slab":4,"minecraft:mossy_cobblestone":26,"functionalstorage:oak_1":7,"minecraft:ladder":14,"minecraft:stone_button":3,"create:large_cogwheel":1,"create:depot":5,"minecraft:moss_block":62,"engineersdecor:sign_exit":5,"minecraft:large_fern":1,"supplementaries:rope":7,"minecraft:oak_trapdoor":1,"minecraft:furnace":3,"minecraft:andesite":1,"minecraft:cobblestone_slab":28,"create:deployer":11,"minecraft:stripped_oak_log":1,"cfm:white_sofa":10,"create:controls":1,"minecraft:bamboo":2,"minecraft:stone":2919,"minecraft:flowering_azalea":1,"minecraft:gray_concrete":2,"rsgauges:industrial_lever":2,"quark:oak_chest":10,"exnihilosequentia:dust":2,"create:track":5,"minecraft:crafting_table":5,"framedblocks:framed_double_panel":3,"exnihilosequentia:fired_crucible":1,"minecraft:cobblestone_wall":5,"minecraft:sweet_berry_bush":5,"minecraft:bee_nest":1,"cfm:oak_coffee_table":6,"engineersdecor:sign_danger":4},"minecraft:killed":{"minecraft:spider":1,"minecraft:skeleton":61,"minecraft:chicken":1,"minecraft:zombie_villager":1,"mekanismadditions:baby_creeper":14,"minecraft:creeper":65,"minecraft:zombie":56,"mekanismadditions:baby_skeleton":13},"minecraft:picked_up":{"minecraft:wheat":2,"storagenetwork:inventory_remote":2,"exnihilosequentia:platinum_ingot":5,"minecraft:diamond_sword":1,"mekanismtools:lapis_lazuli_sword":1,"minecraft:string":15,"framedblocks:framed_panel":6,"minecraft:smooth_stone":388,"mysticalagriculture:inferium_essence":66,"create:mechanical_press":10,"minecraft:bucket":8,"comforts:sleeping_bag_white":1,"minecraft:cobblestone_slab":22,"minecraft:written_book":6,"farmersdelight:ratatouille":2,"minecraft:furnace":3,"minecraft:stick":53,"minecraft:torch":194,"minecraft:dried_kelp":1,"engineersdecor:sign_hotwire":1,"create:large_cogwheel":1,"minecraft:stone_sword":1,"quark:clear_shard":4,"minecraft:rotten_flesh":8,"excompressum:compressed_sand":5,"create:track":5,"minecraft:obsidian":2,"minecraft:iron_bars":5,"pamhc2foodcore:chocolatecupcakeitem":12,"minecraft:cobblestone":4650,"rsgauges:industrial_small_lever":1,"culinaryconstruct:sandwich":1,"minecraft:andesite":97,"create:belt_connector":5,"pamhc2foodcore:marshmellowsitem":2,"minecraft:flint":5,"minecraft:gray_concrete":6,"createdeco:andesite_hull":8,"mekanism:dust_obsidian":2,"mekanismtools:refined_obsidian_sword":3,"bhc:red_heart":2,"exnihilosequentia:fired_crucible":1,"minecraft:glass":107,"minecraft:bone":19,"framedblocks:framed_slope":4,"minecraft:bow":3,"minecraft:wheat_seeds":4,"ftbquests:book":1,"minecraft:bamboo":15,"minecraft:moss_block":129,"minecraft:oak_planks":29,"exnihilosequentia:lead_pieces":9,"pamhc2foodcore:freshwateritem":1,"minecraft:sand":10,"sophisticatedbackpacks:iron_backpack":2,"buildersdelight:iron_chisel":1,"minecraft:mossy_cobblestone":26,"mekanismadditions:gray_plastic_glow":1,"farmersdelight:cake_slice":2,"engineersdecor:sign_exit":5,"exnihilosequentia:silver_pieces":9,"storagenetwork:crafting_remote":1,"minecraft:white_concrete":31,"mob_grinding_utils:tinted_glass":2,"minecraft:bread":10,"functionalstorage:oak_1":10,"minecraft:fishing_rod":1,"minecraft:cocoa_beans":2,"minecraft:crafting_table":6,"minecraft:ladder":36,"minecraft:wooden_pickaxe":1,"kubejs:stone_coin":1,"minecraft:cornflower":1,"minecraft:oak_trapdoor":1,"minecraft:moss_carpet":28,"minecraft:stone_stairs":11,"exnihilosequentia:dust":2,"minecraft:white_carpet":7,"thermal:hearty_stew":1,"minecraft:oak_boat":2,"framedblocks:framed_iron_trapdoor":1,"supplementaries:rope":23,"minecraft:egg":2,"cfm:white_sofa":9,"minecraft:dark_oak_sapling":3,"minecraft:stone":451,"mekanismadditions:gray_plastic_glow_slab":2,"create:railway_casing":2,"minecraft:stone_button":2,"minecraft:cookie":1,"create:hand_crank":17,"exnihilosequentia:uranium_pieces":3,"create:brass_casing":1,"minecraft:stone_pressure_plate":7,"create:deployer":11,"create:controls":1,"minecraft:arrow":21,"pamhc2foodcore:chocolatebaritem":4,"rsgauges:industrial_lever":2,"aquaculture:fish_fillet_raw":4,"create:depot":5,"sophisticatedbackpacks:copper_backpack":1,"pamhc2foodcore:freshmilkitem":1,"rsgauges:sensitive_glass_block":1,"minecraft:stripped_oak_log":1,"engineersdecor:sign_danger":4,"pamhc2foodcore:bakedvegetablemedlyitem":2,"minecraft:oak_log":1,"create:andesite_alloy":1,"minecraft:cobblestone_stairs":18,"thermal:cheese_wedge":1,"minecraft:gunpowder":71,"framedblocks:framed_slab":4,"minecraft:cobblestone_wall":4,"farmersdelight:skillet":1,"avaritia:double_compressed_crafting_table":1,"exnihilosequentia:aluminum_pieces":12,"engineersdecor:metal_sliding_door":7,"minecraft:stone_pickaxe":11,"minecraft:flowering_azalea":1,"pamhc2foodcore:smoresitem":3,"cfm:oak_coffee_table":6,"mcwlights:classic_street_lamp":5,"minecraft:sweet_berries":10,"minecraft:gravel":246,"minecraft:lava_bucket":3,"quark:oak_chest":13,"create:zinc_nugget":229,"minecraft:mossy_cobblestone_stairs":1,"pamhc2foodcore:hotchocolateitem":4,"pamhc2foodcore:fruitsaladitem":2,"exnihilosequentia:copper_pieces":8,"culinaryconstruct:culinary_station":3,"minecraft:hopper":4,"minecraft:sunflower":1},"minecraft:custom":{"minecraft:interact_with_crafting_table":74,"minecraft:open_barrel":26,"minecraft:eat_cake_slice":1,"minecraft:leave_game":6,"minecraft:time_since_death":5199,"minecraft:sprint_one_cm":1493684,"minecraft:drop":124,"minecraft:play_time":673231,"minecraft:deaths":231,"minecraft:jump":5400,"minecraft:walk_on_water_one_cm":36547,"minecraft:interact_with_furnace":54,"minecraft:damage_dealt":12423,"minecraft:player_kills":31,"minecraft:crouch_one_cm":54482,"minecraft:mob_kills":213,"minecraft:inspect_hopper":4,"minecraft:damage_dealt_resisted":57,"minecraft:climb_one_cm":188960,"minecraft:walk_one_cm":1633442,"minecraft:sneak_time":26495,"minecraft:walk_under_water_one_cm":3359,"minecraft:boat_one_cm":788,"minecraft:total_world_time":673231,"minecraft:time_since_rest":5228,"minecraft:damage_taken":36889,"minecraft:swim_one_cm":639,"minecraft:fly_one_cm":1122258,"minecraft:open_chest":180,"minecraft:fall_one_cm":133380},"minecraft:used":{"minecraft:moss_block":101,"create:brass_casing":1,"create:deployer":10,"minecraft:moss_carpet":81,"engineersdecor:sign_danger":5,"engineersdecor:sign_exit":5,"minecraft:ladder":63,"culinaryconstruct:culinary_station":2,"minecraft:stone":10,"create:railway_casing":1,"create:depot":5,"minecraft:glass":193,"create:controls":1,"minecraft:lava_bucket":119,"pamhc2foodcore:chocolatecupcakeitem":6,"framedblocks:framed_panel":1,"rsgauges:sensitive_glass_block":1,"minecraft:written_book":1,"minecraft:sweet_berries":2,"minecraft:furnace":4,"minecraft:dark_oak_sapling":1,"pamhc2foodcore:freshmilkitem":1,"minecraft:stone_pickaxe":3358,"minecraft:oak_planks":21,"minecraft:wooden_pickaxe":48,"pamhc2foodcore:smoresitem":2,"mob_grinding_utils:tinted_glass":3,"minecraft:gray_concrete":2,"farmersdelight:ratatouille":1,"minecraft:bread":3,"minecraft:stone_button":2,"minecraft:diamond_sword":73,"functionalstorage:oak_1":11,"minecraft:andesite":1,"minecraft:oak_boat":1,"minecraft:white_concrete":18,"minecraft:bone_meal":1,"create:large_cogwheel":1,"minecraft:oak_trapdoor":14,"minecraft:iron_bars":11,"minecraft:stone_sword":131,"framedblocks:framed_slab":2,"minecraft:stick":6,"minecraft:torch":170,"createdeco:andesite_hull":8,"storagenetwork:inventory_remote":2,"minecraft:white_carpet":9,"minecraft:hopper":6,"minecraft:cobblestone_wall":7,"minecraft:stone_stairs":22,"engineersdecor:metal_sliding_door":2,"minecraft:oak_fence_gate":1,"minecraft:mossy_cobblestone_stairs":2,"minecraft:flowering_azalea":1,"minecraft:bamboo":4,"minecraft:stone_pressure_plate":6,"culinaryconstruct:sandwich":3,"exnihilosequentia:fired_crucible":1,"mekanismadditions:gray_plastic_glow_slab":2,"minecraft:water_bucket":10,"minecraft:cobblestone_stairs":271,"minecraft:cobblestone_slab":306,"storagenetwork:crafting_remote":1,"minecraft:mossy_cobblestone":26,"pamhc2foodcore:hotchocolateitem":2,"minecraft:crafting_table":3,"mekanismadditions:gray_plastic_glow":1,"mekanismtools:refined_obsidian_sword":35,"pamhc2foodcore:chocolatebaritem":4,"minecraft:oak_log":7,"create:track":10,"create:mechanical_press":10,"cfm:white_sofa":6,"minecraft:sunflower":1,"supplementaries:rope":22,"pamhc2foodcore:fruitsaladitem":1,"minecraft:stone_axe":84,"thermal:cheese_wedge":1,"minecraft:cobblestone":1815,"minecraft:bucket":63,"quark:oak_chest":49,"create:hand_crank":17,"minecraft:smooth_stone":279},"minecraft:crafted":{"minecraft:oak_planks":200,"minecraft:cobblestone_slab":174,"minecraft:cobblestone_stairs":116,"minecraft:stone":135,"minecraft:lever":1,"minecraft:glass":21,"minecraft:oak_button":1,"createdeco:andesite_hull":2,"create:cogwheel":8,"supplementaries:flute":1,"culinaryconstruct:culinary_station":1,"farmersdelight:wheat_dough":3,"create:controls":1,"quark:oak_chest":41,"minecraft:stone_sword":1,"create:large_cogwheel":4,"minecraft:oak_trapdoor":14,"minecraft:ladder":240,"minecraft:stone_pickaxe":29,"minecraft:cobblestone_wall":6,"functionalstorage:oak_1":3,"create:andesite_alloy":5,"minecraft:bucket":1,"minecraft:stone_axe":1,"minecraft:bread":3,"minecraft:air":263,"minecraft:oak_fence_gate":1,"minecraft:andesite_slab":6,"create:shaft":8}},"DataVersion":2975}