{"stats":{"minecraft:broken":{"minecraft:stone_pickaxe":25},"minecraft:dropped":{"storagenetwork:inventory_remote":2,"minecraft:moss_block":64,"exnihilosequentia:uranium_pieces":3,"minecraft:crafting_table":1,"rsgauges:industrial_small_lever":1,"minecraft:cobblestone":62,"minecraft:flint":5,"rsgauges:industrial_lever":2,"avaritia:double_compressed_crafting_table":1,"supplementaries:rope":1,"minecraft:torch":2,"exnihilosequentia:aluminum_pieces":12,"minecraft:dried_kelp":1,"engineersdecor:sign_hotwire":1,"minecraft:bucket":2,"quark:oak_chest":1,"minecraft:gravel":246,"mekanismtools:refined_obsidian_sword":2,"pamhc2foodcore:fruitsaladitem":1,"minecraft:cocoa_beans":2,"minecraft:wheat":1,"exnihilosequentia:copper_pieces":8,"functionalstorage:oak_1":1,"mysticalagriculture:inferium_essence":1,"exnihilosequentia:lead_pieces":9,"exnihilosequentia:silver_pieces":9,"minecraft:arrow":6,"sophisticatedbackpacks:copper_backpack":1,"minecraft:stone_pickaxe":13,"minecraft:egg":1},"minecraft:killed_by":{"minecraft:player":95,"minecraft:creeper":1,"minecraft:skeleton":1},"minecraft:mined":{"rsgauges:industrial_small_lever":1,"engineersdecor:sign_hotwire":1,"minecraft:mossy_cobblestone":26,"minecraft:cobblestone_stairs":16,"functionalstorage:oak_1":5,"minecraft:ladder":11,"minecraft:white_concrete":9,"minecraft:hopper":1,"minecraft:moss_block":58,"engineersdecor:sign_exit":5,"supplementaries:rope":4,"minecraft:oak_trapdoor":1,"minecraft:mossy_cobblestone_stairs":1,"mcwlights:classic_street_lamp":5,"framedblocks:framed_iron_trapdoor":1,"minecraft:moss_carpet":5,"minecraft:cobblestone_slab":27,"minecraft:iron_bars":1,"minecraft:stone":2918,"mob_grinding_utils:tinted_glass":2,"excompressum:compressed_sand":3,"minecraft:flowering_azalea":1,"rsgauges:industrial_lever":2,"quark:oak_chest":10,"exnihilosequentia:dust":2,"minecraft:crafting_table":4,"minecraft:torch":16,"exnihilosequentia:fired_crucible":1,"minecraft:glass":1,"minecraft:cobblestone":193,"minecraft:oak_planks":18,"minecraft:wall_torch":27,"minecraft:stone_stairs":6,"minecraft:wheat":1,"minecraft:sweet_berry_bush":5,"minecraft:oak_log":1,"mekanismadditions:gray_plastic_glow":1,"minecraft:dark_oak_sapling":1,"minecraft:sand":3,"engineersdecor:sign_danger":4,"framedblocks:framed_slab":2},"minecraft:killed":{"minecraft:spider":1,"minecraft:skeleton":47,"mekanismadditions:baby_skeleton":9,"minecraft:zombie_villager":1,"mekanismadditions:baby_creeper":13,"minecraft:creeper":46,"minecraft:zombie":50},"minecraft:picked_up":{"minecraft:fishing_rod":1,"functionalstorage:oak_1":8,"minecraft:cocoa_beans":2,"minecraft:crafting_table":5,"minecraft:wheat":2,"storagenetwork:inventory_remote":2,"minecraft:ladder":33,"kubejs:stone_coin":1,"minecraft:stone_stairs":5,"minecraft:oak_trapdoor":1,"minecraft:string":15,"minecraft:moss_carpet":6,"exnihilosequentia:dust":2,"mysticalagriculture:inferium_essence":16,"minecraft:bucket":4,"comforts:sleeping_bag_white":1,"framedblocks:framed_iron_trapdoor":1,"minecraft:oak_boat":2,"minecraft:written_book":5,"minecraft:cobblestone_slab":22,"supplementaries:rope":5,"farmersdelight:ratatouille":2,"minecraft:egg":2,"minecraft:dark_oak_sapling":2,"minecraft:stone":1,"minecraft:torch":189,"minecraft:dried_kelp":1,"exnihilosequentia:uranium_pieces":3,"engineersdecor:sign_hotwire":1,"minecraft:arrow":20,"minecraft:rotten_flesh":8,"excompressum:compressed_sand":5,"rsgauges:industrial_lever":2,"aquaculture:fish_fillet_raw":4,"sophisticatedbackpacks:copper_backpack":1,"pamhc2foodcore:freshmilkitem":1,"minecraft:iron_bars":1,"pamhc2foodcore:chocolatecupcakeitem":12,"rsgauges:industrial_small_lever":1,"minecraft:cobblestone":4376,"engineersdecor:sign_danger":4,"pamhc2foodcore:marshmellowsitem":2,"minecraft:flint":5,"pamhc2foodcore:bakedvegetablemedlyitem":2,"minecraft:oak_log":1,"framedblocks:framed_slab":2,"thermal:cheese_wedge":1,"minecraft:gunpowder":21,"minecraft:cobblestone_stairs":18,"minecraft:gray_concrete":2,"avaritia:double_compressed_crafting_table":1,"bhc:red_heart":2,"exnihilosequentia:fired_crucible":1,"minecraft:glass":64,"minecraft:bone":18,"mekanismtools:refined_obsidian_sword":2,"exnihilosequentia:aluminum_pieces":12,"minecraft:bow":3,"minecraft:wheat_seeds":4,"ftbquests:book":1,"minecraft:stone_pickaxe":10,"minecraft:bamboo":1,"minecraft:moss_block":122,"minecraft:flowering_azalea":1,"minecraft:oak_planks":18,"exnihilosequentia:lead_pieces":9,"mcwlights:classic_street_lamp":5,"minecraft:sweet_berries":7,"minecraft:lava_bucket":1,"pamhc2foodcore:freshwateritem":1,"minecraft:gravel":246,"minecraft:sand":4,"sophisticatedbackpacks:iron_backpack":2,"buildersdelight:iron_chisel":1,"quark:oak_chest":13,"minecraft:mossy_cobblestone":26,"mekanismadditions:gray_plastic_glow":1,"engineersdecor:sign_exit":5,"exnihilosequentia:silver_pieces":9,"minecraft:mossy_cobblestone_stairs":1,"mob_grinding_utils:tinted_glass":2,"minecraft:white_concrete":9,"storagenetwork:crafting_remote":1,"minecraft:bread":3,"pamhc2foodcore:hotchocolateitem":3,"pamhc2foodcore:fruitsaladitem":2,"minecraft:hopper":2,"exnihilosequentia:copper_pieces":8},"minecraft:custom":{"minecraft:mob_kills":167,"minecraft:inspect_hopper":1,"minecraft:interact_with_crafting_table":60,"minecraft:open_barrel":8,"minecraft:leave_game":3,"minecraft:time_since_death":10978,"minecraft:climb_one_cm":171256,"minecraft:sprint_one_cm":914397,"minecraft:walk_one_cm":1084462,"minecraft:drop":67,"minecraft:play_time":426724,"minecraft:deaths":142,"minecraft:sneak_time":19998,"minecraft:walk_under_water_one_cm":1312,"minecraft:boat_one_cm":788,"minecraft:jump":3546,"minecraft:walk_on_water_one_cm":28498,"minecraft:total_world_time":426724,"minecraft:time_since_rest":11005,"minecraft:damage_taken":20856,"minecraft:damage_dealt":7516,"minecraft:swim_one_cm":639,"minecraft:fly_one_cm":758191,"minecraft:player_kills":19,"minecraft:open_chest":138,"minecraft:crouch_one_cm":45582,"minecraft:fall_one_cm":116396},"minecraft:used":{"minecraft:oak_trapdoor":14,"minecraft:moss_block":96,"minecraft:moss_carpet":59,"engineersdecor:sign_danger":5,"minecraft:stone_sword":119,"engineersdecor:sign_exit":4,"minecraft:ladder":61,"minecraft:torch":166,"storagenetwork:inventory_remote":2,"minecraft:hopper":2,"minecraft:stone_stairs":5,"minecraft:oak_fence_gate":1,"minecraft:mossy_cobblestone_stairs":1,"minecraft:glass":64,"minecraft:flowering_azalea":1,"minecraft:lava_bucket":82,"pamhc2foodcore:chocolatecupcakeitem":6,"minecraft:sweet_berries":2,"exnihilosequentia:fired_crucible":1,"pamhc2foodcore:freshmilkitem":1,"minecraft:water_bucket":6,"minecraft:cobblestone_stairs":271,"minecraft:stone_pickaxe":3250,"minecraft:oak_planks":21,"minecraft:wooden_pickaxe":15,"minecraft:cobblestone_slab":296,"storagenetwork:crafting_remote":1,"mob_grinding_utils:tinted_glass":3,"minecraft:mossy_cobblestone":26,"minecraft:crafting_table":3,"mekanismadditions:gray_plastic_glow":1,"mekanismtools:refined_obsidian_sword":28,"minecraft:gray_concrete":2,"minecraft:oak_log":5,"farmersdelight:ratatouille":1,"minecraft:bread":3,"pamhc2foodcore:fruitsaladitem":1,"thermal:cheese_wedge":1,"minecraft:stone_axe":26,"minecraft:cobblestone":1667,"functionalstorage:oak_1":9,"minecraft:bucket":41,"minecraft:oak_boat":1,"quark:oak_chest":49,"minecraft:white_concrete":9,"minecraft:bone_meal":1},"minecraft:crafted":{"minecraft:oak_planks":200,"minecraft:cobblestone_slab":174,"minecraft:cobblestone_stairs":116,"minecraft:oak_trapdoor":14,"minecraft:ladder":240,"minecraft:stone_pickaxe":28,"minecraft:oak_button":1,"functionalstorage:oak_1":3,"minecraft:bucket":1,"minecraft:stone_axe":1,"minecraft:air":260,"minecraft:oak_fence_gate":1,"quark:oak_chest":41,"minecraft:stone_sword":1}},"DataVersion":2975}