{"stats":{"minecraft:broken":{"minecraft:stone_pickaxe":24},"minecraft:dropped":{"storagenetwork:inventory_remote":2,"minecraft:moss_block":64,"exnihilosequentia:uranium_pieces":3,"minecraft:crafting_table":1,"minecraft:cobblestone":62,"minecraft:flint":5,"minecraft:torch":2,"exnihilosequentia:aluminum_pieces":12,"minecraft:dried_kelp":1,"minecraft:bucket":2,"quark:oak_chest":1,"minecraft:gravel":246,"mekanismtools:refined_obsidian_sword":2,"pamhc2foodcore:fruitsaladitem":1,"minecraft:cocoa_beans":2,"minecraft:wheat":1,"exnihilosequentia:copper_pieces":8,"functionalstorage:oak_1":1,"mysticalagriculture:inferium_essence":1,"exnihilosequentia:lead_pieces":9,"exnihilosequentia:silver_pieces":9,"minecraft:arrow":6,"sophisticatedbackpacks:copper_backpack":1,"minecraft:stone_pickaxe":13,"minecraft:egg":1},"minecraft:killed_by":{"minecraft:player":90,"minecraft:creeper":1,"minecraft:skeleton":1},"minecraft:mined":{"minecraft:mossy_cobblestone":25,"minecraft:cobblestone_stairs":16,"functionalstorage:oak_1":5,"minecraft:ladder":11,"minecraft:hopper":1,"minecraft:moss_block":56,"minecraft:oak_trapdoor":1,"mcwlights:classic_street_lamp":5,"minecraft:moss_carpet":5,"minecraft:cobblestone_slab":27,"minecraft:iron_bars":1,"minecraft:stone":2918,"excompressum:compressed_sand":3,"quark:oak_chest":10,"exnihilosequentia:dust":2,"minecraft:crafting_table":4,"minecraft:torch":16,"exnihilosequentia:fired_crucible":1,"minecraft:glass":1,"minecraft:cobblestone":173,"minecraft:oak_planks":18,"minecraft:wall_torch":27,"minecraft:wheat":1,"minecraft:sweet_berry_bush":4,"minecraft:oak_log":1,"mekanismadditions:gray_plastic_glow":1,"minecraft:dark_oak_sapling":1,"minecraft:sand":3,"engineersdecor:sign_danger":4},"minecraft:killed":{"minecraft:spider":1,"minecraft:skeleton":47,"mekanismadditions:baby_skeleton":9,"minecraft:zombie_villager":1,"mekanismadditions:baby_creeper":13,"minecraft:creeper":46,"minecraft:zombie":50},"minecraft:picked_up":{"functionalstorage:oak_1":8,"minecraft:cocoa_beans":2,"minecraft:crafting_table":5,"minecraft:wheat":1,"storagenetwork:inventory_remote":2,"minecraft:ladder":33,"kubejs:stone_coin":1,"minecraft:oak_trapdoor":1,"minecraft:string":15,"minecraft:moss_carpet":6,"exnihilosequentia:dust":2,"mysticalagriculture:inferium_essence":16,"minecraft:bucket":4,"comforts:sleeping_bag_white":1,"minecraft:written_book":5,"minecraft:cobblestone_slab":22,"farmersdelight:ratatouille":2,"minecraft:egg":1,"minecraft:dark_oak_sapling":2,"minecraft:torch":188,"minecraft:dried_kelp":1,"exnihilosequentia:uranium_pieces":3,"minecraft:arrow":20,"minecraft:rotten_flesh":8,"excompressum:compressed_sand":5,"aquaculture:fish_fillet_raw":4,"sophisticatedbackpacks:copper_backpack":1,"minecraft:iron_bars":1,"pamhc2foodcore:chocolatecupcakeitem":12,"minecraft:cobblestone":4357,"engineersdecor:sign_danger":4,"pamhc2foodcore:marshmellowsitem":2,"minecraft:flint":5,"pamhc2foodcore:bakedvegetablemedlyitem":2,"minecraft:oak_log":1,"minecraft:gunpowder":21,"minecraft:cobblestone_stairs":18,"avaritia:double_compressed_crafting_table":1,"bhc:red_heart":2,"exnihilosequentia:fired_crucible":1,"minecraft:glass":64,"minecraft:bone":18,"mekanismtools:refined_obsidian_sword":2,"exnihilosequentia:aluminum_pieces":12,"minecraft:bow":3,"minecraft:wheat_seeds":2,"ftbquests:book":1,"minecraft:stone_pickaxe":10,"minecraft:bamboo":1,"minecraft:moss_block":120,"minecraft:oak_planks":18,"exnihilosequentia:lead_pieces":9,"mcwlights:classic_street_lamp":5,"minecraft:sweet_berries":4,"minecraft:lava_bucket":1,"pamhc2foodcore:freshwateritem":1,"minecraft:gravel":246,"minecraft:sand":4,"sophisticatedbackpacks:iron_backpack":1,"quark:oak_chest":13,"minecraft:mossy_cobblestone":25,"mekanismadditions:gray_plastic_glow":1,"exnihilosequentia:silver_pieces":9,"storagenetwork:crafting_remote":1,"minecraft:bread":3,"pamhc2foodcore:fruitsaladitem":2,"minecraft:hopper":2,"exnihilosequentia:copper_pieces":8},"minecraft:custom":{"minecraft:mob_kills":167,"minecraft:inspect_hopper":1,"minecraft:interact_with_crafting_table":59,"minecraft:open_barrel":5,"minecraft:leave_game":3,"minecraft:time_since_death":4158,"minecraft:climb_one_cm":160593,"minecraft:sprint_one_cm":851065,"minecraft:walk_one_cm":1018094,"minecraft:drop":61,"minecraft:play_time":402724,"minecraft:deaths":136,"minecraft:sneak_time":17761,"minecraft:walk_under_water_one_cm":1312,"minecraft:jump":3426,"minecraft:walk_on_water_one_cm":26606,"minecraft:total_world_time":402724,"minecraft:time_since_rest":4184,"minecraft:damage_taken":19831,"minecraft:damage_dealt":7422,"minecraft:swim_one_cm":639,"minecraft:fly_one_cm":742976,"minecraft:player_kills":19,"minecraft:open_chest":126,"minecraft:crouch_one_cm":39998,"minecraft:fall_one_cm":112265},"minecraft:used":{"minecraft:oak_trapdoor":14,"minecraft:moss_block":96,"minecraft:moss_carpet":59,"engineersdecor:sign_danger":5,"minecraft:stone_sword":119,"minecraft:ladder":61,"minecraft:torch":166,"storagenetwork:inventory_remote":2,"minecraft:hopper":2,"minecraft:oak_fence_gate":1,"minecraft:glass":64,"minecraft:lava_bucket":74,"pamhc2foodcore:chocolatecupcakeitem":6,"minecraft:sweet_berries":2,"exnihilosequentia:fired_crucible":1,"minecraft:water_bucket":6,"minecraft:cobblestone_stairs":271,"minecraft:stone_pickaxe":3225,"minecraft:oak_planks":21,"minecraft:cobblestone_slab":269,"storagenetwork:crafting_remote":1,"minecraft:mossy_cobblestone":24,"minecraft:crafting_table":3,"mekanismtools:refined_obsidian_sword":28,"minecraft:oak_log":5,"farmersdelight:ratatouille":1,"minecraft:bread":3,"pamhc2foodcore:fruitsaladitem":1,"minecraft:stone_axe":26,"minecraft:cobblestone":1565,"functionalstorage:oak_1":9,"minecraft:bucket":33,"quark:oak_chest":49},"minecraft:crafted":{"minecraft:oak_planks":200,"minecraft:cobblestone_slab":174,"minecraft:cobblestone_stairs":116,"minecraft:oak_trapdoor":14,"minecraft:ladder":240,"minecraft:stone_pickaxe":28,"minecraft:oak_button":1,"functionalstorage:oak_1":3,"minecraft:bucket":1,"minecraft:stone_axe":1,"minecraft:air":260,"minecraft:oak_fence_gate":1,"quark:oak_chest":41,"minecraft:stone_sword":1}},"DataVersion":2975}