{"stats":{"minecraft:broken":{"minecraft:stone_pickaxe":12},"minecraft:dropped":{"minecraft:torch":2,"minecraft:crafting_table":1,"minecraft:stone_pickaxe":12},"minecraft:killed_by":{"minecraft:player":29},"minecraft:mined":{"minecraft:sweet_berry_bush":2,"minecraft:torch":12,"minecraft:crafting_table":1,"functionalstorage:oak_1":2,"minecraft:ladder":5,"minecraft:dark_oak_sapling":1,"minecraft:sand":2,"minecraft:cobblestone":19,"minecraft:stone":1565,"minecraft:wall_torch":9},"minecraft:picked_up":{"functionalstorage:oak_1":3,"minecraft:dark_oak_sapling":1,"minecraft:crafting_table":2,"minecraft:ladder":27,"minecraft:sweet_berries":4,"minecraft:torch":151,"pamhc2foodcore:freshwateritem":1,"minecraft:sand":2,"pamhc2foodcore:marshmellowsitem":2,"aquaculture:fish_fillet_raw":2,"minecraft:stone_pickaxe":9,"minecraft:written_book":5,"minecraft:bread":3,"pamhc2foodcore:fruitsaladitem":2,"pamhc2foodcore:chocolatecupcakeitem":6,"minecraft:cobblestone":2100},"minecraft:custom":{"minecraft:time_since_rest":4495,"minecraft:sprint_one_cm":270600,"minecraft:damage_taken":6445,"minecraft:walk_one_cm":271100,"minecraft:drop":15,"minecraft:damage_dealt":945,"minecraft:player_kills":4,"minecraft:interact_with_crafting_table":9,"minecraft:fly_one_cm":211103,"minecraft:open_barrel":2,"minecraft:open_chest":62,"minecraft:crouch_one_cm":16919,"minecraft:play_time":135088,"minecraft:deaths":44,"minecraft:sneak_time":8106,"minecraft:jump":1134,"minecraft:leave_game":1,"minecraft:walk_on_water_one_cm":3093,"minecraft:time_since_death":4389,"minecraft:climb_one_cm":52467,"minecraft:total_world_time":135088,"minecraft:fall_one_cm":35289},"minecraft:used":{"minecraft:bread":3,"minecraft:stone_pickaxe":1606,"minecraft:ladder":54,"minecraft:torch":147,"minecraft:cobblestone":322,"minecraft:sweet_berries":2,"minecraft:crafting_table":1,"functionalstorage:oak_1":6,"quark:oak_chest":1},"minecraft:crafted":{"minecraft:oak_planks":72,"minecraft:ladder":240,"quark:oak_chest":4,"minecraft:stone_pickaxe":19,"functionalstorage:oak_1":3,"minecraft:air":60}},"DataVersion":2975}