{"stats":{"minecraft:broken":{"minecraft:stone_pickaxe":4},"minecraft:dropped":{"minecraft:stone_pickaxe":12},"minecraft:killed_by":{"minecraft:player":16},"minecraft:mined":{"minecraft:cobblestone":4,"minecraft:sweet_berry_bush":2,"minecraft:stone":551,"functionalstorage:oak_1":2,"minecraft:wall_torch":5,"minecraft:ladder":2},"minecraft:picked_up":{"minecraft:sweet_berries":4,"minecraft:torch":123,"pamhc2foodcore:marshmellowsitem":2,"pamhc2foodcore:freshwateritem":1,"aquaculture:fish_fillet_raw":2,"minecraft:stone_pickaxe":9,"minecraft:written_book":5,"minecraft:bread":3,"functionalstorage:oak_1":3,"minecraft:cobblestone":924},"minecraft:custom":{"minecraft:open_barrel":2,"minecraft:open_chest":41,"minecraft:time_since_rest":894,"minecraft:crouch_one_cm":8750,"minecraft:play_time":73221,"minecraft:sprint_one_cm":196447,"minecraft:walk_one_cm":138204,"minecraft:damage_taken":3919,"minecraft:deaths":27,"minecraft:sneak_time":3459,"minecraft:drop":12,"minecraft:jump":719,"minecraft:damage_dealt":525,"minecraft:time_since_death":861,"minecraft:walk_on_water_one_cm":3093,"minecraft:total_world_time":73221,"minecraft:climb_one_cm":19939,"minecraft:interact_with_crafting_table":5,"minecraft:fall_one_cm":25494,"minecraft:fly_one_cm":121607,"minecraft:player_kills":3},"minecraft:used":{"minecraft:torch":122,"minecraft:cobblestone":43,"minecraft:sweet_berries":2,"functionalstorage:oak_1":2,"minecraft:bread":3,"minecraft:stone_pickaxe":565},"minecraft:crafted":{"minecraft:stone_pickaxe":19}},"DataVersion":2975}