{"stats":{"minecraft:broken":{"minecraft:stone_pickaxe":21},"minecraft:dropped":{"mekanismtools:refined_obsidian_sword":2,"pamhc2foodcore:fruitsaladitem":1,"storagenetwork:inventory_remote":1,"minecraft:crafting_table":1,"minecraft:cobblestone":62,"minecraft:flint":5,"functionalstorage:oak_1":1,"minecraft:torch":2,"exnihilosequentia:aluminum_pieces":9,"mysticalagriculture:inferium_essence":1,"exnihilosequentia:lead_pieces":8,"sophisticatedbackpacks:copper_backpack":1,"minecraft:arrow":6,"minecraft:stone_pickaxe":13,"quark:oak_chest":1},"minecraft:killed_by":{"minecraft:player":48,"minecraft:skeleton":1,"minecraft:creeper":1},"minecraft:mined":{"excompressum:compressed_sand":3,"minecraft:mossy_cobblestone":2,"quark:oak_chest":10,"minecraft:cobblestone_stairs":13,"exnihilosequentia:dust":1,"functionalstorage:oak_1":5,"minecraft:crafting_table":3,"minecraft:torch":15,"minecraft:ladder":8,"minecraft:glass":1,"minecraft:cobblestone":91,"minecraft:hopper":1,"minecraft:oak_planks":18,"minecraft:moss_block":1,"minecraft:wall_torch":25,"minecraft:oak_trapdoor":1,"minecraft:sweet_berry_bush":2,"minecraft:oak_log":1,"minecraft:cobblestone_slab":24,"minecraft:dark_oak_sapling":1,"minecraft:sand":2,"engineersdecor:sign_danger":4,"minecraft:stone":2679},"minecraft:killed":{"minecraft:zombie_villager":1,"mekanismadditions:baby_creeper":13,"minecraft:spider":1,"minecraft:creeper":46,"minecraft:skeleton":47,"mekanismadditions:baby_skeleton":9,"minecraft:zombie":50},"minecraft:picked_up":{"functionalstorage:oak_1":8,"minecraft:crafting_table":4,"storagenetwork:inventory_remote":2,"minecraft:ladder":31,"engineersdecor:sign_danger":4,"minecraft:flint":5,"pamhc2foodcore:marshmellowsitem":2,"minecraft:oak_log":1,"minecraft:gunpowder":21,"minecraft:cobblestone_stairs":15,"avaritia:double_compressed_crafting_table":1,"kubejs:stone_coin":1,"minecraft:oak_trapdoor":1,"minecraft:string":15,"exnihilosequentia:dust":1,"bhc:red_heart":2,"minecraft:glass":64,"minecraft:bone":18,"mekanismtools:refined_obsidian_sword":2,"exnihilosequentia:aluminum_pieces":9,"minecraft:bow":3,"mysticalagriculture:inferium_essence":16,"minecraft:bucket":4,"ftbquests:book":1,"comforts:sleeping_bag_white":1,"minecraft:stone_pickaxe":10,"minecraft:cobblestone_slab":18,"minecraft:written_book":5,"minecraft:moss_block":1,"minecraft:oak_planks":18,"exnihilosequentia:lead_pieces":8,"minecraft:dark_oak_sapling":2,"minecraft:sweet_berries":4,"minecraft:torch":181,"pamhc2foodcore:freshwateritem":1,"minecraft:sand":3,"sophisticatedbackpacks:iron_backpack":1,"quark:oak_chest":13,"minecraft:mossy_cobblestone":2,"minecraft:arrow":20,"minecraft:rotten_flesh":8,"excompressum:compressed_sand":5,"aquaculture:fish_fillet_raw":4,"minecraft:bread":3,"sophisticatedbackpacks:copper_backpack":1,"pamhc2foodcore:fruitsaladitem":2,"pamhc2foodcore:chocolatecupcakeitem":12,"minecraft:hopper":2,"minecraft:cobblestone":3497},"minecraft:custom":{"minecraft:mob_kills":167,"minecraft:inspect_hopper":1,"minecraft:interact_with_crafting_table":54,"minecraft:open_barrel":5,"minecraft:leave_game":2,"minecraft:time_since_death":2943,"minecraft:climb_one_cm":126921,"minecraft:time_since_rest":2986,"minecraft:sprint_one_cm":562843,"minecraft:damage_taken":12058,"minecraft:walk_one_cm":751250,"minecraft:drop":43,"minecraft:damage_dealt":4403,"minecraft:fly_one_cm":490282,"minecraft:player_kills":5,"minecraft:open_chest":120,"minecraft:crouch_one_cm":37852,"minecraft:play_time":318524,"minecraft:deaths":78,"minecraft:sneak_time":16380,"minecraft:walk_under_water_one_cm":1097,"minecraft:jump":2346,"minecraft:walk_on_water_one_cm":25185,"minecraft:total_world_time":318524,"minecraft:fall_one_cm":73864},"minecraft:used":{"minecraft:oak_trapdoor":14,"minecraft:water_bucket":6,"engineersdecor:sign_danger":5,"minecraft:stone_sword":119,"minecraft:cobblestone_stairs":130,"minecraft:stone_pickaxe":2852,"minecraft:ladder":61,"minecraft:oak_planks":21,"minecraft:cobblestone_slab":180,"minecraft:torch":161,"storagenetwork:inventory_remote":2,"minecraft:hopper":2,"minecraft:crafting_table":3,"mekanismtools:refined_obsidian_sword":2,"minecraft:oak_log":5,"minecraft:glass":58,"minecraft:lava_bucket":24,"pamhc2foodcore:chocolatecupcakeitem":5,"minecraft:bread":3,"pamhc2foodcore:fruitsaladitem":1,"minecraft:stone_axe":26,"minecraft:cobblestone":1344,"minecraft:sweet_berries":2,"functionalstorage:oak_1":9,"minecraft:bucket":14,"quark:oak_chest":49},"minecraft:crafted":{"minecraft:oak_planks":200,"minecraft:cobblestone_slab":174,"minecraft:cobblestone_stairs":116,"minecraft:bucket":1,"minecraft:stone_axe":1,"minecraft:air":260,"minecraft:oak_trapdoor":14,"minecraft:ladder":240,"quark:oak_chest":41,"minecraft:stone_pickaxe":25,"minecraft:stone_sword":1,"minecraft:oak_button":1,"functionalstorage:oak_1":3}},"DataVersion":2975}