{"stats":{"minecraft:dropped":{"minecraft:clay":9,"minecraft:moss_block":2,"minecraft:diamond":1,"minecraft:flint":3,"minecraft:dirt":2,"decorative_blocks:oak_support":3,"minecraft:bone_meal":5,"exnihilosequentia:witch_water_bucket":1,"thermal:peanut_seeds":1,"exnihilosequentia:stone_hammer":1,"ftbquests:book":2,"minecraft:stone_axe":2,"buildersdelight:iron_chisel":2,"pamhc2foodcore:cheeseitem":1,"create:bar_of_chocolate":2,"exnihilosequentia:wooden_crook":1,"minecraft:written_book":4,"create:andesite_alloy":4,"minecraft:iron_ingot":25,"minecraft:bread":1,"rsgauges:industrial_rotary_lever":1,"minecraft:cobblestone":296,"minecraft:apple":1,"minecraft:copper_ingot":14,"exnihilosequentia:string_mesh":1,"sophisticatedstorage:iron_barrel":1,"minecraft:bucket":1,"create:shaft":7,"bonsaitrees3:bonsaipot":1,"minecraft:stone_pickaxe":1,"excompressum:compressed_gravel":4},"minecraft:crafted":{"minecraft:brick":4,"minecraft:oak_planks":188,"minecraft:cobblestone_slab":6,"minecraft:barrel":2,"excompressum:compressed_flint":2,"excompressum:compressed_cobblestone":129,"sophisticatedstorage:barrel":3,"minecraft:stone":192,"exnihilosequentia:unfired_crucible":2,"minecraft:glass":1,"minecraft:hopper":2,"excompressum:compressed_gravel":70,"create:mechanical_press":1,"minecraft:oak_slab":12,"excompressum:compressed_sand":6,"create:fluid_pipe":8,"minecraft:wooden_pickaxe":1,"create:zinc_nugget":9,"exnihilosequentia:fired_crucible":2,"minecraft:copper_ingot":11,"minecraft:diorite":4,"cobblefordays:tier_1":1,"exnihilosequentia:cooked_silkworm":1,"create:water_wheel":2,"exnihilosequentia:stone_hammer":26,"minecraft:stick":60,"quark:oak_chest":19,"minecraft:iron_ingot":79,"minecraft:iron_block":2,"minecraft:iron_ore":79,"minecraft:redstone_torch":3,"decorative_blocks:oak_support":3,"minecraft:stone_shovel":3,"excompressum:compressed_dust":6,"exnihilosequentia:porcelain_clay":7,"minecraft:furnace":3,"bonsaitrees3:bonsaipot":1,"exnihilosequentia:oak_sieve":7,"quark:cobblestone_bricks":4,"create:fluid_tank":2,"minecraft:stone_pickaxe":3,"exnihilosequentia:wooden_crook":1,"functionalstorage:oak_1":2,"sophisticatedstorage:iron_barrel":3,"excompressum:compressed_hammer_stone":2,"create:andesite_alloy":6,"create:hand_crank":1,"exnihilosequentia:oak_barrel":1,"minecraft:copper_ore":11,"minecraft:bucket":2,"minecraft:stone_axe":2,"minecraft:air":92,"exnihilosequentia:dust":9,"minecraft:wooden_axe":1,"exnihilosequentia:raw_zinc":13,"create:shaft":8,"minecraft:andesite":12,"minecraft:torch":12,"create:zinc_ingot":12,"exnihilosequentia:string_mesh":7},"minecraft:killed":{"minecraft:zombie":1,"blue_skies:infested_swarmer":1},"minecraft:killed_by":{"minecraft:zombie":4,"minecraft:player":27},"minecraft:mined":{"minecraft:oak_sapling":1,"quark:azalea_log":1,"quark:azalea_planks":19,"create:andesite_casing":1,"minecraft:brewing_stand":1,"minecraft:cave_vines_plant":1,"exnihilosequentia:oak_sieve":1,"minecraft:grass_block":79,"minecraft:white_concrete":3,"mcwlights:classic_street_lamp":1,"minecraft:mossy_cobblestone_stairs":1,"framedblocks:framed_iron_trapdoor":2,"minecraft:moss_carpet":8,"exnihilosequentia:oak_barrel":3,"minecraft:cave_vines":8,"minecraft:dirt_path":1,"minecraft:azalea_leaves":1,"minecraft:azalea":2,"create:mechanical_press":1,"excompressum:compressed_sand":6,"minecraft:clay":5,"minecraft:torch":12,"quark:cobblestone_bricks":1,"rsgauges:sensitive_glass_block":1,"minecraft:poppy":2,"excompressum:compressed_cobblestone":130,"minecraft:cobblestone":163,"minecraft:slime_block":1,"minecraft:oak_planks":1,"minecraft:sugar_cane":5,"minecraft:wall_torch":6,"minecraft:stone_stairs":11,"minecraft:orange_tulip":2,"minecraft:grass":61,"exnihilosequentia:oak_crucible":1,"minecraft:oak_log":42,"minecraft:sand":2,"minecraft:dirt":1,"minecraft:oak_leaves":69,"exnihilosequentia:infested_leaves":42,"minecraft:mossy_cobblestone":5,"create:fluid_tank":2,"functionalstorage:oak_1":3,"minecraft:stone_button":2,"minecraft:moss_block":222,"minecraft:rooted_dirt":1,"create:shaft":2,"minecraft:furnace":3,"minecraft:vine":42,"minecraft:cobblestone_slab":1,"sophisticatedstorage:iron_barrel":1,"minecraft:stone":2135,"minecraft:flowering_azalea":2,"quark:oak_chest":9,"exnihilosequentia:dust":1,"minecraft:dandelion":2,"minecraft:crafting_table":4,"create:mechanical_pump":2,"create:water_wheel":3,"exnihilosequentia:fired_crucible":1,"excompressum:compressed_gravel":7,"minecraft:tall_grass":26,"mcwfurnitures:stripped_spruce_lower_bookshelf_drawer":2,"bonsaitrees3:bonsaipot":1,"sophisticatedstorage:barrel":3,"minecraft:sunflower":1,"minecraft:gravel":9,"engineersdecor:sign_danger":2},"minecraft:custom":{"minecraft:interact_with_crafting_table":133,"minecraft:open_barrel":18,"minecraft:leave_game":3,"minecraft:time_since_death":4581,"minecraft:sprint_one_cm":329811,"minecraft:drop":56,"minecraft:play_time":287746,"minecraft:deaths":48,"minecraft:jump":1498,"minecraft:interact_with_brewingstand":1,"minecraft:walk_on_water_one_cm":3341,"minecraft:interact_with_furnace":96,"minecraft:damage_dealt":1900,"minecraft:player_kills":13,"minecraft:crouch_one_cm":40147,"minecraft:inspect_dispenser":1,"minecraft:mob_kills":4,"minecraft:climb_one_cm":2319,"minecraft:walk_one_cm":627071,"minecraft:sneak_time":12644,"minecraft:walk_under_water_one_cm":3782,"minecraft:interact_with_lectern":1,"minecraft:total_world_time":288090,"minecraft:time_since_rest":4611,"minecraft:damage_taken":7794,"minecraft:fly_one_cm":299326,"minecraft:open_chest":394,"minecraft:fall_one_cm":56185},"minecraft:broken":{"minecraft:stone_pickaxe":1,"exnihilosequentia:stone_hammer":7,"minecraft:stone_axe":1,"minecraft:stone_shovel":1,"minecraft:wooden_pickaxe":1,"excompressum:compressed_hammer_stone":1},"minecraft:used":{"minecraft:moss_block":184,"minecraft:moss_carpet":1,"engineersdecor:sign_danger":1,"minecraft:stone":34,"excompressum:compressed_hammer_stone":140,"excompressum:compressed_sand":6,"excompressum:compressed_flint":2,"twilightforest:experiment_115":1,"exnihilosequentia:sea_water_bucket":3,"create:fluid_tank":4,"create:cogwheel":2,"exnihilosequentia:cooked_silkworm":1,"exnihilosequentia:oak_crucible":1,"thermal:sadiroot_seeds":1,"minecraft:lava_bucket":1,"abstoneedition:pebbles":4,"rsgauges:sensitive_glass_block":1,"create:shaft":3,"minecraft:furnace":6,"minecraft:oak_sapling":15,"minecraft:stone_pickaxe":256,"minecraft:wooden_pickaxe":70,"minecraft:clay":5,"exnihilosequentia:oak_sieve":8,"minecraft:sugar_cane":5,"minecraft:sand":2,"quark:azalea_planks":4,"supplementaries:candle_holder_green":4,"pamhc2foodcore:cheeseitem":1,"minecraft:bread":2,"pamhc2foodcore:freshwateritem":12,"minecraft:stone_button":4,"exnihilosequentia:dust":1,"minecraft:gravel":51,"exnihilosequentia:stone_hammer":1878,"functionalstorage:oak_1":6,"exnihilosequentia:silkworm":5,"minecraft:white_concrete":1,"bonsaitrees3:bonsaipot":1,"minecraft:azalea":1,"minecraft:stone_sword":9,"minecraft:stone_shovel":183,"excompressum:oak_heavy_sieve":1,"rsgauges:industrial_small_lever":1,"minecraft:torch":78,"create:mechanical_pump":3,"minecraft:brewing_stand":1,"minecraft:dirt":57,"minecraft:hopper":1,"sophisticatedstorage:iron_barrel":4,"excompressum:compressed_cobblestone":130,"minecraft:iron_block":1,"minecraft:rooted_dirt":1,"cobblefordays:tier_1":1,"exnihilosequentia:wooden_crook":107,"thermal:peanut":1,"create:fluid_pipe":2,"thermal:eggplant":1,"excompressum:compressed_gravel":9,"exnihilosequentia:fired_crucible":3,"minecraft:water_bucket":11,"quark:cobblestone_bricks":5,"minecraft:cobblestone_slab":4,"minecraft:mossy_cobblestone":4,"minecraft:crafting_table":4,"minecraft:painting":1,"minecraft:oak_log":1,"exnihilosequentia:sugarcane_seeds":4,"minecraft:cornflower":1,"minecraft:apple":5,"create:mechanical_press":2,"exnihilosequentia:oak_barrel":4,"create:water_wheel":5,"minecraft:stone_axe":146,"excompressum:compressed_hammer_iron":170,"sophisticatedstorage:barrel":3,"minecraft:cobblestone":485,"mcwlights:classic_street_lamp":1,"exnihilosequentia:blackstone_pebble":1,"minecraft:bucket":28,"quark:oak_chest":25,"create:hand_crank":2,"exnihilosequentia:mycelium_spores":1,"create:bar_of_chocolate":1},"minecraft:picked_up":{"sophisticatedstorage:iron_barrel":2,"exnihilosequentia:oak_crucible":1,"exnihilosequentia:dark_oak_seeds":1,"minecraft:brewing_stand":2,"create:bar_of_chocolate":2,"exnihilosequentia:flint_mesh":7,"minecraft:string":128,"quark:azalea_planks":44,"thermal:barley_seeds":4,"create:water_wheel":3,"thermal:sulfur":1,"mysticalagriculture:inferium_essence":4,"create:mechanical_press":1,"exnihilosequentia:oak_sieve":1,"minecraft:written_book":5,"minecraft:cobblestone_slab":1,"thermal:eggplant":1,"minecraft:azalea":28,"minecraft:enchanted_golden_apple":1,"minecraft:furnace":3,"minecraft:stick":38,"minecraft:torch":28,"thermal:sadiroot_seeds":5,"create:andesite_casing":1,"thermal:apatite":2,"exnihilosequentia:wooden_crook":1,"snad:snad":1,"minecraft:rotten_flesh":6,"minecraft:cobblestone":2172,"rsgauges:industrial_small_lever":1,"create:fluid_tank":2,"minecraft:water_bucket":1,"exnihilosequentia:string_mesh":3,"minecraft:flint":256,"exnihilosequentia:tin_pieces":54,"exnihilosequentia:gold_pieces":29,"minecraft:lapis_lazuli":25,"minecraft:dirt":158,"exnihilosequentia:fired_crucible":1,"minecraft:bone":2,"minecraft:wheat_seeds":23,"minecraft:orange_tulip":14,"ftbquests:book":1,"exnihilosequentia:grass_seeds":8,"create:shaft":9,"exnihilosequentia:jungle_seeds":1,"minecraft:glowstone_dust":1,"minecraft:moss_block":292,"minecraft:oak_planks":95,"exnihilosequentia:lead_pieces":35,"exnihilosequentia:iron_mesh":1,"pamhc2foodcore:freshwateritem":9,"minecraft:sand":61,"buildersdelight:iron_chisel":2,"exnihilosequentia:silkworm":50,"minecraft:mossy_cobblestone":4,"thermal:peanut":1,"minecraft:clay":14,"minecraft:diamond":6,"minecraft:slime_block":2,"thermal:eggplant_seeds":2,"rsgauges:industrial_rotary_lever":1,"exnihilosequentia:silver_pieces":38,"minecraft:bone_meal":15,"minecraft:golden_apple":8,"minecraft:white_concrete":3,"minecraft:bread":1,"minecraft:rooted_dirt":1,"thermal:copper_plate":8,"minecraft:oak_sapling":44,"functionalstorage:oak_1":4,"minecraft:cocoa_beans":10,"minecraft:crafting_table":4,"minecraft:clay_ball":20,"bonsaitrees3:bonsaipot":1,"thermal:cinnabar":2,"minecraft:wooden_pickaxe":1,"exnihilosequentia:witch_water_bucket":1,"exnihilosequentia:spruce_seeds":1,"minecraft:cornflower":1,"minecraft:moss_carpet":65,"minecraft:stone_stairs":10,"exnihilosequentia:dust":57,"minecraft:white_carpet":12,"minecraft:blue_orchid":8,"excompressum:compressed_cobblestone":1,"excompressum:chicken_bait":2,"framedblocks:framed_iron_trapdoor":2,"thermal:niter":1,"minecraft:poppy":26,"sophisticatedstorage:barrel":3,"minecraft:sugar_cane":5,"exnihilosequentia:zinc_pieces":55,"exnihilosequentia:cactus_seeds":1,"minecraft:stone":2,"minecraft:copper_ingot":6,"minecraft:stone_button":7,"create:hand_crank":1,"minecraft:redstone":3,"supplementaries:candle_holder_green":4,"exnihilosequentia:nickel_pieces":37,"thermal:peanut_seeds":2,"exnihilosequentia:mycelium_spores":1,"minecraft:arrow":6,"excompressum:compressed_gravel":7,"minecraft:stone_shovel":1,"minecraft:beetroot_seeds":7,"rsgauges:sensitive_glass_block":1,"twilightforest:experiment_115":2,"engineersdecor:sign_danger":2,"minecraft:oak_log":53,"create:andesite_alloy":4,"exnihilosequentia:iron_pieces":237,"minecraft:gunpowder":2,"exnihilosequentia:aluminum_pieces":36,"minecraft:apple":11,"decorative_blocks:oak_support":3,"minecraft:iron_ingot":15,"thermal:tomato_seeds":3,"exnihilosequentia:oak_seeds":2,"minecraft:flowering_azalea":10,"mcwlights:classic_street_lamp":1,"thermal:strawberry_seeds":2,"minecraft:dandelion":12,"minecraft:gravel":1294,"rftoolsutility:syringe":2,"mcwfurnitures:stripped_spruce_lower_bookshelf_drawer":2,"exnihilosequentia:stone_hammer":3,"thermal:green_bean_seeds":1,"quark:oak_chest":9,"exnihilosequentia:oak_barrel":3,"quark:cobblestone_bricks":4,"minecraft:pumpkin_seeds":8,"minecraft:stone_axe":2,"create:mechanical_pump":2,"minecraft:painting":1,"minecraft:mossy_cobblestone_stairs":1,"thermal:amaranth_seeds":6,"minecraft:melon_seeds":7,"minecraft:coal":111,"exnihilosequentia:copper_pieces":47,"minecraft:sunflower":4,"minecraft:ender_pearl":2}},"DataVersion":2975}