{"stats":{"minecraft:broken":{"mekanismtools:stone_paxel":1,"minecraft:shears":3,"minecraft:stone_pickaxe":4,"exnihilosequentia:stone_hammer":7,"minecraft:stone_axe":2,"minecraft:stone_shovel":1,"minecraft:wooden_pickaxe":1,"excompressum:compressed_hammer_stone":3},"minecraft:dropped":{"minecraft:clay":9,"minecraft:moss_block":2,"minecraft:diamond":1,"exnihilosequentia:jungle_seeds":5,"exnihilosequentia:spruce_seeds":3,"minecraft:flint":3,"minecraft:dirt":26,"avaritia:double_compressed_crafting_table":2,"decorative_blocks:oak_support":3,"minecraft:bone_meal":50,"exnihilosequentia:witch_water_bucket":1,"thermal:peanut_seeds":1,"exnihilosequentia:stone_hammer":1,"ftbquests:book":2,"exnihilosequentia:cactus_seeds":2,"minecraft:stone_axe":2,"minecraft:diamond_block":1,"buildersdelight:iron_chisel":2,"minecraft:obsidian":11,"exnihilosequentia:potato_seeds":1,"thermal:eggplant_seeds":1,"pamhc2foodcore:cheeseitem":1,"create:bar_of_chocolate":2,"minecraft:beetroot_seeds":13,"minecraft:melon_seeds":13,"exnihilosequentia:acacia_seeds":1,"exnihilosequentia:carrot_seeds":2,"minecraft:glass":4,"exnihilosequentia:wooden_crook":1,"pamhc2foodcore:carrotcupcakeitem":5,"minecraft:written_book":9,"exnihilosequentia:iron_mesh":1,"create:andesite_alloy":4,"minecraft:iron_ingot":40,"minecraft:bread":1,"thermal:onion_seeds":1,"exnihilosequentia:sugarcane_seeds":2,"exnihilosequentia:sweet_berry_seeds":2,"minecraft:wheat_seeds":32,"rsgauges:industrial_rotary_lever":1,"create:polished_rose_quartz":1,"minecraft:cobblestone":361,"exnihilosequentia:birch_seeds":1,"exnihilosequentia:iron_pieces":3,"minecraft:apple":1,"minecraft:copper_ingot":36,"exnihilosequentia:fired_crucible":1,"exnihilosequentia:string_mesh":1,"sophisticatedstorage:iron_barrel":1,"minecraft:torch":100,"minecraft:cactus":2,"minecraft:bucket":4,"minecraft:sweet_berries":7,"create:shaft":7,"pamhc2foodcore:freshwateritem":1,"thermal:strawberry":1,"minecraft:shears":1,"minecraft:pumpkin_seeds":15,"exnihilosequentia:dark_oak_seeds":2,"exnihilosequentia:diamond_mesh":1,"bonsaitrees3:bonsaipot":1,"exnihilosequentia:grass_seeds":1,"thermal:eggplant":1,"create:zinc_ingot":2,"minecraft:andesite":4,"minecraft:oak_sapling":1,"thermal:onion":1,"minecraft:stone_pickaxe":9,"exnihilosequentia:oak_seeds":2,"excompressum:compressed_gravel":4},"minecraft:killed_by":{"minecraft:zombie":4,"minecraft:player":35},"minecraft:mined":{"rsgauges:industrial_small_lever":2,"minecraft:oak_sapling":2,"quark:azalea_log":1,"quark:azalea_planks":19,"create:andesite_casing":6,"minecraft:brewing_stand":2,"minecraft:cave_vines_plant":3,"exnihilosequentia:oak_sieve":5,"minecraft:grass_block":79,"minecraft:white_concrete":3,"minecraft:hopper":1,"minecraft:mossy_cobblestone_stairs":1,"mcwlights:classic_street_lamp":1,"framedblocks:framed_iron_trapdoor":2,"minecraft:moss_carpet":9,"exnihilosequentia:oak_barrel":6,"minecraft:cave_vines":12,"minecraft:dirt_path":5,"minecraft:azalea_leaves":1,"minecraft:azalea":2,"minecraft:iron_block":1,"create:mechanical_press":4,"excompressum:compressed_sand":24,"create:cogwheel":22,"avaritia:compressed_crafting_table":1,"minecraft:clay":5,"minecraft:torch":20,"quark:cobblestone_bricks":9,"rsgauges:sensitive_glass_block":1,"minecraft:poppy":2,"excompressum:compressed_cobblestone":331,"cobblefordays:tier_3":1,"minecraft:cobblestone":192,"excompressum:oak_heavy_sieve":2,"minecraft:slime_block":1,"minecraft:sugar_cane":5,"minecraft:oak_planks":2,"minecraft:wall_torch":39,"minecraft:cauldron":2,"create:basin":4,"minecraft:stone_stairs":11,"avaritia:double_compressed_crafting_table":2,"cobblefordays:tier_2":2,"minecraft:orange_tulip":2,"minecraft:grass":61,"exnihilosequentia:oak_crucible":1,"minecraft:oak_log":113,"minecraft:dark_oak_sapling":1,"create:hand_crank":2,"minecraft:sand":2,"minecraft:dirt":12,"create:clutch":3,"minecraft:oak_leaves":707,"exnihilosequentia:infested_leaves":42,"minecraft:mossy_cobblestone":7,"create:fluid_tank":2,"functionalstorage:oak_1":10,"minecraft:stone_button":2,"create:large_cogwheel":5,"minecraft:spruce_leaves":1,"minecraft:moss_block":230,"minecraft:rooted_dirt":5,"create:shaft":5,"minecraft:spruce_sapling":1,"minecraft:furnace":4,"minecraft:diamond_block":1,"minecraft:cobblestone_slab":1,"minecraft:vine":119,"minecraft:stripped_oak_log":3,"sophisticatedstorage:iron_barrel":5,"minecraft:stone":2617,"minecraft:flowering_azalea":2,"minecraft:soul_sand":1,"quark:oak_chest":11,"exnihilosequentia:dust":1,"minecraft:dandelion":2,"minecraft:crafting_table":48,"create:fluid_pipe":2,"exnihilosequentia:stone_barrel":2,"create:mechanical_pump":5,"create:water_wheel":3,"exnihilosequentia:fired_crucible":2,"excompressum:compressed_gravel":76,"minecraft:tall_grass":26,"mcwfurnitures:stripped_spruce_lower_bookshelf_drawer":2,"bonsaitrees3:bonsaipot":1,"minecraft:cactus":1,"sophisticatedstorage:barrel":3,"minecraft:sweet_berry_bush":1,"minecraft:spruce_log":80,"minecraft:mycelium":1,"minecraft:cocoa":1,"minecraft:sunflower":1,"minecraft:gravel":10,"engineersdecor:sign_danger":2,"create:andesite_funnel":2},"minecraft:killed":{"minecraft:zombie":1,"blue_skies:infested_swarmer":1},"minecraft:picked_up":{"minecraft:seagrass":10,"sophisticatedstorage:iron_barrel":6,"minecraft:wheat":3,"exnihilosequentia:oak_crucible":1,"cobblefordays:tier_3":1,"exnihilosequentia:andesite_pebble":92,"exnihilosequentia:dark_oak_seeds":4,"minecraft:brewing_stand":3,"create:bar_of_chocolate":2,"exnihilosequentia:flint_mesh":7,"minecraft:string":128,"quark:azalea_planks":44,"thermal:barley_seeds":4,"create:andesite_funnel":2,"create:water_wheel":3,"thermal:sulfur":27,"thermal:iron_plate":10,"minecraft:bucket":2,"mysticalagriculture:inferium_essence":4,"create:mechanical_press":4,"exnihilosequentia:oak_sieve":5,"minecraft:written_book":5,"thermal:eggplant":2,"minecraft:cobblestone_slab":1,"minecraft:azalea":28,"minecraft:enchanted_golden_apple":1,"minecraft:furnace":4,"minecraft:stick":57,"exnihilosequentia:large_fern_seeds":1,"minecraft:torch":75,"thermal:sadiroot_seeds":5,"create:andesite_casing":6,"quark:glowing_glass_item_frame":2,"minecraft:vine":61,"minecraft:cauldron":2,"thermal:apatite":26,"create:large_cogwheel":5,"exnihilosequentia:wooden_crook":1,"snad:snad":1,"minecraft:cactus":3,"minecraft:rotten_flesh":6,"minecraft:iron_block":1,"exnihilosequentia:sugarcane_seeds":4,"minecraft:obsidian":11,"pamhc2foodcore:chocolatecupcakeitem":5,"minecraft:blaze_powder":6,"rsgauges:industrial_small_lever":3,"minecraft:cobblestone":2918,"exnihilosequentia:blackstone_pebble":42,"create:fluid_tank":2,"minecraft:water_bucket":1,"minecraft:andesite":1,"exnihilosequentia:string_mesh":3,"pamhc2foodcore:marshmellowsitem":12,"thermal:onion":1,"minecraft:flint":576,"exnihilosequentia:gold_pieces":143,"exnihilosequentia:tin_pieces":205,"minecraft:lapis_lazuli":167,"minecraft:dirt":182,"thermal:cooked_eggplant":1,"exnihilosequentia:fired_crucible":2,"minecraft:bone":2,"minecraft:wheat_seeds":77,"minecraft:orange_tulip":14,"thermal:cooked_corn":3,"ftbquests:book":1,"exnihilosequentia:grass_seeds":12,"create:shaft":11,"exnihilosequentia:jungle_seeds":7,"minecraft:glowstone_dust":15,"minecraft:moss_block":298,"minecraft:oak_planks":96,"exnihilosequentia:lead_pieces":172,"exnihilosequentia:iron_mesh":1,"create:cogwheel":21,"mekanismtools:stone_paxel":1,"pamhc2foodcore:freshwateritem":9,"minecraft:sand":504,"exnihilosequentia:kelp_seeds":20,"buildersdelight:iron_chisel":2,"minecraft:diamond_block":1,"thermal:onion_seeds":1,"exnihilosequentia:silkworm":50,"minecraft:mossy_cobblestone":6,"thermal:peanut":1,"exnihilosequentia:pickle_seeds":2,"pamhc2foodcore:saltitem":1,"minecraft:clay":14,"minecraft:slime_block":2,"minecraft:diamond":40,"cobblefordays:tier_2":2,"thermal:eggplant_seeds":3,"rsgauges:industrial_rotary_lever":1,"exnihilosequentia:silver_pieces":189,"minecraft:bone_meal":69,"minecraft:golden_apple":8,"minecraft:white_concrete":3,"minecraft:emerald":7,"minecraft:bread":1,"minecraft:rooted_dirt":5,"thermal:copper_plate":13,"minecraft:oak_sapling":61,"minecraft:oak_leaves":638,"functionalstorage:oak_1":10,"minecraft:cocoa_beans":13,"minecraft:crafting_table":48,"minecraft:nether_wart":3,"minecraft:ladder":3,"minecraft:clay_ball":20,"bonsaitrees3:bonsaipot":1,"thermal:cinnabar":24,"minecraft:wooden_pickaxe":1,"exnihilosequentia:witch_water_bucket":1,"pamhc2foodcore:carrotcupcakeitem":12,"exnihilosequentia:spruce_seeds":4,"thermal:strawberry":1,"avaritia:compressed_crafting_table":1,"kubejs:stone_coin":2,"minecraft:cornflower":1,"minecraft:stone_stairs":10,"minecraft:moss_carpet":66,"create:fluid_pipe":2,"exnihilosequentia:potato_seeds":2,"exnihilosequentia:dust":220,"minecraft:white_carpet":12,"minecraft:blue_orchid":8,"excompressum:compressed_cobblestone":1,"framedblocks:framed_iron_trapdoor":2,"excompressum:chicken_bait":2,"thermal:niter":21,"create:basin":4,"minecraft:poppy":26,"sophisticatedstorage:barrel":3,"thermal:pbj_sandwich":1,"minecraft:sugar_cane":5,"create:clutch":3,"exnihilosequentia:zinc_pieces":223,"create:polished_rose_quartz":1,"minecraft:dark_oak_sapling":1,"exnihilosequentia:cactus_seeds":3,"minecraft:stone":2,"minecraft:copper_ingot":16,"minecraft:stone_button":7,"exnihilosequentia:diorite_pebble":94,"farmersdelight:fish_stew":1,"create:hand_crank":7,"exnihilosequentia:granite_pebble":38,"minecraft:redstone":37,"exnihilosequentia:pink_coral_larvae":4,"create:zinc_ingot":1,"exnihilosequentia:purple_coral_larvae":4,"exnihilosequentia:diamond_mesh":3,"supplementaries:candle_holder_green":4,"exnihilosequentia:nickel_pieces":175,"exnihilosequentia:blue_coral_larvae":4,"thermal:peanut_seeds":2,"exnihilosequentia:mycelium_spores":2,"excompressum:compressed_gravel":27,"minecraft:arrow":6,"minecraft:stone_shovel":1,"exnihilosequentia:carrot_seeds":5,"minecraft:beetroot_seeds":31,"excompressum:oak_heavy_sieve":2,"exnihilosequentia:stone_barrel":2,"rsgauges:sensitive_glass_block":1,"exnihilosequentia:basalt_pebble":71,"minecraft:stripped_oak_log":3,"ae2:fluix_dust":1,"twilightforest:experiment_115":2,"engineersdecor:sign_danger":2,"minecraft:oak_log":124,"create:andesite_alloy":4,"exnihilosequentia:acacia_seeds":2,"exnihilosequentia:iron_pieces":737,"minecraft:gunpowder":8,"avaritia:double_compressed_crafting_table":3,"minecraft:paper":3,"exnihilosequentia:aluminum_pieces":170,"minecraft:apple":11,"minecraft:kelp":17,"decorative_blocks:oak_support":3,"minecraft:iron_ingot":30,"minecraft:stone_pickaxe":11,"thermal:tomato_seeds":3,"minecraft:soul_sand":11,"exnihilosequentia:oak_seeds":9,"minecraft:flowering_azalea":10,"exnihilosequentia:red_coral_larvae":3,"mcwlights:classic_street_lamp":1,"minecraft:sweet_berries":16,"thermal:strawberry_seeds":2,"minecraft:quartz":2,"minecraft:dandelion":12,"rftoolsutility:syringe":2,"minecraft:gravel":3104,"mcwfurnitures:stripped_spruce_lower_bookshelf_drawer":2,"exnihilosequentia:stone_hammer":3,"minecraft:spruce_sapling":28,"exnihilosequentia:birch_seeds":3,"minecraft:spruce_log":75,"thermal:green_bean_seeds":1,"exnihilosequentia:yellow_coral_larvae":3,"quark:oak_chest":11,"exnihilosequentia:oak_barrel":6,"quark:cobblestone_bricks":10,"minecraft:pumpkin_seeds":29,"minecraft:stone_axe":2,"exnihilosequentia:sweet_berry_seeds":7,"create:mechanical_pump":5,"minecraft:painting":1,"minecraft:mossy_cobblestone_stairs":1,"pamhc2foodcore:fruitsaladitem":5,"minecraft:melon_seeds":28,"thermal:amaranth_seeds":6,"minecraft:hopper":1,"minecraft:coal":349,"exnihilosequentia:copper_pieces":199,"minecraft:sunflower":4,"minecraft:ender_pearl":2},"minecraft:custom":{"minecraft:interact_with_crafting_table":299,"minecraft:open_barrel":56,"minecraft:leave_game":4,"minecraft:time_since_death":42770,"minecraft:sprint_one_cm":769690,"minecraft:drop":169,"minecraft:play_time":535175,"minecraft:deaths":56,"minecraft:jump":3725,"minecraft:interact_with_brewingstand":1,"minecraft:walk_on_water_one_cm":17516,"minecraft:interact_with_furnace":208,"minecraft:damage_dealt":4339,"minecraft:player_kills":34,"minecraft:crouch_one_cm":58536,"minecraft:inspect_dispenser":1,"minecraft:interact_with_anvil":3,"minecraft:mob_kills":4,"minecraft:inspect_hopper":16,"minecraft:climb_one_cm":27074,"minecraft:walk_one_cm":1100212,"minecraft:sneak_time":19426,"minecraft:walk_under_water_one_cm":6203,"minecraft:interact_with_lectern":1,"minecraft:total_world_time":535519,"minecraft:time_since_rest":42802,"minecraft:damage_taken":10407,"minecraft:swim_one_cm":2800,"minecraft:fly_one_cm":830374,"minecraft:open_chest":911,"minecraft:fall_one_cm":79713},"minecraft:used":{"minecraft:beetroot":1,"minecraft:moss_block":190,"minecraft:moss_carpet":2,"engineersdecor:sign_danger":1,"minecraft:ladder":3,"pamhc2foodcore:carrotcupcakeitem":7,"minecraft:stone":65,"excompressum:compressed_hammer_stone":387,"excompressum:compressed_sand":24,"excompressum:compressed_flint":2,"twilightforest:experiment_115":1,"exnihilosequentia:sea_water_bucket":3,"minecraft:cocoa_beans":1,"create:fluid_tank":6,"minecraft:soul_sand":1,"farmersdelight:fish_stew":1,"create:cogwheel":39,"exnihilosequentia:cooked_silkworm":1,"exnihilosequentia:oak_crucible":1,"minecraft:carrot":1,"thermal:cooked_corn":3,"thermal:sadiroot_seeds":1,"minecraft:lava_bucket":6,"abstoneedition:pebbles":4,"pamhc2foodcore:chocolatecupcakeitem":5,"rsgauges:sensitive_glass_block":1,"pamhc2foodcore:saltitem":1,"create:andesite_funnel":4,"minecraft:sweet_berries":9,"create:shaft":6,"minecraft:oak_sapling":29,"minecraft:furnace":6,"quark:glowing_glass_item_frame":2,"minecraft:dark_oak_sapling":1,"minecraft:stone_pickaxe":616,"minecraft:oak_planks":2,"minecraft:cactus":1,"minecraft:wooden_pickaxe":70,"exnihilosequentia:stone_barrel":3,"minecraft:clay":5,"exnihilosequentia:oak_sieve":12,"minecraft:sugar_cane":5,"pamhc2foodcore:marshmellowsitem":12,"minecraft:cookie":1,"furnacemk2:furnacemk2":3,"minecraft:sand":5,"quark:azalea_planks":4,"minecraft:shears":699,"exnihilosequentia:sweet_berry_seeds":3,"cobblefordays:tier_3":1,"supplementaries:candle_holder_green":4,"pamhc2foodcore:cheeseitem":1,"minecraft:bread":2,"pamhc2foodcore:freshwateritem":25,"minecraft:stone_button":4,"sophisticatedstorage:chest":1,"minecraft:gravel":52,"exnihilosequentia:dust":1,"create:basin":5,"exnihilosequentia:stone_hammer":1902,"functionalstorage:oak_1":13,"sophisticatedstorage:diamond_barrel":1,"exnihilosequentia:silkworm":5,"minecraft:white_concrete":1,"create:large_cogwheel":11,"bonsaitrees3:bonsaipot":1,"minecraft:azalea":1,"minecraft:stone_sword":17,"avaritia:compressed_crafting_table":1,"minecraft:dried_kelp":4,"minecraft:stone_shovel":205,"thermal:strawberry":1,"excompressum:oak_heavy_sieve":3,"rsgauges:industrial_small_lever":3,"minecraft:stick":7,"minecraft:torch":116,"minecraft:dirt":59,"minecraft:brewing_stand":2,"create:mechanical_pump":7,"minecraft:anvil":1,"create:mechanical_mixer":1,"minecraft:hopper":6,"cobblefordays:tier_2":2,"sophisticatedstorage:iron_barrel":9,"thermal:corn":1,"cobblefordays:tier_5":1,"excompressum:compressed_cobblestone":331,"minecraft:iron_block":2,"minecraft:rooted_dirt":5,"thermal:tomato":1,"exnihilosequentia:andesite_pebble":1,"cobblefordays:tier_1":2,"exnihilosequentia:wooden_crook":107,"thermal:peanut":1,"create:fluid_pipe":3,"thermal:eggplant":1,"excompressum:compressed_gravel":78,"minecraft:beetroot_soup":1,"exnihilosequentia:fired_crucible":3,"minecraft:water_bucket":25,"minecraft:cobblestone_stairs":1,"quark:cobblestone_bricks":77,"mekanismtools:stone_paxel":344,"minecraft:cauldron":2,"avaritia:double_compressed_crafting_table":1,"minecraft:cobblestone_slab":4,"create:blaze_burner":1,"minecraft:mossy_cobblestone":6,"minecraft:diamond_block":1,"minecraft:vine":12,"minecraft:crafting_table":4,"minecraft:painting":1,"minecraft:oak_log":7,"exnihilosequentia:oak_barrel":8,"exnihilosequentia:sugarcane_seeds":4,"minecraft:cornflower":1,"minecraft:apple":5,"create:mechanical_press":5,"flopper:flopper":1,"thermal:cooked_eggplant":1,"minecraft:iron_pickaxe":13,"create:water_wheel":5,"thermal:radish":1,"minecraft:spruce_sapling":7,"pamhc2foodcore:fruitsaladitem":2,"minecraft:stone_axe":258,"excompressum:compressed_hammer_iron":191,"thermal:pbj_sandwich":1,"sophisticatedstorage:barrel":3,"minecraft:cobblestone":536,"mcwlights:classic_street_lamp":1,"exnihilosequentia:blackstone_pebble":1,"minecraft:bucket":61,"minecraft:stripped_oak_log":3,"quark:oak_chest":43,"create:clutch":4,"create:hand_crank":8,"exnihilosequentia:mycelium_spores":2,"create:bar_of_chocolate":1},"minecraft:crafted":{"minecraft:brick":4,"minecraft:smooth_stone":15,"minecraft:oak_planks":532,"minecraft:cobblestone_slab":12,"excompressum:compressed_flint":2,"minecraft:barrel":6,"excompressum:compressed_cobblestone":330,"sophisticatedstorage:barrel":3,"minecraft:cobblestone_stairs":4,"minecraft:stone":384,"exnihilosequentia:unfired_crucible":2,"exnihilosequentia:stone_barrel":1,"furnacemk2:insulation_core":3,"minecraft:glass":15,"minecraft:hopper":7,"exnihilosequentia:blaze_doll":1,"excompressum:compressed_gravel":271,"create:mechanical_press":1,"functionalstorage:gold_upgrade":2,"create:cogwheel":1,"sophisticatedstorage:gold_barrel":1,"cobblefordays:tier_2":1,"minecraft:glass_bottle":3,"minecraft:oak_slab":36,"furnacemk2:furnacemk2":3,"excompressum:compressed_soul_sand":2,"create:rose_quartz":1,"excompressum:compressed_sand":55,"minecraft:cauldron":1,"minecraft:crafting_table":37,"minecraft:gold_ore":26,"minecraft:wooden_pickaxe":1,"create:fluid_pipe":8,"create:zinc_nugget":27,"exnihilosequentia:fired_crucible":2,"minecraft:copper_ingot":37,"furnacemk2:experience_core":2,"create:mechanical_mixer":1,"mekanismtools:stone_paxel":1,"minecraft:diorite":9,"cobblefordays:tier_1":3,"exnihilosequentia:cooked_silkworm":1,"exnihilosequentia:stone_hammer":35,"create:water_wheel":2,"minecraft:stone_slab":6,"minecraft:stick":96,"quark:oak_chest":53,"minecraft:iron_ingot":154,"minecraft:iron_pickaxe":1,"excompressum:compressed_dirt":9,"minecraft:iron_block":5,"minecraft:iron_ore":204,"minecraft:gold_ingot":26,"sophisticatedstorage:diamond_barrel":1,"create:large_cogwheel":1,"minecraft:redstone_torch":3,"decorative_blocks:oak_support":3,"minecraft:shears":1,"create:empty_blaze_burner":1,"furnacemk2:crystal_gem_item":1,"excompressum:compressed_dust":24,"minecraft:stone_shovel":4,"exnihilosequentia:porcelain_clay":7,"minecraft:blast_furnace":3,"minecraft:furnace":8,"furnacemk2:thermal_core":1,"bonsaitrees3:bonsaipot":1,"minecraft:diamond_block":1,"exnihilosequentia:oak_sieve":7,"avaritia:compressed_crafting_table":9,"quark:cobblestone_bricks":4,"minecraft:slime_ball":9,"minecraft:stone_pickaxe":4,"create:fluid_tank":4,"create:basin":1,"create:electron_tube":1,"exnihilosequentia:wooden_crook":1,"functionalstorage:oak_1":5,"sophisticatedstorage:iron_barrel":5,"excompressum:compressed_hammer_stone":3,"create:andesite_alloy":16,"create:hand_crank":1,"exnihilosequentia:oak_barrel":1,"minecraft:copper_ore":37,"minecraft:bucket":2,"minecraft:stone_axe":3,"cobblefordays:tier_5":1,"minecraft:air":510,"cobblefordays:tier_3":1,"sophisticatedstorage:chest":1,"avaritia:double_compressed_crafting_table":1,"exnihilosequentia:dust":9,"functionalstorage:diamond_upgrade":1,"functionalstorage:copper_upgrade":2,"create:whisk":1,"minecraft:blackstone":7,"minecraft:wooden_axe":1,"exnihilosequentia:raw_zinc":13,"minecraft:anvil":1,"create:shaft":24,"minecraft:andesite":42,"minecraft:torch":12,"create:zinc_ingot":13,"cobblefordays:tier_4":1,"exnihilosequentia:string_mesh":7}},"DataVersion":2975}