{"stats":{"minecraft:broken":{"mekanismtools:stone_paxel":2,"minecraft:shears":3,"exnihilosequentia:stone_hammer":7,"minecraft:wooden_pickaxe":1,"minecraft:stone_pickaxe":4,"minecraft:stone_axe":2,"minecraft:stone_shovel":1,"excompressum:compressed_hammer_stone":6},"minecraft:dropped":{"sophisticatedbackpacks:iron_backpack":1,"minecraft:clay":9,"minecraft:iron_sword":1,"minecraft:diamond":1,"minecraft:dirt":26,"avaritia:double_compressed_crafting_table":2,"decorative_blocks:oak_support":3,"minecraft:bone_meal":50,"thermal:peanut_seeds":1,"mekanismtools:refined_obsidian_sword":1,"minecraft:stone_axe":2,"minecraft:diamond_block":1,"minecraft:wheat":4,"minecraft:obsidian":11,"minecraft:oak_planks":1,"exnihilosequentia:potato_seeds":1,"thermal:eggplant_seeds":1,"pamhc2foodcore:cheeseitem":1,"create:bar_of_chocolate":2,"exnihilosequentia:carrot_seeds":2,"exnihilosequentia:wooden_crook":1,"exnihilosequentia:acacia_seeds":1,"minecraft:glass":68,"pamhc2foodcore:carrotcupcakeitem":5,"exnihilosequentia:iron_mesh":1,"minecraft:iron_ingot":81,"thermal:onion_seeds":1,"exnihilosequentia:sweet_berry_seeds":2,"minecraft:wheat_seeds":32,"rsgauges:industrial_rotary_lever":1,"create:polished_rose_quartz":1,"minecraft:cobblestone":362,"minecraft:apple":1,"mekanismtools:stone_paxel":2,"exnihilosequentia:fired_crucible":1,"exnihilosequentia:pickle_seeds":1,"thermal:strawberry":1,"minecraft:shears":1,"minecraft:pumpkin_seeds":15,"exnihilosequentia:grass_seeds":1,"minecraft:stone":241,"create:zinc_ingot":9,"minecraft:bamboo":4,"sophisticatedbackpacks:copper_backpack":1,"exnihilosequentia:oak_seeds":2,"minecraft:moss_block":2,"storagenetwork:inventory_remote":5,"exnihilosequentia:jungle_seeds":5,"exnihilosequentia:spruce_seeds":3,"minecraft:flint":3,"exnihilosequentia:witch_water_bucket":1,"exnihilosequentia:stone_hammer":7,"ftbquests:book":2,"minecraft:gold_ingot":6,"exnihilosequentia:cactus_seeds":2,"buildersdelight:iron_chisel":2,"minecraft:beetroot_seeds":13,"minecraft:melon_seeds":13,"create:brass_ingot":12,"comforts:sleeping_bag_white":1,"minecraft:arrow":2,"minecraft:written_book":9,"create:andesite_alloy":4,"minecraft:bread":1,"exnihilosequentia:sugarcane_seeds":2,"exnihilosequentia:birch_seeds":1,"exnihilosequentia:iron_pieces":3,"exnihilosequentia:emerald_mesh":1,"minecraft:copper_ingot":49,"exnihilosequentia:string_mesh":2,"sophisticatedstorage:iron_barrel":1,"minecraft:torch":100,"minecraft:cactus":2,"minecraft:bucket":7,"minecraft:sweet_berries":7,"create:shaft":7,"pamhc2foodcore:freshwateritem":1,"exnihilosequentia:dark_oak_seeds":2,"bonsaitrees3:bonsaipot":1,"exnihilosequentia:diamond_mesh":1,"thermal:eggplant":1,"minecraft:andesite":4,"minecraft:oak_sapling":1,"thermal:onion":1,"minecraft:stone_pickaxe":9,"bhc:red_heart":1,"excompressum:compressed_gravel":24},"minecraft:killed_by":{"minecraft:zombie":4,"mekanismadditions:baby_skeleton":1,"minecraft:player":36},"minecraft:mined":{"create:copper_casing":1,"quark:azalea_log":1,"quark:azalea_planks":23,"create:andesite_casing":7,"exnihilosequentia:oak_sieve":5,"minecraft:hopper":1,"minecraft:mossy_cobblestone_stairs":1,"mcwlights:classic_street_lamp":1,"framedblocks:framed_iron_trapdoor":2,"minecraft:moss_carpet":9,"minecraft:cave_vines":14,"minecraft:dirt_path":5,"minecraft:iron_block":1,"create:mechanical_press":4,"create:cogwheel":23,"minecraft:torch":20,"rsgauges:sensitive_glass_block":1,"excompressum:compressed_cobblestone":629,"excompressum:oak_heavy_sieve":2,"minecraft:sugar_cane":11,"create:basin":4,"avaritia:double_compressed_crafting_table":2,"minecraft:grass":61,"minecraft:dark_oak_sapling":1,"create:hand_crank":3,"create:clutch":3,"minecraft:mossy_cobblestone":7,"create:fluid_tank":2,"functionalstorage:oak_1":12,"storagenetwork:master":1,"minecraft:moss_block":230,"create:shaft":7,"minecraft:diamond_block":1,"minecraft:cobblestone_slab":14,"minecraft:vine":119,"minecraft:bamboo":2,"minecraft:soul_sand":1,"quark:oak_chest":45,"minecraft:dandelion":2,"create:fluid_pipe":2,"create:mechanical_pump":5,"storagenetwork:storage_kabel":3,"create:water_wheel":3,"exnihilosequentia:fired_crucible":2,"minecraft:tall_grass":26,"mcwfurnitures:stripped_spruce_lower_bookshelf_drawer":2,"sophisticatedstorage:barrel":3,"minecraft:white_carpet":1,"minecraft:spruce_log":80,"minecraft:mycelium":1,"minecraft:sunflower":1,"minecraft:gravel":10,"create:andesite_funnel":2,"rsgauges:industrial_small_lever":2,"minecraft:oak_sapling":2,"minecraft:brewing_stand":2,"minecraft:cave_vines_plant":3,"minecraft:grass_block":79,"minecraft:white_concrete":3,"comforts:sleeping_bag_white":1,"exnihilosequentia:oak_barrel":6,"sophisticatedstorage:chest":2,"minecraft:azalea_leaves":1,"minecraft:azalea":2,"excompressum:compressed_sand":124,"avaritia:compressed_crafting_table":1,"storagenetwork:inventory":5,"minecraft:clay":5,"quark:cobblestone_bricks":9,"storagenetwork:request":5,"minecraft:poppy":2,"create:brass_casing":6,"minecraft:cobblestone":211,"cobblefordays:tier_3":1,"minecraft:slime_block":1,"minecraft:oak_planks":2,"minecraft:wall_torch":40,"minecraft:cauldron":2,"minecraft:stone_stairs":11,"cobblefordays:tier_2":2,"minecraft:orange_tulip":2,"exnihilosequentia:oak_crucible":1,"minecraft:oak_log":113,"minecraft:sand":2,"minecraft:dirt":12,"minecraft:oak_leaves":707,"exnihilosequentia:infested_leaves":42,"excompressum:compressed_dust":1,"minecraft:stone_button":2,"create:large_cogwheel":5,"minecraft:spruce_leaves":1,"minecraft:rooted_dirt":5,"minecraft:spruce_sapling":1,"minecraft:furnace":4,"minecraft:stripped_oak_log":3,"sophisticatedstorage:iron_barrel":10,"minecraft:stone":2712,"minecraft:flowering_azalea":2,"exnihilosequentia:dust":1,"minecraft:crafting_table":48,"cobblefordays:tier_5":1,"exnihilosequentia:stone_barrel":2,"excompressum:compressed_gravel":208,"bonsaitrees3:bonsaipot":1,"minecraft:cactus":1,"minecraft:sweet_berry_bush":1,"minecraft:cocoa":1,"create:mechanical_crafter":18,"engineersdecor:sign_danger":2},"minecraft:killed":{"minecraft:skeleton":51,"minecraft:zombie":35,"mekanismadditions:baby_skeleton":9,"minecraft:spider":1,"minecraft:zombie_villager":1,"mekanismadditions:baby_creeper":14,"minecraft:creeper":36,"minecraft:slime":5,"blue_skies:infested_swarmer":1},"minecraft:picked_up":{"minecraft:seagrass":25,"minecraft:slime_spawn_egg":1,"storagenetwork:inventory_remote":3,"minecraft:prismarine_shard":45,"exnihilosequentia:oak_crucible":1,"exnihilomekanism:osmium_pieces":32,"minecraft:diamond_sword":1,"minecraft:enchanted_book":1,"exnihilosequentia:andesite_pebble":98,"quark:azalea_log":7,"exnihilosequentia:dark_oak_seeds":4,"minecraft:brewing_stand":3,"create:bar_of_chocolate":2,"exnihilosequentia:flint_mesh":7,"minecraft:string":258,"thermal:tin_ingot":64,"thermal:barley_seeds":4,"create:water_wheel":3,"mysticalagriculture:inferium_essence":26,"exnihilosequentia:oak_sieve":5,"thermal:eggplant":2,"minecraft:written_book":10,"minecraft:enchanted_golden_apple":1,"minecraft:coal_block":26,"thermal:sadiroot_seeds":5,"create:andesite_casing":7,"quark:glowing_glass_item_frame":3,"minecraft:cauldron":3,"thermal:apatite":182,"exnihilosequentia:wooden_crook":2,"minecraft:stone_sword":1,"mekanismadditions:gray_plastic":3,"create:copper_casing":1,"thermal:lead_ingot":64,"excompressum:compressed_sand":7,"minecraft:iron_block":1,"minecraft:water_bucket":1,"minecraft:flint":1250,"exnihilosequentia:gold_pieces":250,"ftbquests:book":1,"sophisticatedstorage:chest":2,"create:shaft":21,"exnihilosequentia:jungle_seeds":7,"minecraft:glowstone_dust":115,"minecraft:moss_block":339,"exnihilosequentia:iron_mesh":1,"mekanismtools:stone_paxel":3,"thermal:gold_plate":3,"thermal:onion_seeds":1,"exnihilosequentia:silkworm":166,"exnihilosequentia:pickle_seeds":6,"thermal:eggplant_seeds":3,"minecraft:granite":4,"exnihilosequentia:silver_pieces":471,"minecraft:bread":1,"minecraft:rooted_dirt":5,"thermal:copper_plate":14,"minecraft:crafting_table":48,"minecraft:nether_wart":24,"minecraft:clay_ball":22,"storagenetwork:request":5,"exnihilosequentia:witch_water_bucket":1,"pamhc2foodcore:carrotcupcakeitem":12,"exnihilosequentia:spruce_seeds":4,"thermal:strawberry":1,"thermal:nickel_ingot":64,"avaritia:compressed_crafting_table":1,"minecraft:cornflower":2,"create:fluid_pipe":7,"minecraft:white_carpet":24,"excompressum:compressed_cobblestone":1,"framedblocks:framed_iron_trapdoor":4,"thermal:niter":115,"minecraft:poppy":26,"supplementaries:rope":16,"create:clutch":3,"exnihilosequentia:zinc_pieces":383,"create:polished_rose_quartz":1,"minecraft:stone":202,"sophisticatedbackpacks:backpack":1,"exnihilosequentia:granite_pebble":77,"minecraft:redstone":258,"exnihilosequentia:pink_coral_larvae":14,"create:brass_casing":7,"minecraft:prismarine_crystals":6,"exnihilosequentia:diamond_mesh":3,"storagenetwork:inventory":5,"exnihilosequentia:mycelium_spores":2,"excompressum:compressed_gravel":224,"minecraft:stone_shovel":4,"exnihilosequentia:carrot_seeds":5,"minecraft:beetroot_seeds":31,"minecraft:gold_ingot":31,"sophisticatedbackpacks:copper_backpack":1,"exnihilosequentia:stone_barrel":2,"rsgauges:sensitive_glass_block":2,"exnihilosequentia:basalt_pebble":99,"minecraft:stripped_oak_log":3,"ae2:fluix_dust":92,"create:brass_sheet":6,"engineersdecor:sign_danger":3,"minecraft:oak_log":124,"exnihilosequentia:iron_pieces":1273,"avaritia:double_compressed_crafting_table":4,"minecraft:paper":7,"exnihilosequentia:aluminum_pieces":392,"minecraft:apple":11,"minecraft:kelp":29,"solcarrot:food_book":2,"minecraft:stone_pickaxe":12,"minecraft:iron_ore":48,"exnihilosequentia:oak_seeds":9,"minecraft:iron_sword":1,"minecraft:flowering_azalea":19,"mcwlights:classic_street_lamp":1,"exnihilosequentia:aluminum_ingot":64,"minecraft:sweet_berries":16,"thermal:strawberry_seeds":2,"minecraft:gravel":6439,"mcwfurnitures:stripped_spruce_lower_bookshelf_drawer":2,"exnihilosequentia:birch_seeds":3,"exnihilosequentia:stone_hammer":11,"minecraft:spruce_sapling":28,"minecraft:spruce_log":75,"exnihilosequentia:yellow_coral_larvae":19,"exnihilosequentia:oak_barrel":6,"quark:cobblestone_bricks":10,"minecraft:slime_ball":5,"quark:azalea_planks_slab":6,"minecraft:stone_axe":2,"storagenetwork:master":1,"exnihilosequentia:sweet_berry_seeds":7,"create:mechanical_pump":5,"minecraft:painting":1,"minecraft:oak_button":39,"pamhc2foodcore:fruitsaladitem":6,"thermal:amaranth_seeds":6,"minecraft:melon_seeds":28,"quark:rope":2,"minecraft:hopper":2,"exnihilosequentia:copper_pieces":521,"minecraft:ender_pearl":3,"storagenetwork:storage_kabel":3,"sophisticatedstorage:iron_barrel":11,"minecraft:wheat":3,"minecraft:redstone_block":23,"create:mechanical_crafter":19,"cobblefordays:tier_5":1,"cobblefordays:tier_3":1,"minecraft:lapis_block":38,"quark:azalea_planks":158,"minecraft:oak_sign":36,"create:sand_paper":3,"create:andesite_funnel":2,"thermal:sulfur":186,"thermal:iron_plate":34,"comforts:sleeping_bag_white":5,"minecraft:bucket":2,"create:mechanical_press":4,"minecraft:cobblestone_slab":110,"blue_skies:bug_guts":1,"minecraft:azalea":28,"minecraft:furnace":4,"minecraft:stick":115,"exnihilosequentia:large_fern_seeds":1,"minecraft:torch":76,"minecraft:dried_kelp":3,"minecraft:vine":61,"create:large_cogwheel":5,"snad:snad":1,"minecraft:cactus":3,"minecraft:rotten_flesh":12,"exnihilosequentia:sugarcane_seeds":4,"rsgauges:industrial_small_lever":3,"minecraft:blaze_powder":110,"minecraft:obsidian":11,"pamhc2foodcore:chocolatecupcakeitem":5,"minecraft:cobblestone":3027,"exnihilosequentia:blackstone_pebble":43,"create:fluid_tank":2,"minecraft:andesite":2,"thermal:onion":1,"exnihilosequentia:string_mesh":5,"pamhc2foodcore:marshmellowsitem":12,"create:belt_connector":4,"excompressum:compressed_hammer_iron":1,"exnihilosequentia:tin_pieces":373,"minecraft:lapis_lazuli":288,"minecraft:dirt":182,"thermal:cooked_eggplant":1,"exnihilosequentia:fired_crucible":2,"minecraft:glass":5,"minecraft:bone":17,"mekanismtools:refined_obsidian_sword":1,"minecraft:orange_tulip":14,"minecraft:bow":1,"minecraft:wheat_seeds":77,"thermal:cooked_corn":9,"exnihilosequentia:crafting_doll":2,"exnihilosequentia:grass_seeds":12,"minecraft:bamboo":7,"minecraft:oak_planks":97,"exnihilosequentia:lead_pieces":417,"minecraft:ghast_tear":2,"create:cogwheel":28,"pamhc2foodcore:freshwateritem":9,"mekanism:enriched_iron":1,"minecraft:sand":1486,"exnihilosequentia:kelp_seeds":40,"buildersdelight:iron_chisel":3,"excompressum:compressed_dust":1,"minecraft:diamond_block":1,"minecraft:mossy_cobblestone":6,"thermal:peanut":1,"pamhc2foodcore:saltitem":1,"minecraft:clay":14,"cobblefordays:tier_2":2,"minecraft:diamond":60,"minecraft:slime_block":2,"rsgauges:industrial_rotary_lever":1,"minecraft:bone_meal":562,"minecraft:golden_apple":8,"minecraft:white_concrete":5,"minecraft:emerald":23,"minecraft:oak_sapling":61,"minecraft:oak_leaves":638,"functionalstorage:oak_1":12,"minecraft:cocoa_beans":13,"minecraft:ladder":32,"bonsaitrees3:bonsaipot":1,"thermal:cinnabar":184,"minecraft:wooden_pickaxe":2,"kubejs:stone_coin":2,"minecraft:oak_trapdoor":19,"minecraft:stone_stairs":20,"minecraft:moss_carpet":111,"thermal:silver_ingot":64,"exnihilosequentia:dust":1120,"exnihilosequentia:potato_seeds":2,"minecraft:blackstone":2,"minecraft:blue_orchid":12,"excompressum:chicken_bait":3,"create:basin":4,"sophisticatedstorage:barrel":3,"thermal:pbj_sandwich":1,"minecraft:sugar_cane":15,"minecraft:dark_oak_sapling":1,"exnihilosequentia:cactus_seeds":3,"minecraft:copper_ingot":20,"exnihilosequentia:uranium_pieces":24,"exnihilosequentia:diorite_pebble":154,"minecraft:stone_button":9,"farmersdelight:fish_stew":1,"create:hand_crank":10,"exnihilosequentia:purple_coral_larvae":14,"supplementaries:candle_holder_green":4,"create:zinc_ingot":42,"exnihilosequentia:nickel_pieces":378,"thermal:peanut_seeds":2,"exnihilosequentia:blue_coral_larvae":18,"minecraft:arrow":32,"ae2:certus_quartz_dust":104,"excompressum:oak_heavy_sieve":2,"twilightforest:experiment_115":2,"excompressum:compressed_flint":64,"create:andesite_alloy":4,"exnihilosequentia:acacia_seeds":2,"minecraft:gunpowder":97,"minecraft:cobblestone_stairs":10,"mekanism:salt":43,"ae2:sky_dust":160,"decorative_blocks:oak_support":4,"minecraft:iron_ingot":96,"thermal:tomato_seeds":3,"minecraft:soul_sand":18,"minecraft:oak_slab":38,"exnihilosequentia:red_coral_larvae":13,"minecraft:quartz":28,"minecraft:dandelion":12,"rftoolsutility:syringe":3,"thermal:green_bean_seeds":1,"quark:oak_chest":45,"minecraft:spider_eye":1,"minecraft:pumpkin_seeds":29,"create:brass_ingot":15,"create:zinc_nugget":6,"mekanism:fluorite_gem":17,"minecraft:mossy_cobblestone_stairs":2,"minecraft:coal":508,"minecraft:sunflower":4},"minecraft:custom":{"minecraft:interact_with_crafting_table":418,"minecraft:open_barrel":74,"minecraft:leave_game":5,"minecraft:time_since_death":77193,"minecraft:play_time":685048,"minecraft:deaths":58,"minecraft:jump":4578,"minecraft:interact_with_furnace":265,"minecraft:sleep_in_bed":2,"minecraft:damage_dealt":7711,"minecraft:inspect_dispenser":1,"minecraft:interact_with_anvil":3,"minecraft:inspect_hopper":23,"minecraft:damage_dealt_absorbed":12,"minecraft:sneak_time":27584,"minecraft:interact_with_lectern":1,"minecraft:total_world_time":685392,"minecraft:time_since_rest":77227,"minecraft:swim_one_cm":2800,"minecraft:fly_one_cm":1029513,"minecraft:open_chest":1167,"minecraft:fall_one_cm":92332,"minecraft:sprint_one_cm":927480,"minecraft:drop":227,"minecraft:interact_with_brewingstand":1,"minecraft:walk_on_water_one_cm":17716,"minecraft:player_kills":40,"minecraft:crouch_one_cm":87919,"minecraft:mob_kills":155,"minecraft:damage_dealt_resisted":385,"minecraft:climb_one_cm":41003,"minecraft:walk_one_cm":1354650,"minecraft:walk_under_water_one_cm":6203,"minecraft:damage_taken":11536},"minecraft:used":{"minecraft:beetroot":1,"minecraft:moss_block":190,"functionalstorage:linking_tool":25,"minecraft:ladder":3,"pamhc2foodcore:carrotcupcakeitem":7,"minecraft:stone":65,"excompressum:compressed_hammer_stone":897,"minecraft:rotten_flesh":6,"excompressum:compressed_flint":2,"twilightforest:experiment_115":1,"create:fluid_tank":6,"minecraft:soul_sand":1,"minecraft:cocoa_beans":1,"create:mechanical_crafter":27,"create:depot":1,"minecraft:lava_bucket":6,"abstoneedition:pebbles":4,"pamhc2foodcore:saltitem":1,"create:andesite_funnel":4,"minecraft:sweet_berries":9,"create:shaft":10,"minecraft:furnace":6,"minecraft:oak_sapling":29,"storagenetwork:storage_kabel":10,"minecraft:cactus":1,"minecraft:wooden_pickaxe":70,"exnihilosequentia:oak_sieve":12,"exnihilosequentia:stone_barrel":3,"minecraft:clay":5,"minecraft:cookie":8,"minecraft:sand":5,"pamhc2foodcore:cheeseitem":1,"supplementaries:candle_holder_green":4,"pamhc2foodcore:freshwateritem":25,"minecraft:stone_button":4,"sophisticatedstorage:chest":3,"create:basin":5,"sophisticatedstorage:diamond_barrel":3,"excompressum:compressed_dust":1,"bonsaitrees3:bonsaipot":1,"minecraft:stone_sword":107,"storagenetwork:request":6,"rsgauges:industrial_small_lever":3,"minecraft:stick":7,"minecraft:torch":118,"minecraft:brewing_stand":2,"minecraft:anvil":1,"storagenetwork:inventory_remote":1,"sophisticatedstorage:iron_barrel":12,"thermal:corn":1,"excompressum:compressed_cobblestone":736,"create:wrench":37,"minecraft:iron_block":2,"minecraft:rooted_dirt":5,"storagenetwork:master":2,"cobblefordays:tier_1":2,"create:fluid_pipe":3,"comforts:sleeping_bag_white":3,"create:belt_connector":2,"excompressum:compressed_gravel":190,"minecraft:water_bucket":25,"storagenetwork:inventory":6,"quark:cobblestone_bricks":77,"mekanismtools:stone_paxel":510,"minecraft:cauldron":2,"avaritia:double_compressed_crafting_table":2,"create:blaze_burner":1,"minecraft:mossy_cobblestone":6,"minecraft:diamond_block":1,"minecraft:vine":12,"minecraft:crafting_table":4,"minecraft:oak_log":14,"minecraft:cornflower":1,"exnihilosequentia:oak_barrel":8,"thermal:cooked_eggplant":1,"minecraft:iron_pickaxe":90,"create:water_wheel":5,"thermal:radish":1,"minecraft:spruce_sapling":7,"excompressum:compressed_hammer_iron":193,"sophisticatedstorage:barrel":3,"minecraft:cobblestone":543,"quark:oak_chest":46,"create:clutch":4,"exnihilosequentia:mycelium_spores":2,"minecraft:stripped_oak_log":3,"create:bar_of_chocolate":1,"minecraft:moss_carpet":2,"engineersdecor:sign_danger":1,"excompressum:compressed_sand":124,"exnihilosequentia:sea_water_bucket":3,"farmersdelight:fish_stew":1,"create:cogwheel":41,"exnihilosequentia:cooked_silkworm":1,"exnihilosequentia:oak_crucible":1,"minecraft:carrot":3,"thermal:cooked_corn":9,"thermal:sadiroot_seeds":1,"pamhc2foodcore:chocolatecupcakeitem":5,"rsgauges:sensitive_glass_block":1,"minecraft:slime_spawn_egg":1,"quark:glowing_glass_item_frame":2,"minecraft:dark_oak_sapling":1,"minecraft:stone_pickaxe":616,"minecraft:oak_planks":3,"minecraft:sugar_cane":6,"pamhc2foodcore:marshmellowsitem":12,"furnacemk2:furnacemk2":3,"quark:azalea_planks":4,"functionalstorage:storage_controller":1,"minecraft:shears":699,"exnihilosequentia:sweet_berry_seeds":3,"cobblefordays:tier_3":1,"minecraft:bread":2,"create:andesite_casing":2,"minecraft:gravel":53,"exnihilosequentia:dust":1,"exnihilosequentia:stone_hammer":1902,"functionalstorage:oak_1":15,"exnihilosequentia:silkworm":5,"minecraft:white_concrete":1,"create:large_cogwheel":11,"minecraft:azalea":1,"avaritia:compressed_crafting_table":1,"minecraft:stone_shovel":205,"thermal:strawberry":1,"minecraft:dried_kelp":4,"storagenetwork:kabel":4,"excompressum:oak_heavy_sieve":3,"functionalstorage:configuration_tool":5,"create:mechanical_pump":7,"minecraft:dirt":59,"create:mechanical_mixer":1,"minecraft:white_carpet":10,"minecraft:hopper":6,"cobblefordays:tier_2":2,"cobblefordays:tier_5":2,"thermal:tomato":1,"exnihilosequentia:andesite_pebble":1,"exnihilosequentia:wooden_crook":107,"thermal:peanut":1,"thermal:eggplant":1,"minecraft:beetroot_soup":1,"exnihilosequentia:fired_crucible":3,"minecraft:cobblestone_stairs":1,"minecraft:cobblestone_slab":26,"minecraft:painting":1,"exnihilosequentia:sugarcane_seeds":4,"minecraft:apple":5,"create:mechanical_press":5,"flopper:flopper":1,"pamhc2foodcore:fruitsaladitem":6,"minecraft:stone_axe":258,"thermal:pbj_sandwich":1,"mcwlights:classic_street_lamp":1,"exnihilosequentia:blackstone_pebble":1,"minecraft:bucket":61,"create:hand_crank":10},"minecraft:crafted":{"minecraft:smooth_stone":15,"excompressum:compressed_flint":2,"excompressum:compressed_cobblestone":735,"exnihilosequentia:unfired_crucible":2,"exnihilosequentia:stone_barrel":1,"minecraft:glass":15,"excompressum:compressed_gravel":675,"create:mechanical_press":1,"exnihilosequentia:raw_aluminum":64,"functionalstorage:configuration_tool":1,"create:cogwheel":3,"supplementaries:flute":1,"minecraft:glass_bottle":3,"storagenetwork:kabel":40,"excompressum:compressed_soul_sand":16,"create:rose_quartz":3,"exnihilosequentia:fired_crucible":2,"minecraft:copper_ingot":37,"create:mechanical_mixer":1,"minecraft:stone_slab":66,"quark:oak_chest":62,"minecraft:iron_pickaxe":1,"minecraft:iron_block":5,"minecraft:gold_ingot":26,"sophisticatedstorage:diamond_barrel":3,"create:large_cogwheel":1,"minecraft:stone_shovel":6,"create:wrench":1,"minecraft:iron_nugget":9,"exnihilosequentia:porcelain_clay":7,"furnacemk2:thermal_core":3,"functionalstorage:linking_tool":1,"quark:cobblestone_bricks":4,"minecraft:stone_pickaxe":5,"exnihilosequentia:raw_silver":64,"minecraft:redstone_block":23,"create:electron_tube":1,"exnihilosequentia:raw_nickel":64,"minecraft:coal_block":26,"excompressum:compressed_hammer_stone":11,"sophisticatedbackpacks:gold_backpack":1,"cobblefordays:tier_3":1,"cobblefordays:tier_5":1,"functionalstorage:diamond_upgrade":1,"storagenetwork:inventory":2,"minecraft:blackstone":14,"minecraft:wooden_axe":1,"storagenetwork:request":1,"functionalstorage:storage_controller":1,"create:shaft":24,"storagenetwork:storage_kabel":8,"exnihilosequentia:string_mesh":8,"minecraft:brick":4,"minecraft:oak_planks":588,"minecraft:cobblestone_slab":24,"minecraft:barrel":6,"sophisticatedstorage:barrel":3,"minecraft:cobblestone_stairs":4,"minecraft:stone":690,"storagenetwork:inventory_remote":3,"furnacemk2:insulation_core":3,"minecraft:hopper":7,"exnihilosequentia:blaze_doll":1,"exnihilosequentia:raw_tin":96,"minecraft:comparator":1,"functionalstorage:gold_upgrade":2,"sophisticatedstorage:gold_barrel":3,"cobblefordays:tier_2":1,"minecraft:dropper":2,"minecraft:oak_slab":36,"furnacemk2:furnacemk2":3,"excompressum:compressed_sand":155,"minecraft:cauldron":1,"minecraft:crafting_table":51,"minecraft:gold_ore":67,"minecraft:wooden_pickaxe":1,"create:fluid_pipe":8,"create:zinc_nugget":27,"furnacemk2:experience_core":2,"storagenetwork:master":4,"mekanismtools:stone_paxel":2,"minecraft:diorite":9,"cobblefordays:tier_1":3,"exnihilosequentia:cooked_silkworm":1,"minecraft:paper":9,"exnihilosequentia:stone_hammer":108,"create:water_wheel":2,"sophisticatedbackpacks:diamond_backpack":1,"minecraft:stick":96,"minecraft:iron_ingot":177,"excompressum:compressed_dirt":9,"minecraft:iron_ore":264,"minecraft:redstone_torch":3,"decorative_blocks:oak_support":3,"minecraft:shears":1,"create:empty_blaze_burner":1,"furnacemk2:crystal_gem_item":1,"excompressum:compressed_dust":124,"minecraft:furnace":8,"minecraft:blast_furnace":3,"bonsaitrees3:bonsaipot":1,"minecraft:diamond_block":1,"exnihilosequentia:oak_sieve":7,"avaritia:compressed_crafting_table":9,"minecraft:slime_ball":9,"exnihilosequentia:raw_lead":64,"create:fluid_tank":4,"create:basin":1,"exnihilosequentia:wooden_crook":1,"functionalstorage:oak_1":9,"sophisticatedstorage:iron_barrel":5,"sophisticatedbackpacks:iron_backpack":2,"create:andesite_alloy":16,"create:hand_crank":1,"exnihilosequentia:oak_barrel":1,"minecraft:copper_ore":49,"minecraft:bucket":2,"minecraft:stone_axe":4,"minecraft:air":527,"avaritia:double_compressed_crafting_table":1,"sophisticatedstorage:chest":1,"exnihilosequentia:dust":9,"functionalstorage:copper_upgrade":2,"create:whisk":1,"minecraft:white_wool":4,"create:mechanical_crafter":9,"exnihilosequentia:raw_zinc":87,"minecraft:anvil":1,"minecraft:andesite":42,"minecraft:torch":12,"create:zinc_ingot":13,"minecraft:lapis_block":38,"cobblefordays:tier_4":1}},"DataVersion":2975}