{"stats":{"minecraft:broken":{"minecraft:stone_pickaxe":2,"exnihilosequentia:stone_hammer":7,"minecraft:stone_axe":1,"minecraft:stone_shovel":1,"minecraft:wooden_pickaxe":1,"excompressum:compressed_hammer_stone":3},"minecraft:dropped":{"minecraft:clay":9,"minecraft:moss_block":2,"minecraft:diamond":1,"exnihilosequentia:jungle_seeds":3,"exnihilosequentia:spruce_seeds":1,"minecraft:flint":3,"minecraft:dirt":3,"avaritia:double_compressed_crafting_table":2,"decorative_blocks:oak_support":3,"minecraft:bone_meal":50,"exnihilosequentia:witch_water_bucket":1,"thermal:peanut_seeds":1,"exnihilosequentia:stone_hammer":1,"ftbquests:book":2,"exnihilosequentia:cactus_seeds":2,"minecraft:stone_axe":2,"minecraft:diamond_block":1,"buildersdelight:iron_chisel":2,"thermal:eggplant_seeds":1,"pamhc2foodcore:cheeseitem":1,"create:bar_of_chocolate":2,"minecraft:beetroot_seeds":7,"minecraft:melon_seeds":7,"exnihilosequentia:carrot_seeds":1,"minecraft:glass":4,"exnihilosequentia:wooden_crook":1,"pamhc2foodcore:carrotcupcakeitem":5,"minecraft:written_book":9,"exnihilosequentia:iron_mesh":1,"create:andesite_alloy":4,"minecraft:iron_ingot":25,"minecraft:bread":1,"thermal:onion_seeds":1,"minecraft:wheat_seeds":12,"rsgauges:industrial_rotary_lever":1,"minecraft:cobblestone":361,"exnihilosequentia:birch_seeds":1,"exnihilosequentia:iron_pieces":3,"minecraft:apple":1,"minecraft:copper_ingot":35,"exnihilosequentia:string_mesh":1,"sophisticatedstorage:iron_barrel":1,"minecraft:torch":100,"minecraft:cactus":2,"minecraft:bucket":3,"minecraft:sweet_berries":1,"create:shaft":7,"pamhc2foodcore:freshwateritem":1,"thermal:strawberry":1,"minecraft:pumpkin_seeds":6,"exnihilosequentia:dark_oak_seeds":1,"exnihilosequentia:diamond_mesh":1,"bonsaitrees3:bonsaipot":1,"exnihilosequentia:grass_seeds":1,"thermal:eggplant":1,"thermal:onion":1,"minecraft:stone_pickaxe":1,"excompressum:compressed_gravel":4},"minecraft:killed_by":{"minecraft:zombie":4,"minecraft:player":32},"minecraft:mined":{"rsgauges:industrial_small_lever":1,"minecraft:oak_sapling":1,"quark:azalea_log":1,"quark:azalea_planks":19,"create:andesite_casing":1,"minecraft:brewing_stand":2,"minecraft:cave_vines_plant":2,"exnihilosequentia:oak_sieve":1,"minecraft:grass_block":79,"minecraft:white_concrete":3,"minecraft:mossy_cobblestone_stairs":1,"mcwlights:classic_street_lamp":1,"framedblocks:framed_iron_trapdoor":2,"minecraft:moss_carpet":8,"exnihilosequentia:oak_barrel":3,"minecraft:cave_vines":9,"minecraft:dirt_path":5,"minecraft:azalea_leaves":1,"minecraft:azalea":2,"create:mechanical_press":3,"excompressum:compressed_sand":24,"create:cogwheel":12,"avaritia:compressed_crafting_table":1,"minecraft:clay":5,"minecraft:torch":16,"quark:cobblestone_bricks":9,"rsgauges:sensitive_glass_block":1,"minecraft:poppy":2,"excompressum:compressed_cobblestone":331,"cobblefordays:tier_3":1,"minecraft:cobblestone":184,"minecraft:slime_block":1,"minecraft:sugar_cane":5,"minecraft:oak_planks":1,"minecraft:wall_torch":35,"minecraft:cauldron":2,"create:basin":2,"minecraft:stone_stairs":11,"avaritia:double_compressed_crafting_table":2,"cobblefordays:tier_2":2,"minecraft:orange_tulip":2,"minecraft:grass":61,"exnihilosequentia:oak_crucible":1,"minecraft:oak_log":43,"minecraft:dark_oak_sapling":1,"create:hand_crank":1,"minecraft:sand":2,"minecraft:dirt":11,"minecraft:oak_leaves":69,"exnihilosequentia:infested_leaves":42,"minecraft:mossy_cobblestone":7,"create:fluid_tank":2,"functionalstorage:oak_1":4,"minecraft:stone_button":2,"create:large_cogwheel":5,"minecraft:moss_block":225,"minecraft:rooted_dirt":5,"create:shaft":4,"minecraft:furnace":4,"minecraft:diamond_block":1,"minecraft:cobblestone_slab":1,"minecraft:vine":58,"sophisticatedstorage:iron_barrel":5,"minecraft:stone":2219,"minecraft:flowering_azalea":2,"quark:oak_chest":9,"exnihilosequentia:dust":1,"minecraft:dandelion":2,"minecraft:crafting_table":48,"create:fluid_pipe":1,"create:mechanical_pump":4,"create:water_wheel":3,"exnihilosequentia:fired_crucible":1,"excompressum:compressed_gravel":76,"minecraft:tall_grass":26,"mcwfurnitures:stripped_spruce_lower_bookshelf_drawer":2,"bonsaitrees3:bonsaipot":1,"minecraft:cactus":1,"sophisticatedstorage:barrel":3,"minecraft:sweet_berry_bush":1,"minecraft:sunflower":1,"minecraft:gravel":10,"engineersdecor:sign_danger":2},"minecraft:killed":{"minecraft:zombie":1,"blue_skies:infested_swarmer":1},"minecraft:picked_up":{"sophisticatedstorage:iron_barrel":6,"exnihilosequentia:oak_crucible":1,"cobblefordays:tier_3":1,"exnihilosequentia:andesite_pebble":16,"exnihilosequentia:dark_oak_seeds":2,"minecraft:brewing_stand":3,"create:bar_of_chocolate":2,"exnihilosequentia:flint_mesh":7,"minecraft:string":128,"quark:azalea_planks":44,"thermal:barley_seeds":4,"create:water_wheel":3,"thermal:sulfur":27,"minecraft:bucket":1,"mysticalagriculture:inferium_essence":4,"create:mechanical_press":3,"exnihilosequentia:oak_sieve":1,"minecraft:written_book":5,"thermal:eggplant":2,"minecraft:cobblestone_slab":1,"minecraft:azalea":28,"minecraft:enchanted_golden_apple":1,"minecraft:furnace":4,"minecraft:stick":38,"minecraft:torch":66,"thermal:sadiroot_seeds":5,"create:andesite_casing":1,"quark:glowing_glass_item_frame":2,"minecraft:cauldron":2,"thermal:apatite":26,"create:large_cogwheel":5,"exnihilosequentia:wooden_crook":1,"snad:snad":1,"minecraft:cactus":3,"minecraft:rotten_flesh":6,"minecraft:blaze_powder":6,"rsgauges:industrial_small_lever":2,"minecraft:cobblestone":2798,"exnihilosequentia:blackstone_pebble":10,"create:fluid_tank":2,"minecraft:water_bucket":1,"exnihilosequentia:string_mesh":3,"thermal:onion":1,"minecraft:flint":501,"exnihilosequentia:gold_pieces":111,"exnihilosequentia:tin_pieces":160,"minecraft:lapis_lazuli":123,"minecraft:dirt":178,"exnihilosequentia:fired_crucible":1,"minecraft:bone":2,"minecraft:wheat_seeds":35,"minecraft:orange_tulip":14,"ftbquests:book":1,"exnihilosequentia:grass_seeds":9,"create:shaft":11,"exnihilosequentia:jungle_seeds":4,"minecraft:glowstone_dust":15,"minecraft:moss_block":293,"minecraft:oak_planks":95,"exnihilosequentia:lead_pieces":131,"exnihilosequentia:iron_mesh":1,"create:cogwheel":12,"mekanismtools:stone_paxel":1,"pamhc2foodcore:freshwateritem":9,"minecraft:sand":503,"buildersdelight:iron_chisel":2,"minecraft:diamond_block":1,"thermal:onion_seeds":1,"exnihilosequentia:silkworm":50,"minecraft:mossy_cobblestone":6,"thermal:peanut":1,"minecraft:clay":14,"minecraft:slime_block":2,"minecraft:diamond":35,"cobblefordays:tier_2":2,"thermal:eggplant_seeds":3,"rsgauges:industrial_rotary_lever":1,"exnihilosequentia:silver_pieces":159,"minecraft:bone_meal":60,"minecraft:golden_apple":8,"minecraft:white_concrete":3,"minecraft:emerald":5,"minecraft:bread":1,"minecraft:rooted_dirt":5,"thermal:copper_plate":13,"minecraft:oak_sapling":49,"functionalstorage:oak_1":5,"minecraft:cocoa_beans":10,"minecraft:crafting_table":48,"minecraft:clay_ball":20,"bonsaitrees3:bonsaipot":1,"thermal:cinnabar":24,"minecraft:wooden_pickaxe":1,"exnihilosequentia:witch_water_bucket":1,"pamhc2foodcore:carrotcupcakeitem":12,"exnihilosequentia:spruce_seeds":2,"thermal:strawberry":1,"avaritia:compressed_crafting_table":1,"minecraft:cornflower":1,"minecraft:stone_stairs":10,"minecraft:moss_carpet":65,"create:fluid_pipe":1,"exnihilosequentia:dust":220,"minecraft:white_carpet":12,"minecraft:blue_orchid":8,"excompressum:compressed_cobblestone":1,"framedblocks:framed_iron_trapdoor":2,"excompressum:chicken_bait":2,"thermal:niter":21,"create:basin":2,"minecraft:poppy":26,"sophisticatedstorage:barrel":3,"minecraft:sugar_cane":5,"exnihilosequentia:zinc_pieces":173,"minecraft:dark_oak_sapling":1,"exnihilosequentia:cactus_seeds":3,"minecraft:stone":2,"minecraft:copper_ingot":16,"minecraft:stone_button":7,"exnihilosequentia:diorite_pebble":18,"farmersdelight:fish_stew":1,"create:hand_crank":3,"exnihilosequentia:granite_pebble":10,"minecraft:redstone":37,"supplementaries:candle_holder_green":4,"exnihilosequentia:nickel_pieces":138,"thermal:peanut_seeds":2,"exnihilosequentia:mycelium_spores":1,"excompressum:compressed_gravel":27,"minecraft:arrow":6,"minecraft:stone_shovel":1,"exnihilosequentia:carrot_seeds":1,"minecraft:beetroot_seeds":14,"rsgauges:sensitive_glass_block":1,"exnihilosequentia:basalt_pebble":16,"ae2:fluix_dust":1,"twilightforest:experiment_115":2,"engineersdecor:sign_danger":2,"minecraft:oak_log":54,"create:andesite_alloy":4,"exnihilosequentia:iron_pieces":623,"minecraft:gunpowder":8,"avaritia:double_compressed_crafting_table":3,"exnihilosequentia:aluminum_pieces":132,"minecraft:apple":11,"decorative_blocks:oak_support":3,"minecraft:iron_ingot":24,"thermal:tomato_seeds":3,"exnihilosequentia:oak_seeds":2,"minecraft:flowering_azalea":10,"mcwlights:classic_street_lamp":1,"minecraft:sweet_berries":7,"thermal:strawberry_seeds":2,"minecraft:dandelion":12,"rftoolsutility:syringe":2,"minecraft:gravel":3104,"mcwfurnitures:stripped_spruce_lower_bookshelf_drawer":2,"exnihilosequentia:stone_hammer":3,"exnihilosequentia:birch_seeds":1,"thermal:green_bean_seeds":1,"quark:oak_chest":9,"exnihilosequentia:oak_barrel":3,"quark:cobblestone_bricks":10,"minecraft:pumpkin_seeds":14,"minecraft:stone_axe":2,"exnihilosequentia:sweet_berry_seeds":3,"create:mechanical_pump":4,"minecraft:painting":1,"minecraft:mossy_cobblestone_stairs":1,"minecraft:melon_seeds":14,"thermal:amaranth_seeds":6,"minecraft:coal":298,"exnihilosequentia:copper_pieces":163,"minecraft:sunflower":4,"minecraft:ender_pearl":2},"minecraft:custom":{"minecraft:interact_with_crafting_table":259,"minecraft:open_barrel":32,"minecraft:leave_game":4,"minecraft:time_since_death":33999,"minecraft:sprint_one_cm":546462,"minecraft:drop":114,"minecraft:play_time":427175,"minecraft:deaths":53,"minecraft:jump":2666,"minecraft:interact_with_brewingstand":1,"minecraft:walk_on_water_one_cm":9224,"minecraft:interact_with_furnace":197,"minecraft:damage_dealt":2449,"minecraft:player_kills":18,"minecraft:crouch_one_cm":52225,"minecraft:inspect_dispenser":1,"minecraft:mob_kills":4,"minecraft:inspect_hopper":8,"minecraft:climb_one_cm":12785,"minecraft:walk_one_cm":880660,"minecraft:sneak_time":16450,"minecraft:walk_under_water_one_cm":4900,"minecraft:interact_with_lectern":1,"minecraft:total_world_time":427519,"minecraft:time_since_rest":34026,"minecraft:damage_taken":9153,"minecraft:swim_one_cm":2800,"minecraft:fly_one_cm":573321,"minecraft:open_chest":679,"minecraft:fall_one_cm":69407},"minecraft:used":{"minecraft:moss_block":185,"minecraft:moss_carpet":1,"engineersdecor:sign_danger":1,"pamhc2foodcore:carrotcupcakeitem":7,"minecraft:stone":51,"excompressum:compressed_hammer_stone":387,"excompressum:compressed_sand":24,"excompressum:compressed_flint":2,"twilightforest:experiment_115":1,"exnihilosequentia:sea_water_bucket":3,"create:fluid_tank":6,"farmersdelight:fish_stew":1,"create:cogwheel":22,"exnihilosequentia:cooked_silkworm":1,"exnihilosequentia:oak_crucible":1,"minecraft:carrot":1,"thermal:sadiroot_seeds":1,"minecraft:lava_bucket":1,"abstoneedition:pebbles":4,"rsgauges:sensitive_glass_block":1,"minecraft:sweet_berries":6,"create:shaft":5,"minecraft:oak_sapling":15,"minecraft:furnace":6,"quark:glowing_glass_item_frame":2,"minecraft:dark_oak_sapling":1,"minecraft:stone_pickaxe":266,"minecraft:oak_planks":1,"minecraft:cactus":1,"minecraft:wooden_pickaxe":70,"minecraft:clay":5,"exnihilosequentia:oak_sieve":8,"minecraft:sugar_cane":5,"furnacemk2:furnacemk2":3,"minecraft:sand":2,"quark:azalea_planks":4,"exnihilosequentia:sweet_berry_seeds":3,"cobblefordays:tier_3":1,"supplementaries:candle_holder_green":4,"pamhc2foodcore:cheeseitem":1,"minecraft:bread":2,"pamhc2foodcore:freshwateritem":23,"minecraft:stone_button":4,"minecraft:gravel":52,"exnihilosequentia:dust":1,"create:basin":3,"exnihilosequentia:stone_hammer":1902,"functionalstorage:oak_1":7,"sophisticatedstorage:diamond_barrel":1,"exnihilosequentia:silkworm":5,"minecraft:white_concrete":1,"create:large_cogwheel":11,"bonsaitrees3:bonsaipot":1,"minecraft:azalea":1,"minecraft:stone_sword":16,"avaritia:compressed_crafting_table":1,"minecraft:stone_shovel":205,"excompressum:oak_heavy_sieve":1,"rsgauges:industrial_small_lever":1,"minecraft:torch":103,"minecraft:dirt":57,"minecraft:brewing_stand":2,"create:mechanical_pump":6,"minecraft:hopper":2,"cobblefordays:tier_2":2,"sophisticatedstorage:iron_barrel":9,"cobblefordays:tier_5":1,"excompressum:compressed_cobblestone":331,"minecraft:iron_block":1,"minecraft:rooted_dirt":5,"cobblefordays:tier_1":2,"exnihilosequentia:wooden_crook":107,"thermal:peanut":1,"create:fluid_pipe":3,"thermal:eggplant":1,"excompressum:compressed_gravel":78,"exnihilosequentia:fired_crucible":3,"minecraft:water_bucket":13,"quark:cobblestone_bricks":74,"mekanismtools:stone_paxel":102,"minecraft:cauldron":2,"avaritia:double_compressed_crafting_table":1,"minecraft:cobblestone_slab":4,"minecraft:mossy_cobblestone":6,"minecraft:diamond_block":1,"minecraft:crafting_table":4,"minecraft:painting":1,"minecraft:oak_log":2,"exnihilosequentia:oak_barrel":4,"exnihilosequentia:sugarcane_seeds":4,"minecraft:cornflower":1,"minecraft:apple":5,"create:mechanical_press":4,"minecraft:iron_pickaxe":13,"create:water_wheel":5,"minecraft:stone_axe":210,"excompressum:compressed_hammer_iron":191,"sophisticatedstorage:barrel":3,"minecraft:cobblestone":527,"mcwlights:classic_street_lamp":1,"exnihilosequentia:blackstone_pebble":1,"minecraft:bucket":35,"quark:oak_chest":38,"create:hand_crank":4,"exnihilosequentia:mycelium_spores":1,"create:bar_of_chocolate":1},"minecraft:crafted":{"minecraft:brick":4,"minecraft:smooth_stone":15,"minecraft:oak_planks":532,"minecraft:cobblestone_slab":6,"excompressum:compressed_flint":2,"minecraft:barrel":6,"excompressum:compressed_cobblestone":330,"sophisticatedstorage:barrel":3,"minecraft:stone":384,"exnihilosequentia:unfired_crucible":2,"furnacemk2:insulation_core":3,"minecraft:glass":15,"minecraft:hopper":4,"excompressum:compressed_gravel":271,"create:mechanical_press":1,"functionalstorage:gold_upgrade":2,"create:cogwheel":1,"sophisticatedstorage:gold_barrel":1,"cobblefordays:tier_2":1,"minecraft:glass_bottle":3,"minecraft:oak_slab":30,"furnacemk2:furnacemk2":3,"excompressum:compressed_sand":53,"minecraft:cauldron":1,"minecraft:crafting_table":37,"minecraft:gold_ore":26,"minecraft:wooden_pickaxe":1,"create:fluid_pipe":8,"create:zinc_nugget":27,"exnihilosequentia:fired_crucible":2,"minecraft:copper_ingot":37,"furnacemk2:experience_core":2,"minecraft:diorite":9,"cobblefordays:tier_1":3,"exnihilosequentia:cooked_silkworm":1,"exnihilosequentia:stone_hammer":35,"create:water_wheel":2,"minecraft:stick":88,"quark:oak_chest":46,"minecraft:iron_ingot":154,"minecraft:iron_pickaxe":1,"excompressum:compressed_dirt":2,"minecraft:iron_block":2,"minecraft:iron_ore":154,"minecraft:gold_ingot":26,"sophisticatedstorage:diamond_barrel":1,"create:large_cogwheel":1,"minecraft:redstone_torch":3,"decorative_blocks:oak_support":3,"furnacemk2:crystal_gem_item":1,"excompressum:compressed_dust":24,"minecraft:stone_shovel":3,"exnihilosequentia:porcelain_clay":7,"minecraft:blast_furnace":3,"minecraft:furnace":8,"furnacemk2:thermal_core":1,"bonsaitrees3:bonsaipot":1,"minecraft:diamond_block":1,"exnihilosequentia:oak_sieve":7,"avaritia:compressed_crafting_table":9,"quark:cobblestone_bricks":4,"minecraft:slime_ball":9,"minecraft:stone_pickaxe":3,"create:fluid_tank":4,"create:basin":1,"exnihilosequentia:wooden_crook":1,"functionalstorage:oak_1":5,"sophisticatedstorage:iron_barrel":5,"excompressum:compressed_hammer_stone":3,"create:andesite_alloy":13,"create:hand_crank":1,"exnihilosequentia:oak_barrel":1,"minecraft:copper_ore":37,"minecraft:bucket":2,"minecraft:stone_axe":2,"cobblefordays:tier_5":1,"minecraft:air":258,"cobblefordays:tier_3":1,"avaritia:double_compressed_crafting_table":1,"exnihilosequentia:dust":9,"functionalstorage:diamond_upgrade":1,"functionalstorage:copper_upgrade":2,"minecraft:blackstone":6,"minecraft:wooden_axe":1,"exnihilosequentia:raw_zinc":13,"create:shaft":16,"minecraft:andesite":26,"minecraft:torch":12,"create:zinc_ingot":13,"cobblefordays:tier_4":1,"exnihilosequentia:string_mesh":7}},"DataVersion":2975}