{"stats":{"minecraft:crafted":{"minecraft:oak_planks":132,"minecraft:stone_shovel":2,"excompressum:compressed_flint":2,"excompressum:compressed_cobblestone":129,"minecraft:furnace":1,"minecraft:stone":40,"exnihilosequentia:oak_sieve":7,"excompressum:compressed_gravel":64,"quark:cobblestone_bricks":4,"minecraft:stone_pickaxe":1,"exnihilosequentia:wooden_crook":1,"functionalstorage:oak_1":2,"minecraft:oak_slab":6,"excompressum:compressed_hammer_stone":1,"exnihilosequentia:oak_barrel":1,"minecraft:wooden_pickaxe":1,"minecraft:stone_axe":1,"minecraft:air":37,"exnihilosequentia:cooked_silkworm":1,"exnihilosequentia:stone_hammer":16,"minecraft:stick":32,"quark:oak_chest":7,"minecraft:iron_ingot":15,"minecraft:iron_block":1,"minecraft:iron_ore":15,"decorative_blocks:oak_support":3,"minecraft:torch":12,"exnihilosequentia:string_mesh":7},"minecraft:dropped":{"minecraft:iron_ingot":25,"minecraft:bread":1,"minecraft:moss_block":2,"minecraft:diamond":1,"minecraft:cobblestone":124,"minecraft:apple":1,"exnihilosequentia:string_mesh":1,"minecraft:flint":3,"decorative_blocks:oak_support":3,"thermal:peanut_seeds":1,"exnihilosequentia:stone_hammer":1,"ftbquests:book":2,"minecraft:stone_axe":2,"buildersdelight:iron_chisel":2,"pamhc2foodcore:cheeseitem":1,"create:bar_of_chocolate":2,"exnihilosequentia:wooden_crook":1,"minecraft:written_book":4},"minecraft:killed":{"blue_skies:infested_swarmer":1,"minecraft:zombie":1},"minecraft:killed_by":{"minecraft:player":26,"minecraft:zombie":4},"minecraft:mined":{"minecraft:oak_sapling":1,"quark:azalea_log":1,"minecraft:mossy_cobblestone":5,"quark:azalea_planks":19,"functionalstorage:oak_1":1,"minecraft:brewing_stand":1,"minecraft:cave_vines_plant":1,"minecraft:stone_button":2,"exnihilosequentia:oak_sieve":1,"minecraft:grass_block":79,"minecraft:white_concrete":3,"minecraft:moss_block":202,"minecraft:mossy_cobblestone_stairs":1,"framedblocks:framed_iron_trapdoor":2,"minecraft:moss_carpet":8,"exnihilosequentia:oak_barrel":1,"minecraft:cave_vines":8,"minecraft:vine":39,"minecraft:azalea_leaves":1,"minecraft:azalea":2,"minecraft:stone":2035,"minecraft:flowering_azalea":2,"quark:oak_chest":2,"exnihilosequentia:dust":1,"minecraft:dandelion":2,"minecraft:crafting_table":3,"minecraft:torch":10,"quark:cobblestone_bricks":1,"rsgauges:sensitive_glass_block":1,"minecraft:poppy":2,"excompressum:compressed_cobblestone":130,"minecraft:tall_grass":26,"minecraft:cobblestone":84,"minecraft:slime_block":1,"mcwfurnitures:stripped_spruce_lower_bookshelf_drawer":2,"minecraft:oak_planks":1,"minecraft:wall_torch":6,"minecraft:stone_stairs":11,"minecraft:orange_tulip":2,"exnihilosequentia:oak_crucible":1,"minecraft:grass":61,"minecraft:oak_log":42,"minecraft:gravel":4,"minecraft:sunflower":1,"minecraft:sand":1,"minecraft:dirt":1,"engineersdecor:sign_danger":2,"minecraft:oak_leaves":69,"exnihilosequentia:infested_leaves":42},"minecraft:custom":{"minecraft:mob_kills":4,"minecraft:interact_with_crafting_table":62,"minecraft:open_barrel":5,"minecraft:leave_game":3,"minecraft:time_since_death":9488,"minecraft:climb_one_cm":1178,"minecraft:sprint_one_cm":219211,"minecraft:walk_one_cm":453805,"minecraft:drop":32,"minecraft:play_time":209746,"minecraft:deaths":47,"minecraft:sneak_time":10402,"minecraft:interact_with_lectern":1,"minecraft:jump":913,"minecraft:total_world_time":210090,"minecraft:interact_with_furnace":26,"minecraft:time_since_rest":9515,"minecraft:damage_taken":7397,"minecraft:damage_dealt":1865,"minecraft:fly_one_cm":160970,"minecraft:player_kills":13,"minecraft:open_chest":173,"minecraft:crouch_one_cm":34835,"minecraft:fall_one_cm":51587,"minecraft:inspect_dispenser":1},"minecraft:broken":{"minecraft:wooden_pickaxe":1,"minecraft:stone_pickaxe":1,"exnihilosequentia:stone_hammer":7,"excompressum:compressed_hammer_stone":1,"minecraft:stone_shovel":1},"minecraft:used":{"minecraft:azalea":1,"minecraft:moss_block":184,"engineersdecor:sign_danger":1,"minecraft:stone_sword":9,"minecraft:stone_shovel":161,"minecraft:stone":2,"excompressum:oak_heavy_sieve":1,"excompressum:compressed_hammer_stone":125,"excompressum:compressed_flint":2,"minecraft:torch":68,"minecraft:dirt":56,"exnihilosequentia:cooked_silkworm":1,"exnihilosequentia:oak_crucible":1,"excompressum:compressed_cobblestone":130,"abstoneedition:pebbles":4,"minecraft:iron_block":1,"rsgauges:sensitive_glass_block":1,"exnihilosequentia:wooden_crook":107,"minecraft:oak_sapling":13,"minecraft:furnace":1,"excompressum:compressed_gravel":3,"quark:cobblestone_bricks":1,"minecraft:stone_pickaxe":134,"minecraft:wooden_pickaxe":63,"exnihilosequentia:oak_sieve":8,"minecraft:mossy_cobblestone":4,"minecraft:sand":1,"quark:azalea_planks":4,"minecraft:crafting_table":3,"minecraft:painting":1,"minecraft:cornflower":1,"minecraft:apple":5,"exnihilosequentia:oak_barrel":2,"pamhc2foodcore:freshwateritem":2,"pamhc2foodcore:cheeseitem":1,"supplementaries:candle_holder_green":4,"minecraft:bread":2,"minecraft:stone_button":4,"minecraft:gravel":4,"exnihilosequentia:dust":1,"excompressum:compressed_hammer_iron":106,"minecraft:stone_axe":126,"minecraft:cobblestone":397,"exnihilosequentia:stone_hammer":1878,"functionalstorage:oak_1":4,"quark:oak_chest":7,"exnihilosequentia:silkworm":5,"minecraft:white_concrete":1,"create:bar_of_chocolate":1},"minecraft:picked_up":{"functionalstorage:oak_1":2,"minecraft:cocoa_beans":2,"minecraft:crafting_table":3,"exnihilosequentia:oak_crucible":1,"minecraft:brewing_stand":2,"create:bar_of_chocolate":2,"minecraft:stone_stairs":10,"minecraft:cornflower":1,"exnihilosequentia:flint_mesh":7,"quark:azalea_planks":44,"minecraft:moss_carpet":64,"minecraft:string":128,"exnihilosequentia:dust":3,"thermal:barley_seeds":4,"minecraft:white_carpet":12,"minecraft:blue_orchid":8,"mysticalagriculture:inferium_essence":4,"exnihilosequentia:oak_sieve":1,"framedblocks:framed_iron_trapdoor":2,"excompressum:compressed_cobblestone":1,"excompressum:chicken_bait":1,"minecraft:written_book":5,"minecraft:azalea":28,"minecraft:poppy":12,"minecraft:enchanted_golden_apple":1,"exnihilosequentia:zinc_pieces":14,"minecraft:stick":38,"minecraft:stone":2,"thermal:sadiroot_seeds":4,"minecraft:torch":24,"minecraft:stone_button":6,"supplementaries:candle_holder_green":4,"exnihilosequentia:nickel_pieces":14,"exnihilosequentia:wooden_crook":1,"thermal:peanut_seeds":2,"snad:snad":1,"excompressum:compressed_gravel":1,"minecraft:arrow":6,"minecraft:rotten_flesh":5,"rsgauges:sensitive_glass_block":1,"rsgauges:industrial_small_lever":1,"minecraft:cobblestone":2060,"twilightforest:experiment_115":2,"engineersdecor:sign_danger":2,"exnihilosequentia:string_mesh":3,"minecraft:flint":181,"minecraft:oak_log":53,"exnihilosequentia:iron_pieces":138,"exnihilosequentia:gold_pieces":8,"minecraft:lapis_lazuli":13,"exnihilosequentia:tin_pieces":16,"minecraft:dirt":154,"minecraft:bone":2,"exnihilosequentia:aluminum_pieces":18,"minecraft:apple":11,"minecraft:orange_tulip":9,"minecraft:wheat_seeds":9,"decorative_blocks:oak_support":3,"ftbquests:book":1,"minecraft:iron_ingot":15,"thermal:tomato_seeds":3,"minecraft:moss_block":272,"minecraft:oak_planks":1,"minecraft:flowering_azalea":10,"exnihilosequentia:lead_pieces":13,"exnihilosequentia:iron_mesh":1,"thermal:strawberry_seeds":2,"pamhc2foodcore:freshwateritem":3,"minecraft:dandelion":12,"rftoolsutility:syringe":2,"minecraft:gravel":1225,"mcwfurnitures:stripped_spruce_lower_bookshelf_drawer":2,"minecraft:sand":4,"exnihilosequentia:stone_hammer":3,"buildersdelight:iron_chisel":2,"thermal:green_bean_seeds":1,"exnihilosequentia:oak_barrel":1,"minecraft:mossy_cobblestone":4,"quark:oak_chest":2,"exnihilosequentia:silkworm":50,"quark:cobblestone_bricks":4,"minecraft:diamond":4,"minecraft:stone_axe":2,"minecraft:slime_block":2,"exnihilosequentia:silver_pieces":15,"rsgauges:industrial_rotary_lever":1,"thermal:eggplant_seeds":2,"minecraft:painting":1,"minecraft:mossy_cobblestone_stairs":1,"minecraft:golden_apple":8,"minecraft:white_concrete":3,"minecraft:bread":1,"minecraft:oak_sapling":39,"thermal:amaranth_seeds":4,"exnihilosequentia:copper_pieces":12,"minecraft:coal":71,"minecraft:ender_pearl":2,"minecraft:sunflower":2}},"DataVersion":2975}