{"stats":{"minecraft:crafted":{"minecraft:oak_planks":132,"minecraft:stone_shovel":2,"excompressum:compressed_flint":2,"excompressum:compressed_cobblestone":65,"minecraft:furnace":1,"minecraft:stone":28,"exnihilosequentia:oak_sieve":7,"quark:cobblestone_bricks":4,"minecraft:stone_pickaxe":1,"exnihilosequentia:wooden_crook":1,"functionalstorage:oak_1":2,"minecraft:oak_slab":6,"excompressum:compressed_hammer_stone":1,"exnihilosequentia:oak_barrel":1,"minecraft:wooden_pickaxe":1,"minecraft:stone_axe":1,"minecraft:air":17,"exnihilosequentia:cooked_silkworm":1,"exnihilosequentia:stone_hammer":12,"minecraft:stick":32,"quark:oak_chest":7,"minecraft:iron_ingot":15,"minecraft:iron_block":1,"minecraft:iron_ore":15,"decorative_blocks:oak_support":3,"minecraft:torch":4,"exnihilosequentia:string_mesh":7},"minecraft:dropped":{"minecraft:iron_ingot":25,"minecraft:bread":1,"minecraft:moss_block":2,"minecraft:cobblestone":124,"minecraft:apple":1,"exnihilosequentia:string_mesh":1,"minecraft:flint":3,"decorative_blocks:oak_support":3,"thermal:peanut_seeds":1,"exnihilosequentia:stone_hammer":1,"ftbquests:book":2,"minecraft:stone_axe":1,"buildersdelight:iron_chisel":2,"pamhc2foodcore:cheeseitem":1,"create:bar_of_chocolate":2,"exnihilosequentia:wooden_crook":1,"minecraft:written_book":4},"minecraft:killed":{"blue_skies:infested_swarmer":1,"minecraft:zombie":1},"minecraft:killed_by":{"minecraft:player":14,"minecraft:zombie":4},"minecraft:mined":{"minecraft:oak_sapling":1,"quark:azalea_log":1,"minecraft:mossy_cobblestone":3,"functionalstorage:oak_1":1,"minecraft:brewing_stand":1,"minecraft:cave_vines_plant":1,"exnihilosequentia:oak_sieve":1,"minecraft:grass_block":79,"minecraft:white_concrete":1,"minecraft:moss_block":187,"minecraft:moss_carpet":8,"exnihilosequentia:oak_barrel":1,"minecraft:cave_vines":7,"minecraft:vine":33,"minecraft:azalea_leaves":1,"minecraft:azalea":2,"minecraft:stone":990,"minecraft:flowering_azalea":2,"quark:oak_chest":2,"exnihilosequentia:dust":1,"minecraft:dandelion":2,"minecraft:crafting_table":3,"minecraft:torch":4,"quark:cobblestone_bricks":1,"rsgauges:sensitive_glass_block":1,"minecraft:poppy":2,"excompressum:compressed_cobblestone":66,"minecraft:tall_grass":26,"minecraft:cobblestone":9,"minecraft:slime_block":1,"minecraft:oak_planks":1,"minecraft:orange_tulip":2,"exnihilosequentia:oak_crucible":1,"minecraft:grass":61,"minecraft:oak_log":42,"minecraft:gravel":3,"minecraft:sunflower":1,"minecraft:sand":1,"minecraft:dirt":1,"engineersdecor:sign_danger":1,"minecraft:oak_leaves":69,"exnihilosequentia:infested_leaves":42},"minecraft:custom":{"minecraft:mob_kills":4,"minecraft:interact_with_crafting_table":53,"minecraft:open_barrel":4,"minecraft:leave_game":3,"minecraft:time_since_death":6084,"minecraft:climb_one_cm":457,"minecraft:sprint_one_cm":143625,"minecraft:walk_one_cm":313655,"minecraft:drop":30,"minecraft:play_time":173746,"minecraft:deaths":32,"minecraft:sneak_time":8216,"minecraft:interact_with_lectern":1,"minecraft:jump":593,"minecraft:total_world_time":174090,"minecraft:interact_with_furnace":22,"minecraft:time_since_rest":6111,"minecraft:damage_taken":4830,"minecraft:damage_dealt":1107,"minecraft:fly_one_cm":105485,"minecraft:player_kills":6,"minecraft:open_chest":120,"minecraft:crouch_one_cm":29361,"minecraft:fall_one_cm":40739,"minecraft:inspect_dispenser":1},"minecraft:broken":{"minecraft:wooden_pickaxe":1,"minecraft:stone_pickaxe":1,"exnihilosequentia:stone_hammer":3,"minecraft:stone_shovel":1},"minecraft:used":{"minecraft:azalea":1,"minecraft:moss_block":169,"engineersdecor:sign_danger":1,"minecraft:stone_sword":6,"minecraft:stone_shovel":161,"minecraft:stone":1,"excompressum:compressed_hammer_stone":68,"excompressum:compressed_flint":2,"minecraft:torch":20,"exnihilosequentia:cooked_silkworm":1,"exnihilosequentia:oak_crucible":1,"excompressum:compressed_cobblestone":66,"abstoneedition:pebbles":4,"minecraft:iron_block":1,"rsgauges:sensitive_glass_block":1,"exnihilosequentia:wooden_crook":107,"minecraft:oak_sapling":13,"minecraft:furnace":1,"quark:cobblestone_bricks":1,"minecraft:stone_pickaxe":134,"minecraft:wooden_pickaxe":59,"exnihilosequentia:oak_sieve":8,"minecraft:mossy_cobblestone":3,"minecraft:sand":1,"minecraft:crafting_table":3,"minecraft:painting":1,"minecraft:cornflower":1,"minecraft:apple":2,"exnihilosequentia:oak_barrel":2,"pamhc2foodcore:cheeseitem":1,"supplementaries:candle_holder_green":4,"minecraft:bread":1,"minecraft:stone_button":4,"minecraft:gravel":3,"exnihilosequentia:dust":1,"excompressum:compressed_hammer_iron":89,"minecraft:stone_axe":123,"minecraft:cobblestone":296,"exnihilosequentia:stone_hammer":739,"functionalstorage:oak_1":4,"quark:oak_chest":5,"exnihilosequentia:silkworm":5,"minecraft:white_concrete":1,"create:bar_of_chocolate":1},"minecraft:picked_up":{"functionalstorage:oak_1":2,"minecraft:cocoa_beans":2,"minecraft:crafting_table":3,"exnihilosequentia:oak_crucible":1,"minecraft:brewing_stand":2,"create:bar_of_chocolate":2,"minecraft:cornflower":1,"exnihilosequentia:flint_mesh":7,"quark:azalea_planks":25,"minecraft:moss_carpet":63,"minecraft:string":128,"exnihilosequentia:dust":3,"thermal:barley_seeds":4,"minecraft:white_carpet":12,"minecraft:blue_orchid":8,"mysticalagriculture:inferium_essence":4,"exnihilosequentia:oak_sieve":1,"excompressum:compressed_cobblestone":1,"minecraft:written_book":5,"minecraft:azalea":28,"minecraft:poppy":12,"minecraft:enchanted_golden_apple":1,"minecraft:stick":38,"thermal:sadiroot_seeds":4,"minecraft:torch":6,"minecraft:stone_button":5,"supplementaries:candle_holder_green":4,"exnihilosequentia:wooden_crook":1,"thermal:peanut_seeds":2,"snad:snad":1,"minecraft:arrow":6,"minecraft:rotten_flesh":5,"rsgauges:sensitive_glass_block":1,"minecraft:cobblestone":1031,"twilightforest:experiment_115":2,"engineersdecor:sign_danger":1,"exnihilosequentia:string_mesh":3,"minecraft:flint":130,"minecraft:oak_log":53,"exnihilosequentia:iron_pieces":79,"minecraft:dirt":153,"minecraft:bone":1,"minecraft:apple":11,"minecraft:orange_tulip":9,"minecraft:wheat_seeds":9,"decorative_blocks:oak_support":3,"ftbquests:book":1,"minecraft:iron_ingot":15,"thermal:tomato_seeds":3,"minecraft:moss_block":257,"minecraft:oak_planks":1,"minecraft:flowering_azalea":10,"thermal:strawberry_seeds":2,"minecraft:dandelion":12,"rftoolsutility:syringe":2,"minecraft:gravel":594,"minecraft:sand":3,"exnihilosequentia:stone_hammer":3,"buildersdelight:iron_chisel":2,"exnihilosequentia:oak_barrel":1,"minecraft:mossy_cobblestone":3,"quark:oak_chest":2,"exnihilosequentia:silkworm":50,"quark:cobblestone_bricks":4,"minecraft:stone_axe":1,"minecraft:slime_block":2,"thermal:eggplant_seeds":2,"minecraft:painting":1,"minecraft:golden_apple":8,"minecraft:white_concrete":1,"minecraft:bread":1,"minecraft:oak_sapling":39,"thermal:amaranth_seeds":4,"minecraft:coal":43,"minecraft:ender_pearl":2,"minecraft:sunflower":2}},"DataVersion":2975}