{"stats":{"minecraft:crafted":{"minecraft:oak_planks":124,"minecraft:stone_shovel":2,"excompressum:compressed_flint":1,"excompressum:compressed_cobblestone":11,"minecraft:furnace":1,"exnihilosequentia:oak_sieve":5,"quark:cobblestone_bricks":4,"minecraft:stone_pickaxe":1,"exnihilosequentia:wooden_crook":1,"functionalstorage:oak_1":2,"minecraft:oak_slab":6,"excompressum:compressed_hammer_stone":1,"exnihilosequentia:oak_barrel":1,"minecraft:wooden_pickaxe":1,"minecraft:stone_axe":1,"minecraft:air":9,"exnihilosequentia:stone_hammer":10,"minecraft:stick":32,"quark:oak_chest":7,"decorative_blocks:oak_support":3,"exnihilosequentia:string_mesh":5},"minecraft:dropped":{"minecraft:bread":1,"minecraft:moss_block":2,"minecraft:cobblestone":3,"minecraft:apple":1,"exnihilosequentia:string_mesh":1,"minecraft:flint":3,"decorative_blocks:oak_support":3,"thermal:peanut_seeds":1,"exnihilosequentia:stone_hammer":1,"ftbquests:book":2,"minecraft:stone_axe":1,"pamhc2foodcore:cheeseitem":1,"create:bar_of_chocolate":2,"exnihilosequentia:wooden_crook":1,"minecraft:written_book":4},"minecraft:killed":{"blue_skies:infested_swarmer":1},"minecraft:killed_by":{"minecraft:player":7,"minecraft:zombie":4},"minecraft:mined":{"minecraft:oak_sapling":1,"quark:azalea_log":1,"functionalstorage:oak_1":1,"minecraft:brewing_stand":1,"minecraft:cave_vines_plant":1,"minecraft:grass_block":79,"minecraft:white_concrete":1,"minecraft:moss_block":180,"minecraft:moss_carpet":6,"minecraft:cave_vines":7,"minecraft:vine":25,"minecraft:azalea_leaves":1,"minecraft:stone":432,"minecraft:flowering_azalea":1,"quark:oak_chest":2,"exnihilosequentia:dust":1,"minecraft:dandelion":2,"minecraft:crafting_table":3,"quark:cobblestone_bricks":1,"rsgauges:sensitive_glass_block":1,"minecraft:poppy":2,"excompressum:compressed_cobblestone":12,"minecraft:tall_grass":20,"minecraft:cobblestone":7,"minecraft:slime_block":1,"minecraft:oak_planks":1,"minecraft:orange_tulip":2,"minecraft:grass":42,"minecraft:oak_log":42,"minecraft:gravel":3,"minecraft:sunflower":1,"minecraft:sand":1,"minecraft:dirt":1,"engineersdecor:sign_danger":1,"minecraft:oak_leaves":69,"exnihilosequentia:infested_leaves":42},"minecraft:custom":{"minecraft:mob_kills":2,"minecraft:interact_with_crafting_table":40,"minecraft:open_barrel":4,"minecraft:leave_game":3,"minecraft:time_since_death":11637,"minecraft:climb_one_cm":159,"minecraft:sprint_one_cm":83979,"minecraft:walk_one_cm":207096,"minecraft:drop":24,"minecraft:play_time":77746,"minecraft:deaths":25,"minecraft:sneak_time":5846,"minecraft:interact_with_lectern":1,"minecraft:jump":337,"minecraft:total_world_time":78090,"minecraft:interact_with_furnace":2,"minecraft:time_since_rest":11665,"minecraft:damage_taken":3519,"minecraft:damage_dealt":724,"minecraft:fly_one_cm":48159,"minecraft:player_kills":5,"minecraft:open_chest":56,"minecraft:crouch_one_cm":22941,"minecraft:fall_one_cm":36397,"minecraft:inspect_dispenser":1},"minecraft:broken":{"minecraft:wooden_pickaxe":1,"minecraft:stone_pickaxe":1,"exnihilosequentia:stone_hammer":1,"minecraft:stone_shovel":1},"minecraft:used":{"minecraft:azalea":1,"minecraft:moss_block":99,"engineersdecor:sign_danger":1,"minecraft:stone_shovel":161,"excompressum:compressed_hammer_stone":11,"excompressum:compressed_flint":1,"minecraft:torch":4,"excompressum:compressed_cobblestone":12,"abstoneedition:pebbles":4,"rsgauges:sensitive_glass_block":1,"exnihilosequentia:wooden_crook":107,"minecraft:oak_sapling":13,"minecraft:furnace":1,"quark:cobblestone_bricks":1,"minecraft:stone_pickaxe":134,"minecraft:wooden_pickaxe":59,"exnihilosequentia:oak_sieve":5,"minecraft:sand":1,"minecraft:crafting_table":3,"minecraft:cornflower":1,"minecraft:apple":1,"exnihilosequentia:oak_barrel":1,"pamhc2foodcore:cheeseitem":1,"supplementaries:candle_holder_green":4,"minecraft:bread":1,"minecraft:gravel":3,"exnihilosequentia:dust":1,"excompressum:compressed_hammer_iron":3,"minecraft:stone_axe":120,"minecraft:cobblestone":112,"exnihilosequentia:stone_hammer":260,"functionalstorage:oak_1":4,"quark:oak_chest":5,"exnihilosequentia:silkworm":5,"minecraft:white_concrete":1,"create:bar_of_chocolate":1},"minecraft:picked_up":{"functionalstorage:oak_1":2,"minecraft:cocoa_beans":2,"minecraft:crafting_table":3,"minecraft:brewing_stand":2,"create:bar_of_chocolate":2,"minecraft:cornflower":1,"exnihilosequentia:flint_mesh":2,"quark:azalea_planks":25,"minecraft:moss_carpet":61,"minecraft:string":128,"exnihilosequentia:dust":3,"thermal:barley_seeds":4,"minecraft:white_carpet":12,"minecraft:blue_orchid":8,"mysticalagriculture:inferium_essence":4,"excompressum:compressed_cobblestone":1,"minecraft:written_book":5,"minecraft:azalea":26,"minecraft:poppy":12,"minecraft:enchanted_golden_apple":1,"minecraft:stick":38,"thermal:sadiroot_seeds":4,"supplementaries:candle_holder_green":4,"exnihilosequentia:wooden_crook":1,"thermal:peanut_seeds":2,"snad:snad":1,"minecraft:arrow":6,"minecraft:rotten_flesh":5,"rsgauges:sensitive_glass_block":1,"minecraft:cobblestone":501,"twilightforest:experiment_115":2,"engineersdecor:sign_danger":1,"exnihilosequentia:string_mesh":3,"minecraft:flint":28,"minecraft:oak_log":53,"exnihilosequentia:iron_pieces":4,"minecraft:dirt":153,"minecraft:bone":1,"minecraft:apple":11,"minecraft:orange_tulip":9,"minecraft:wheat_seeds":8,"decorative_blocks:oak_support":3,"ftbquests:book":1,"thermal:tomato_seeds":3,"minecraft:moss_block":251,"minecraft:oak_planks":1,"minecraft:flowering_azalea":9,"thermal:strawberry_seeds":2,"minecraft:dandelion":12,"rftoolsutility:syringe":2,"minecraft:gravel":106,"minecraft:sand":3,"exnihilosequentia:stone_hammer":3,"quark:oak_chest":2,"exnihilosequentia:silkworm":50,"quark:cobblestone_bricks":4,"minecraft:stone_axe":1,"minecraft:slime_block":2,"thermal:eggplant_seeds":2,"minecraft:golden_apple":8,"minecraft:white_concrete":1,"minecraft:bread":1,"minecraft:oak_sapling":39,"thermal:amaranth_seeds":4,"minecraft:coal":2,"minecraft:ender_pearl":2,"minecraft:sunflower":2}},"DataVersion":2975}