{"stats":{"minecraft:broken":{"mekanismtools:stone_paxel":22,"minecraft:shears":3,"exnihilosequentia:wooden_crook":1,"supplementaries:flute":1,"exnihilosequentia:stone_hammer":9,"minecraft:wooden_pickaxe":1,"minecraft:iron_pickaxe":1,"minecraft:stone_pickaxe":22,"minecraft:stone_axe":2,"minecraft:stone_shovel":1,"excompressum:compressed_hammer_stone":11,"create:sand_paper":2},"minecraft:dropped":{"sophisticatedbackpacks:iron_backpack":2,"minecraft:clay":9,"minecraft:iron_sword":1,"minecraft:lapis_lazuli":45,"minecraft:glass_bottle":1,"minecraft:diamond":15,"minecraft:cookie":1,"minecraft:dirt":26,"minecraft:gray_concrete":14,"supplementaries:rope":16,"avaritia:double_compressed_crafting_table":2,"decorative_blocks:oak_support":3,"thermal:nickel_ingot":1,"minecraft:bone_meal":77,"thermal:peanut_seeds":13,"exnihilosequentia:tin_pieces":4,"quark:oak_chest":2,"minecraft:bone":1,"mekanismtools:refined_obsidian_sword":4,"minecraft:stone_axe":19,"minecraft:sugar_cane":1,"minecraft:diamond_block":2,"mysticalagriculture:infusion_pedestal":1,"exnihilosequentia:nickel_pieces":2,"exnihilosequentia:aluminum_ingot":148,"minecraft:wheat":5,"exnihilosequentia:copper_pieces":65,"minecraft:obsidian":42,"minecraft:rotten_flesh":1,"minecraft:oak_planks":1,"thermal:corn":1,"minecraft:glowstone_dust":3,"minecraft:blaze_powder":1,"exnihilosequentia:potato_seeds":3,"exnihilosequentia:raw_zinc":2,"thermal:eggplant_seeds":1,"pamhc2foodcore:cheeseitem":1,"create:bar_of_chocolate":2,"pamhc2foodcore:freshmilkitem":3,"exnihilosequentia:carrot_seeds":4,"exnihilosequentia:wooden_crook":1,"exnihilosequentia:acacia_seeds":2,"minecraft:glass":111,"pamhc2foodcore:carrotcupcakeitem":5,"exnihilosequentia:iron_mesh":3,"minecraft:egg":2,"create:mechanical_mixer":2,"minecraft:iron_ingot":296,"thermal:onion_seeds":1,"minecraft:black_dye":2,"exnihilosequentia:sweet_berry_seeds":3,"minecraft:wheat_seeds":107,"rsgauges:industrial_rotary_lever":1,"create:polished_rose_quartz":1,"farmersdelight:skillet":3,"mekanism:dust_obsidian":4,"minecraft:feather":1,"minecraft:cobblestone":1456,"minecraft:apple":1,"vanillahammers:obsidian_hammer":3,"mekanismtools:stone_paxel":51,"minecraft:coal":135,"exnihilosequentia:fired_crucible":1,"create:andesite_casing":4,"minecraft:lava_bucket":6,"exnihilosequentia:aluminum_pieces":3,"exnihilosequentia:raw_nickel":8,"exnihilosequentia:raw_silver":3,"thermal:peanut_butter":1,"exnihilosequentia:crafting_doll":16,"mekanism:salt":11,"minecraft:string":1,"pamhc2foodcore:grinderitem":2,"pamhc2foodcore:potitem":1,"minecraft:moss_carpet":12,"minecraft:stone_sword":2,"thermal:silver_ingot":9,"minecraft:stone_shovel":34,"minecraft:chicken":2,"minecraft:iron_boots":2,"sophisticatedbackpacks:backpack":2,"exnihilosequentia:porcelain_clay":39,"exnihilosequentia:pickle_seeds":1,"thermal:strawberry":1,"minecraft:shears":1,"exnihilosequentia:gold_pieces":9,"minecraft:pumpkin_seeds":29,"kubejs:wood_plate":19,"exnihilosequentia:platinum_ingot":5,"minecraft:diamond_sword":3,"minecraft:potato":35,"exnihilosequentia:grass_seeds":7,"minecraft:stone":757,"kubejs:stone_coin":1,"create:zinc_ingot":78,"minecraft:bamboo":4,"sophisticatedbackpacks:copper_backpack":1,"exnihilosequentia:oak_seeds":3,"farmersdelight:diamond_knife":2,"supplementaries:flute":6,"minecraft:gold_ore":2,"create:belt_connector":5,"exnihilosequentia:mycelium_spores":3,"storagenetwork:inventory_remote":5,"minecraft:moss_block":5,"exnihilosequentia:uranium_pieces":24,"minecraft:oak_log":56,"minecraft:ender_pearl":39,"pamhc2foodcore:bakewareitem":1,"exnihilosequentia:jungle_seeds":7,"exnihilosequentia:bamboo_seeds":2,"minecraft:leather":14,"excompressum:sheep_bait":1,"exnihilosequentia:spruce_seeds":5,"minecraft:flint":585,"exnihilosequentia:raw_tin":6,"solcarrot:food_book":3,"exnihilosequentia:witch_water_bucket":1,"exnihilosequentia:stone_hammer":7,"ftbquests:book":2,"thermal:green_bean_seeds":3,"create:crushing_wheel":2,"minecraft:gold_ingot":339,"minecraft:gravel":528,"exnihilosequentia:cactus_seeds":5,"exnihilosequentia:zinc_pieces":7,"buildersdelight:iron_chisel":3,"minecraft:stone_stairs":3,"exnihilosequentia:crushed_netherrack":3,"thermal:tin_ingot":1,"minecraft:gunpowder":2,"exnihilomekanism:osmium_pieces":81,"excompressum:compressed_nether_gravel":13,"minecraft:beetroot_seeds":24,"minecraft:melon_seeds":24,"create:brass_ingot":22,"comforts:sleeping_bag_white":1,"minecraft:iron_ore":1,"minecraft:arrow":5,"mysticalagradditions:inferium_apple":1,"minecraft:written_book":9,"mob_grinding_utils:fluid_xp_bucket":1,"thermal:copper_plate":8,"minecraft:splash_potion":1,"minecraft:netherrack":577,"create:andesite_alloy":21,"minecraft:water_bucket":2,"minecraft:bread":5,"excompressum:compressed_dust":26,"create:unprocessed_obsidian_sheet":9,"exnihilosequentia:sugarcane_seeds":2,"storagenetwork:crafting_remote":3,"kubejs:stone_ingot":4,"exnihilosequentia:birch_seeds":3,"exnihilosequentia:iron_pieces":20,"exnihilosequentia:emerald_mesh":1,"create:zinc_nugget":3,"minecraft:copper_ingot":139,"minecraft:stick":7,"exnihilosequentia:string_mesh":2,"sophisticatedstorage:iron_barrel":1,"minecraft:torch":100,"create:sturdy_sheet":7,"minecraft:cactus":2,"minecraft:bucket":22,"minecraft:redstone_block":7,"minecraft:redstone":30,"mekanismtools:diamond_paxel":2,"sophisticatedstorage:diamond_barrel":1,"minecraft:sweet_berries":7,"minecraft:kelp":12,"create:shaft":7,"thermal:hearty_stew":1,"culinaryconstruct:sandwich":2,"minecraft:stripped_oak_log":1,"pamhc2foodcore:freshwateritem":7,"exnihilosequentia:dark_oak_seeds":2,"exnihilosequentia:platinum_pieces":9,"exnihilosequentia:diamond_mesh":1,"bonsaitrees3:bonsaipot":1,"thermal:eggplant":1,"minecraft:andesite":5,"exnihilosequentia:lead_pieces":71,"minecraft:oak_sapling":49,"exnihilosequentia:silver_pieces":5,"createaddition:gold_rod":1,"thermal:onion":1,"thermal:bell_pepper_seeds":5,"minecraft:stone_pickaxe":115,"bhc:red_heart":2,"excompressum:compressed_gravel":25},"minecraft:killed_by":{"mekanismadditions:baby_creeper":1,"minecraft:zombie":4,"minecraft:creeper":1,"mekanismadditions:baby_skeleton":1,"minecraft:player":90},"minecraft:mined":{"create:copper_casing":2,"quark:azalea_log":1,"quark:azalea_planks":23,"create:andesite_casing":42,"minecraft:carved_pumpkin":1,"exnihilosequentia:oak_sieve":5,"create:belt":8,"minecraft:hopper":7,"minecraft:mossy_cobblestone_stairs":1,"mcwlights:classic_street_lamp":1,"create:speedometer":16,"minecraft:fire":1,"pipez:fluid_pipe":2,"framedblocks:framed_iron_trapdoor":2,"minecraft:moss_carpet":18,"minecraft:pumpkin":2,"minecraft:cave_vines":14,"minecraft:dirt_path":5,"storagenetwork:export_kabel":10,"create:gearshift":4,"cfm:oak_kitchen_counter":1,"minecraft:iron_block":1,"create:mechanical_press":22,"minecraft:tripwire":1,"create:cogwheel":68,"engineersdecor:metal_sliding_door":1,"minecraft:torch":39,"rsgauges:sensitive_glass_block":1,"minecraft:melon":1,"excompressum:compressed_cobblestone":907,"excompressum:oak_heavy_sieve":2,"minecraft:sugar_cane":11,"create:basin":13,"create:andesite_belt_funnel":1,"avaritia:double_compressed_crafting_table":2,"createaddition:electric_motor":6,"sophisticatedbackpacks:diamond_backpack":1,"minecraft:wheat":36,"create:mechanical_mixer":9,"minecraft:grass":67,"create:hand_crank":18,"minecraft:dark_oak_sapling":1,"excompressum:compressed_nether_gravel":3,"create:clutch":3,"excompressum:sheep_bait":2,"create:millstone":1,"minecraft:mossy_cobblestone":15,"sophisticatedstorage:iron_chest":1,"create:fluid_tank":2,"functionalstorage:oak_1":21,"thermal:machine_smelter":1,"storagenetwork:master":1,"create:mechanical_arm":8,"minecraft:moss_block":303,"supplementaries:rope":3,"create:shaft":54,"kubejs:cake_builder_frame":12,"minecraft:diamond_block":1,"excompressum:compressed_netherrack":273,"minecraft:potatoes":1,"minecraft:cobblestone_slab":22,"minecraft:vine":119,"create:deployer":2,"minecraft:bamboo":3,"minecraft:cake":1,"minecraft:soul_sand":1,"rsgauges:industrial_lever":2,"quark:oak_chest":62,"minecraft:dandelion":2,"create:fluid_pipe":10,"create:mechanical_pump":13,"storagenetwork:storage_kabel":3,"minecraft:campfire":1,"create:water_wheel":11,"exnihilosequentia:fired_crucible":7,"minecraft:tall_grass":28,"mcwfurnitures:stripped_spruce_lower_bookshelf_drawer":2,"create:blaze_burner":7,"furnacemk2:furnacemk2":3,"sophisticatedstorage:barrel":3,"create:gearbox":13,"minecraft:white_carpet":1,"minecraft:spruce_log":86,"mob_grinding_utils:tank_sink":1,"sophisticatedstorage:diamond_barrel":2,"create:crushing_wheel":6,"minecraft:mycelium":1,"minecraft:sunflower":2,"minecraft:gravel":38,"thermal:machine_bottler":1,"create:andesite_funnel":2,"minecraft:oak_sapling":2,"rsgauges:industrial_small_lever":2,"uppers:upper":3,"minecraft:brewing_stand":3,"minecraft:cave_vines_plant":3,"minecraft:grass_block":79,"minecraft:white_concrete":3,"comforts:sleeping_bag_white":1,"cobblefordays:tier_1":1,"minecraft:mossy_cobblestone_slab":1,"minecraft:anvil":1,"exnihilosequentia:oak_barrel":6,"sophisticatedstorage:chest":3,"minecraft:azalea_leaves":1,"minecraft:azalea":2,"sophisticatedstorage:gold_barrel":2,"mob_grinding_utils:tinted_glass":29,"excompressum:compressed_sand":131,"mob_grinding_utils:fan":3,"create:adjustable_chain_gearshift":5,"avaritia:compressed_crafting_table":1,"storagenetwork:inventory":5,"minecraft:clay":5,"quark:cobblestone_bricks":10,"storagenetwork:request":5,"minecraft:poppy":2,"create:brass_casing":20,"cobblefordays:tier_3":1,"minecraft:cobblestone":426,"minecraft:slime_block":1,"minecraft:oak_planks":6,"minecraft:wall_torch":45,"minecraft:cauldron":2,"create:large_water_wheel":1,"minecraft:stone_stairs":21,"cobblefordays:tier_2":2,"excompressum:chicken_bait":1,"create:steam_whistle":1,"minecraft:orange_tulip":2,"create:spout":4,"exnihilosequentia:oak_crucible":1,"minecraft:oak_log":124,"minecraft:sand":5,"minecraft:dirt":13,"create:encased_chain_drive":32,"mysticalagriculture:infusion_pedestal":2,"minecraft:netherrack":2588,"minecraft:oak_leaves":707,"exnihilosequentia:infested_leaves":91,"create:brass_funnel":6,"excompressum:compressed_dust":1,"minecraft:lever":4,"minecraft:stone_button":2,"create:large_cogwheel":14,"create:depot":9,"minecraft:spruce_leaves":1,"minecraft:rooted_dirt":5,"minecraft:large_fern":1,"createaddition:rolling_mill":8,"minecraft:spruce_sapling":6,"minecraft:furnace":13,"minecraft:stripped_oak_log":9,"sophisticatedstorage:iron_barrel":15,"minecraft:stone":8532,"minecraft:podzol":93,"minecraft:flowering_azalea":3,"exnihilosequentia:dust":1,"minecraft:crafting_table":58,"cobblefordays:tier_5":5,"exnihilosequentia:stone_barrel":3,"minecraft:stone_slab":7,"excompressum:compressed_gravel":275,"bonsaitrees3:bonsaipot":1,"minecraft:air":536,"minecraft:cactus":1,"minecraft:sweet_berry_bush":2,"minecraft:bee_nest":1,"minecraft:cocoa":2,"create:mechanical_crafter":110,"engineersdecor:sign_danger":2,"storagenetwork:kabel":4},"minecraft:killed":{"minecraft:skeleton":73,"minecraft:zombie":42,"mekanismadditions:baby_skeleton":12,"minecraft:enderman":1,"minecraft:spider":35,"minecraft:zombie_villager":1,"mekanismadditions:baby_creeper":14,"minecraft:creeper":47,"minecraft:slime":63,"blue_skies:infested_swarmer":1,"nourished_end:radjelly":9},"minecraft:picked_up":{"minecraft:seagrass":25,"minecraft:slime_spawn_egg":1,"thermal:amaranth":2,"storagenetwork:inventory_remote":4,"minecraft:anvil":1,"minecraft:prismarine_shard":98,"exnihilosequentia:platinum_ingot":4,"create:spout":4,"exnihilosequentia:oak_crucible":1,"exnihilomekanism:osmium_pieces":1180,"minecraft:stone_slab":80,"minecraft:diamond_sword":2,"create:wrench":1,"create:item_drain":1,"minecraft:enchanted_book":2,"exnihilosequentia:andesite_pebble":184,"quark:azalea_log":21,"exnihilosequentia:dark_oak_seeds":8,"minecraft:brewing_stand":4,"create:bar_of_chocolate":2,"exnihilosequentia:flint_mesh":8,"minecraft:string":595,"thermal:tin_ingot":370,"sophisticatedstorage:diamond_barrel":3,"thermal:barley_seeds":4,"mob_grinding_utils:entity_conveyor":4,"create:unprocessed_obsidian_sheet":7,"chimes:bamboo_chimes":1,"create:water_wheel":14,"kubejs:cake_builder_frame":12,"mysticalagriculture:inferium_essence":201,"minecraft:gold_nugget":7,"exnihilosequentia:oak_sieve":6,"thermal:eggplant":2,"minecraft:written_book":16,"minecraft:enchanted_golden_apple":1,"minecraft:melon_slice":6,"minecraft:coal_block":26,"farmersdelight:ratatouille":1,"thermal:copper_gear":4,"thermal:sadiroot_seeds":5,"create:andesite_casing":44,"farmersdelight:sweet_berry_cheesecake":1,"exnihilosequentia:platinum_pieces":155,"quark:glowing_glass_item_frame":4,"storagenetwork:export_kabel":28,"createaddition:copper_spool":3,"engineersdecor:sign_hotwire":1,"minecraft:cauldron":4,"mob_grinding_utils:rotten_egg":1,"minecraft:black_dye":2,"thermal:apatite":305,"exnihilosequentia:wooden_crook":3,"minecraft:stone_sword":7,"mekanismadditions:gray_plastic":6,"aquaculture:algae":1,"create:copper_casing":2,"itemfilters:always_true":11,"thermal:lead_ingot":64,"excompressum:compressed_sand":14,"pamhc2foodcore:chocolatepuddingitem":2,"minecraft:iron_block":3,"minecraft:carved_pumpkin":2,"create:mechanical_arm":9,"minecraft:iron_bars":14,"minecraft:mossy_cobblestone_slab":1,"minecraft:feather":12,"minecraft:water_bucket":7,"mob_grinding_utils:fluid_xp_bucket":2,"minecraft:flint":4102,"pamhc2foodcore:juiceritem":1,"itemfilters:custom":6,"minecraft:gray_concrete":14,"mob_grinding_utils:tank_sink":2,"exnihilosequentia:gold_pieces":2941,"create:encased_chain_drive":34,"bhc:relic_apple":1,"bhc:red_heart":3,"pipez:fluid_pipe":2,"ftbquests:book":1,"furnacemk2:thermal_core":4,"sophisticatedstorage:chest":3,"create:shaft":87,"exnihilosequentia:jungle_seeds":9,"minecraft:glowstone_dust":201,"minecraft:moss_block":414,"kubejs:stone_ingot":4,"mekanism:hazmat_boots":2,"create:gearshift":4,"exnihilosequentia:iron_mesh":2,"patchouli:guide_book":1,"mekanismtools:stone_paxel":101,"thermal:gold_plate":8,"create:steam_whistle":2,"thermal:onion_seeds":1,"exnihilosequentia:silkworm":335,"exnihilosequentia:pickle_seeds":9,"minecraft:lever":18,"thermal:eggplant_seeds":3,"minecraft:granite":8,"exnihilosequentia:silver_pieces":1532,"minecraft:bread":1,"minecraft:rooted_dirt":5,"aquaculture:box":1,"exnihilosequentia:raw_nickel":28,"thermal:copper_plate":32,"create:precision_mechanism":1,"minecraft:crafting_table":67,"minecraft:nether_wart":55,"minecraft:clay_ball":24,"storagenetwork:request":5,"pamhc2foodcore:yogurtitem":9,"exnihilosequentia:witch_water_bucket":1,"pamhc2foodcore:carrotcupcakeitem":12,"exnihilosequentia:spruce_seeds":7,"thermal:strawberry":1,"thermal:nickel_ingot":306,"avaritia:compressed_crafting_table":1,"functionalstorage:configuration_tool":1,"minecraft:cornflower":3,"create:fluid_pipe":15,"minecraft:netherite_scrap":41,"minecraft:white_carpet":36,"create:brass_funnel":9,"custommachinery:custom_machine_item":1,"excompressum:compressed_cobblestone":15,"framedblocks:framed_iron_trapdoor":6,"thermal:niter":198,"minecraft:iron_nugget":194,"minecraft:poppy":26,"supplementaries:rope":82,"create:clutch":3,"minecraft:piston":2,"exnihilosequentia:zinc_pieces":1130,"minecraft:egg":36,"cfm:white_sofa":1,"create:polished_rose_quartz":1,"minecraft:stone":1195,"sophisticatedbackpacks:backpack":1,"minecraft:fire_charge":4,"minecraft:cake":8,"exnihilosequentia:raw_aluminum":58,"exnihilosequentia:granite_pebble":145,"minecraft:redstone":472,"exnihilosequentia:pink_coral_larvae":14,"create:brass_casing":21,"minecraft:prismarine_crystals":12,"exnihilosequentia:diamond_mesh":3,"storagenetwork:inventory":5,"exnihilosequentia:mycelium_spores":7,"minecraft:stone_shovel":76,"excompressum:compressed_gravel":251,"exnihilosequentia:carrot_seeds":7,"thermal:machine_smelter":1,"minecraft:beetroot_seeds":50,"minecraft:shears":1,"mekanismtools:lapis_lazuli_leggings":2,"create:depot":9,"farmersdelight:beef_stew":1,"minecraft:gold_ingot":671,"sophisticatedbackpacks:copper_backpack":1,"pamhc2foodcore:freshmilkitem":8,"rsgauges:sensitive_glass_block":3,"exnihilosequentia:stone_barrel":3,"createaddition:biomass":18,"minecraft:white_wool":22,"exnihilosequentia:basalt_pebble":209,"minecraft:stripped_oak_log":9,"ae2:fluix_dust":146,"exnihilosequentia:fern_seeds":2,"exnihilosequentia:raw_tin":140,"create:brass_sheet":26,"engineersdecor:sign_danger":3,"furnacemk2:furnacemk2":3,"excompressum:cow_bait":1,"mob_grinding_utils:tank":1,"minecraft:oak_log":2421,"kubejs:stone_gear":6,"exnihilosequentia:iron_pieces":3671,"createaddition:capacitor":1,"farmersdelight:skillet":1,"storagenetwork:import_kabel":3,"excompressum:compressed_nether_gravel":30,"avaritia:double_compressed_crafting_table":5,"minecraft:paper":133,"create:crushing_wheel":6,"mob_grinding_utils:xp_tap":1,"exnihilosequentia:aluminum_pieces":1449,"minecraft:apple":14,"minecraft:kelp":29,"solcarrot:food_book":6,"thermal:corn":2,"minecraft:stone_pickaxe":182,"kubejs:stone_casing":11,"minecraft:iron_ore":69,"minecraft:glass_bottle":17,"exnihilosequentia:oak_seeds":11,"minecraft:iron_sword":1,"minecraft:flowering_azalea":38,"create:mechanical_saw":1,"mcwlights:classic_street_lamp":1,"minecraft:sweet_berries":41,"exnihilosequentia:aluminum_ingot":380,"thermal:strawberry_seeds":2,"minecraft:gravel":9080,"mcwfurnitures:stripped_spruce_lower_bookshelf_drawer":2,"exnihilosequentia:stone_hammer":24,"minecraft:spruce_sapling":67,"exnihilosequentia:birch_seeds":6,"minecraft:spruce_log":160,"exnihilosequentia:yellow_coral_larvae":19,"minecraft:crying_obsidian":24,"create:gearbox":7,"exnihilosequentia:oak_barrel":6,"quark:cobblestone_bricks":14,"createaddition:zinc_sheet":1,"mob_grinding_utils:xpsolidifier":1,"create:millstone":2,"pamhc2foodcore:fruitcrumbleitem":1,"minecraft:slime_ball":161,"minecraft:stone_axe":78,"quark:azalea_planks_slab":18,"storagenetwork:master":1,"exnihilosequentia:sweet_berry_seeds":8,"create:mechanical_pump":13,"minecraft:painting":1,"create:rose_quartz":1,"minecraft:oak_button":78,"minecraft:baked_potato":14,"pamhc2foodcore:hotchocolateitem":3,"furnacemk2:insulation_core":4,"thermal:amaranth_seeds":13,"minecraft:melon_seeds":45,"pamhc2foodcore:fruitsaladitem":17,"minecraft:hopper":10,"quark:rope":4,"exnihilosequentia:copper_pieces":2397,"minecraft:ender_pearl":82,"storagenetwork:storage_kabel":3,"sophisticatedstorage:iron_barrel":16,"minecraft:wheat":89,"minecraft:redstone_block":33,"create:mechanical_crafter":116,"vanillahammers:obsidian_hammer":2,"cobblefordays:tier_5":5,"cobblefordays:tier_3":1,"minecraft:potion":9,"thermal:machine_frame":3,"minecraft:nether_brick":52,"minecraft:lapis_block":76,"quark:azalea_planks":316,"cfm:oak_kitchen_counter":26,"thermal:sulfur":311,"minecraft:oak_sign":104,"create:andesite_funnel":2,"create:sand_paper":7,"thermal:iron_plate":106,"cobblefordays:tier_1":1,"create:mechanical_press":21,"minecraft:smooth_stone":2,"minecraft:bucket":12,"thermal:tomato":7,"comforts:sleeping_bag_white":6,"create:sturdy_sheet":16,"minecraft:cobblestone_slab":118,"blue_skies:bug_guts":2,"minecraft:azalea":29,"farmersdelight:pasta_with_meatballs":1,"functionalstorage:linking_tool":1,"minecraft:iron_boots":6,"minecraft:furnace":14,"minecraft:stick":1677,"create:mechanical_mixer":10,"createaddition:electric_motor":7,"exnihilosequentia:large_fern_seeds":3,"minecraft:torch":486,"pamhc2foodcore:carrotbreaditem":2,"minecraft:dried_kelp":60,"pamhc2foodcore:cookingoilitem":1,"minecraft:vine":61,"exnihilosequentia:raw_zinc":31,"mekanism:hazmat_gown":2,"minecraft:blue_stained_glass":1,"create:large_cogwheel":14,"snad:snad":1,"farmersdelight:fried_egg":3,"minecraft:cactus":7,"minecraft:rotten_flesh":181,"thermal:corn_seeds":5,"exnihilosequentia:crushed_netherrack":2208,"exnihilosequentia:sugarcane_seeds":4,"minecraft:obsidian":53,"minecraft:cobblestone":12877,"minecraft:cod":3,"pamhc2foodcore:chocolatecupcakeitem":5,"create:speedometer":16,"minecraft:blaze_powder":186,"rsgauges:industrial_small_lever":4,"mekanismtools:lapis_lazuli_chestplate":2,"exnihilosequentia:blackstone_pebble":72,"create:fluid_tank":2,"minecraft:andesite":73,"mekanismtools:lapis_lazuli_helmet":2,"minecraft:potato":51,"exnihilosequentia:string_mesh":6,"create:belt_connector":21,"pamhc2foodcore:marshmellowsitem":12,"thermal:onion":1,"excompressum:compressed_hammer_iron":2,"supplementaries:flute":3,"pamhc2foodcore:chocolatedonutitem":2,"exnihilosequentia:porcelain_clay":64,"minecraft:lapis_lazuli":1930,"exnihilosequentia:tin_pieces":1366,"thermal:tin_gear":7,"minecraft:dirt":290,"thermal:rf_coil":3,"thermal:cooked_eggplant":1,"mekanism:dust_obsidian":25,"thermal:silver_plate":4,"minecraft:bone":172,"exnihilosequentia:fired_crucible":7,"minecraft:glass":69,"mekanismtools:refined_obsidian_sword":2,"farmersdelight:iron_knife":1,"furnacemk2:experience_core":4,"minecraft:bow":10,"minecraft:wheat_seeds":373,"minecraft:orange_tulip":15,"thermal:cooked_corn":9,"exnihilosequentia:crafting_doll":4,"farmersdelight:pumpkin_slice":4,"exnihilosequentia:grass_seeds":26,"minecraft:bamboo":35,"minecraft:oak_planks":404,"exnihilosequentia:lead_pieces":2371,"minecraft:ghast_tear":8,"thermal:bell_pepper_seeds":5,"create:cogwheel":78,"minecraft:poisonous_potato":1,"pamhc2foodcore:freshwateritem":27,"mekanism:enriched_iron":2,"minecraft:sand":1910,"exnihilosequentia:kelp_seeds":40,"buildersdelight:iron_chisel":4,"excompressum:compressed_dust":1,"minecraft:diamond_block":1,"minecraft:spectral_arrow":44,"mob_grinding_utils:fan":5,"minecraft:mossy_cobblestone":19,"thermal:peanut":7,"pamhc2foodcore:saltitem":1,"minecraft:clay":14,"minecraft:sugar":17,"minecraft:diamond":182,"minecraft:slime_block":2,"cobblefordays:tier_2":2,"rsgauges:industrial_rotary_lever":1,"minecraft:bone_meal":957,"minecraft:golden_apple":8,"minecraft:white_concrete":7,"mob_grinding_utils:tinted_glass":40,"minecraft:emerald":174,"minecraft:oak_sapling":110,"minecraft:netherrack":2550,"create:stressometer":1,"minecraft:oak_leaves":638,"minecraft:charcoal":15,"functionalstorage:oak_1":20,"minecraft:fishing_rod":1,"minecraft:cocoa_beans":16,"create:crafter_slot_cover":6,"minecraft:splash_potion":5,"minecraft:chicken":2,"minecraft:ladder":64,"bonsaitrees3:bonsaipot":1,"thermal:cinnabar":309,"minecraft:wooden_pickaxe":3,"excompressum:sheep_bait":4,"createaddition:rolling_mill":9,"createaddition:iron_rod":2,"kubejs:stone_coin":11,"mysticalagriculture:infusion_pedestal":2,"minecraft:oak_trapdoor":57,"minecraft:moss_carpet":203,"minecraft:stone_stairs":28,"exnihilosequentia:potato_seeds":4,"thermal:silver_ingot":299,"exnihilosequentia:dust":1183,"thermal:jar":4,"minecraft:blackstone":76,"create:chute":3,"kubejs:stone_plate":19,"minecraft:blue_orchid":16,"thermal:hearty_stew":2,"mysticalagradditions:inferium_apple":1,"excompressum:chicken_bait":7,"create:basin":13,"sophisticatedstorage:barrel":3,"thermal:machine_bottler":1,"minecraft:sugar_cane":19,"thermal:pbj_sandwich":2,"itemfilters:item_group":9,"sophisticatedstorage:iron_chest":1,"minecraft:dark_oak_sapling":1,"exnihilosequentia:cactus_seeds":6,"mekanism:hazmat_pants":2,"minecraft:copper_ingot":68,"minecraft:bowl":2,"thermal:nickel_gear":4,"minecraft:stone_button":14,"pamhc2foodcore:donutitem":2,"exnihilosequentia:diorite_pebble":222,"minecraft:cookie":30,"exnihilosequentia:uranium_pieces":777,"create:hand_crank":46,"farmersdelight:fish_stew":1,"thermal:green_bean":2,"create:zinc_ingot":79,"supplementaries:candle_holder_green":4,"exnihilosequentia:purple_coral_larvae":14,"exnihilosequentia:nickel_pieces":1383,"create:deployer":3,"sophisticatedstorage:gold_barrel":2,"farmersdelight:cooked_cod_slice":1,"thermal:peanut_seeds":14,"exnihilosequentia:bamboo_seeds":2,"kubejs:wood_plate":9,"exnihilosequentia:blue_coral_larvae":18,"minecraft:arrow":211,"ae2:certus_quartz_dust":177,"pamhc2foodcore:chocolatebaritem":4,"minecraft:nether_bricks":2,"thermal:silver_gear":3,"excompressum:oak_heavy_sieve":2,"rsgauges:industrial_lever":5,"createaddition:spool":13,"twilightforest:experiment_115":2,"excompressum:compressed_flint":192,"minecraft:leather":36,"pamhc2foodcore:bakedvegetablemedlyitem":5,"create:andesite_alloy":40,"exnihilosequentia:acacia_seeds":3,"thermal:cheese_wedge":1,"minecraft:cobblestone_stairs":10,"minecraft:gunpowder":396,"create:blaze_burner":7,"pamhc2foodcore:gummybearsitem":1,"mekanism:salt":151,"ae2:sky_dust":273,"decorative_blocks:oak_support":6,"create:adjustable_chain_gearshift":5,"minecraft:iron_ingot":391,"thermal:tomato_seeds":17,"uppers:upper":3,"minecraft:soul_sand":42,"farmersdelight:hot_cocoa":1,"sophisticatedbackpacks:diamond_backpack":1,"minecraft:oak_slab":110,"create:large_water_wheel":5,"minecraft:pumpkin":2,"mekanism:hazmat_mask":2,"thermal:bell_pepper":5,"minecraft:quartz":84,"exnihilosequentia:red_coral_larvae":20,"minecraft:dandelion":12,"rftoolsutility:syringe":5,"minecraft:lava_bucket":4,"mekanismtools:lapis_lazuli_boots":2,"mekanismtools:diamond_paxel":1,"thermal:green_bean_seeds":3,"minecraft:gold_ore":36,"quark:oak_chest":101,"minecraft:spider_eye":22,"pamhc2foodcore:grinderitem":1,"minecraft:pumpkin_seeds":57,"create:brass_ingot":41,"create:zinc_nugget":59,"mekanism:fluorite_gem":396,"minecraft:mossy_cobblestone_stairs":3,"exnihilosequentia:raw_silver":50,"furnacemk2:crystal_gem_item":2,"storagenetwork:kabel":6,"minecraft:coal":2226,"farmersdelight:honey_cookie":2,"minecraft:sunflower":6},"minecraft:custom":{"minecraft:interact_with_crafting_table":627,"minecraft:open_barrel":208,"minecraft:eat_cake_slice":21,"minecraft:leave_game":16,"minecraft:time_since_death":11650,"minecraft:play_time":1959980,"minecraft:deaths":127,"minecraft:jump":11845,"minecraft:interact_with_furnace":421,"minecraft:sleep_in_bed":2,"minecraft:damage_dealt":38779,"minecraft:inspect_dispenser":1,"minecraft:interact_with_smithing_table":13,"minecraft:interact_with_anvil":10,"minecraft:inspect_hopper":49,"minecraft:damage_dealt_absorbed":12,"minecraft:sneak_time":61098,"minecraft:interact_with_lectern":1,"minecraft:total_world_time":1960324,"minecraft:time_since_rest":12203,"minecraft:swim_one_cm":17835,"minecraft:fly_one_cm":2323209,"minecraft:open_chest":1364,"minecraft:fall_one_cm":186198,"minecraft:fish_caught":3,"minecraft:animals_bred":7,"minecraft:damage_resisted":7,"minecraft:sprint_one_cm":2537318,"minecraft:drop":1038,"minecraft:interact_with_brewingstand":1,"minecraft:walk_on_water_one_cm":64898,"minecraft:player_kills":144,"minecraft:crouch_one_cm":166991,"minecraft:mob_kills":299,"minecraft:damage_dealt_resisted":385,"minecraft:climb_one_cm":109908,"minecraft:walk_one_cm":3758767,"minecraft:walk_under_water_one_cm":77572,"minecraft:boat_one_cm":1478,"minecraft:damage_taken":38784},"minecraft:used":{"minecraft:moss_block":191,"minecraft:beetroot":1,"create:deployer":2,"pamhc2foodcore:carrotcupcakeitem":7,"minecraft:ladder":5,"functionalstorage:linking_tool":40,"minecraft:stone":97,"excompressum:compressed_hammer_stone":1674,"minecraft:rotten_flesh":8,"excompressum:compressed_flint":3,"twilightforest:experiment_115":1,"farmersdelight:sweet_berry_cheesecake":1,"create:fluid_tank":10,"minecraft:soul_sand":1,"minecraft:cocoa_beans":4,"create:mechanical_crafter":168,"create:depot":11,"abstoneedition:pebbles":4,"minecraft:lava_bucket":21,"pamhc2foodcore:saltitem":1,"create:andesite_funnel":12,"create:steam_engine":1,"minecraft:cooked_cod":1,"minecraft:furnace":11,"create:shaft":116,"minecraft:oak_sapling":31,"minecraft:sweet_berries":32,"minecraft:egg":11,"minecraft:potato":12,"excompressum:compressed_nether_gravel":3,"storagenetwork:storage_kabel":11,"storagenetwork:export_kabel":35,"farmersdelight:beef_stew":1,"pamhc2foodcore:freshmilkitem":13,"minecraft:cookie":25,"minecraft:clay":5,"minecraft:cactus":1,"exnihilosequentia:stone_barrel":4,"minecraft:wooden_pickaxe":70,"exnihilosequentia:oak_sieve":12,"minecraft:glow_berries":1,"farmersdelight:pumpkin_slice":1,"mob_grinding_utils:tinted_glass":38,"create:spout":5,"minecraft:golden_apple":1,"minecraft:sand":8,"farmersdelight:honey_cookie":2,"bhc:relic_apple":1,"supplementaries:candle_holder_green":4,"pamhc2foodcore:cheeseitem":1,"pamhc2foodcore:freshwateritem":36,"minecraft:stone_button":6,"exnihilosequentia:large_fern_seeds":3,"create:adjustable_chain_gearshift":8,"sophisticatedstorage:chest":3,"excompressum:cow_bait":2,"minecraft:diamond_sword":33,"create:basin":16,"mob_grinding_utils:fan":15,"minecraft:poisonous_potato":1,"minecraft:smithing_table":1,"sophisticatedstorage:diamond_barrel":5,"create:steam_whistle":1,"excompressum:compressed_dust":1,"bonsaitrees3:bonsaipot":1,"excompressum:auto_sieve":1,"telepastries:overworld_cake":1,"minecraft:stone_sword":171,"storagenetwork:request":6,"rsgauges:industrial_small_lever":4,"minecraft:netherrack":12,"minecraft:torch":263,"minecraft:stick":7,"minecraft:brewing_stand":3,"minecraft:anvil":2,"storagenetwork:inventory_remote":1,"exnihilosequentia:grass_seeds":4,"sophisticatedstorage:iron_barrel":16,"minecraft:oak_fence_gate":1,"thermal:bell_pepper":6,"mysticalagriculture:infusion_pedestal":1,"rsgauges:industrial_lever":4,"thermal:corn":1,"excompressum:compressed_cobblestone":748,"create:wrench":345,"create:gearbox":16,"minecraft:iron_block":3,"minecraft:rooted_dirt":5,"thermal:green_bean":3,"sophisticatedstorage:diamond_chest":1,"storagenetwork:master":2,"pamhc2foodcore:chocolatepuddingitem":1,"cobblefordays:tier_1":3,"exnihilosequentia:dark_oak_seeds":2,"create:encased_chain_drive":39,"chimes:bamboo_chimes":1,"create:fluid_pipe":15,"comforts:sleeping_bag_white":3,"create:belt_connector":40,"excompressum:compressed_gravel":193,"culinaryconstruct:sandwich":1,"minecraft:wheat_seeds":33,"farmersdelight:iron_knife":2,"minecraft:water_bucket":122,"pamhc2foodcore:carrotbreaditem":2,"minecraft:prismarine_brick_slab":4,"storagenetwork:inventory":6,"quark:cobblestone_bricks":96,"pamhc2foodcore:cocoapowderitem":1,"exnihilosequentia:fern_seeds":2,"mekanismtools:stone_paxel":6025,"minecraft:cauldron":2,"avaritia:double_compressed_crafting_table":3,"farmersdelight:barbecue_stick":1,"storagenetwork:crafting_remote":1,"create:blaze_burner":8,"minecraft:vine":12,"minecraft:diamond_block":1,"minecraft:mossy_cobblestone":6,"create:encased_fan":1,"minecraft:crafting_table":14,"engineersdecor:sign_hotwire":1,"minecraft:campfire":1,"minecraft:cod":1,"pamhc2foodcore:chocolatebaritem":4,"create:filter":1,"minecraft:cake":3,"minecraft:oak_log":77,"minecraft:cornflower":1,"exnihilosequentia:oak_barrel":8,"cfm:white_sofa":1,"farmersdelight:pasta_with_meatballs":1,"thermal:cooked_eggplant":1,"create:mechanical_arm":85,"minecraft:iron_pickaxe":249,"create:water_wheel":38,"supplementaries:rope":3,"minecraft:spruce_sapling":25,"thermal:machine_smelter":2,"thermal:radish":1,"excompressum:compressed_hammer_iron":239,"sophisticatedstorage:barrel":3,"minecraft:cobblestone":901,"minecraft:potion":1,"sophisticatedstorage:iron_chest":3,"farmersdelight:egg_sandwich":1,"minecraft:stripped_oak_log":6,"minecraft:moss_carpet":18,"exnihilosequentia:mycelium_spores":2,"create:clutch":4,"quark:oak_chest":65,"create:bar_of_chocolate":1,"pamhc2foodcore:chocolatedonutitem":2,"engineersdecor:sign_danger":1,"aquaculture:algae":1,"pamhc2foodcore:fruitcrumbleitem":1,"kubejs:cake_builder_frame":24,"excompressum:compressed_sand":131,"thermal:machine_bottler":2,"farmersdelight:melon_juice":1,"exnihilosequentia:sea_water_bucket":3,"farmersdelight:fish_stew":1,"exnihilosequentia:oak_crucible":1,"farmersdelight:cooked_cod_slice":1,"create:cogwheel":126,"exnihilosequentia:cooked_silkworm":1,"pamhc2foodcore:gummybearsitem":1,"minecraft:carrot":3,"excompressum:sheep_bait":4,"thermal:cooked_corn":10,"mekanismtools:diamond_paxel":580,"create:speedometer":15,"pamhc2foodcore:cookingoilitem":1,"sophisticatedbackpacks:diamond_backpack":2,"thermal:sadiroot_seeds":1,"pamhc2foodcore:chocolatecupcakeitem":5,"create:millstone":1,"rsgauges:sensitive_glass_block":1,"farmersdelight:raw_pasta":1,"minecraft:slime_spawn_egg":2,"createaddition:electric_motor":6,"minecraft:written_book":1,"quark:glowing_glass_item_frame":2,"sophisticatedstorage:netherite_barrel":2,"minecraft:dark_oak_sapling":1,"minecraft:golden_boots":1,"minecraft:stone_pickaxe":3477,"thermal:corn_seeds":1,"create:crushing_wheel":4,"minecraft:oak_planks":20,"minecraft:sugar_cane":6,"minecraft:ender_pearl":1,"pamhc2foodcore:marshmellowsitem":12,"furnacemk2:furnacemk2":6,"thermal:hearty_stew":2,"quark:azalea_planks":4,"createaddition:rolling_mill":8,"functionalstorage:storage_controller":1,"minecraft:shears":699,"cfm:oak_kitchen_counter":8,"farmersdelight:ratatouille":1,"minecraft:lever":27,"exnihilosequentia:sweet_berry_seeds":3,"cobblefordays:tier_3":1,"custommachinery:custom_machine_item":4,"minecraft:melon_slice":6,"minecraft:bread":2,"minecraft:gravel":54,"exnihilosequentia:dust":1,"create:andesite_casing":3,"mob_grinding_utils:fluid_xp_bucket":18,"storagenetwork:import_kabel":1,"mekanismtools:lapis_lazuli_chestplate":1,"exnihilosequentia:stone_hammer":2389,"create:vertical_gearbox":2,"functionalstorage:oak_1":42,"minecraft:grindstone":1,"minecraft:bone_meal":261,"create:large_cogwheel":24,"minecraft:white_concrete":1,"exnihilosequentia:silkworm":10,"minecraft:azalea":1,"pamhc2foodcore:melonjuiceitem":1,"mekanismtools:lapis_lazuli_leggings":1,"avaritia:compressed_crafting_table":1,"minecraft:dried_kelp":4,"storagenetwork:kabel":50,"excompressum:chicken_bait":4,"minecraft:stone_shovel":257,"thermal:strawberry":1,"pamhc2foodcore:p8juiceitem":1,"functionalstorage:configuration_tool":5,"excompressum:oak_heavy_sieve":4,"sophisticatedstorage:gold_chest":2,"minecraft:dirt":112,"create:mechanical_pump":17,"create:mechanical_mixer":7,"minecraft:white_carpet":10,"minecraft:hopper":19,"cobblefordays:tier_2":2,"minecraft:diamond_helmet":1,"create:chute":1,"cobblefordays:tier_5":6,"pamhc2foodcore:donutitem":2,"mob_grinding_utils:rotten_egg":8,"thermal:tomato":3,"exnihilosequentia:andesite_pebble":1,"exnihilosequentia:wooden_crook":156,"thermal:peanut":1,"minecraft:golden_carrot":1,"thermal:onion":1,"uppers:upper":4,"pamhc2foodcore:yogurtitem":8,"thermal:eggplant":1,"minecraft:stone_pressure_plate":3,"minecraft:beetroot_soup":1,"create:gearshift":7,"minecraft:pumpkin":1,"farmersdelight:fried_egg":1,"pipez:fluid_pipe":5,"exnihilosequentia:fired_crucible":8,"minecraft:cobblestone_stairs":1,"minecraft:baked_potato":22,"minecraft:cobblestone_slab":46,"pamhc2foodcore:hotchocolateitem":5,"create:brass_funnel":8,"minecraft:painting":1,"sophisticatedstorage:gold_barrel":2,"farmersdelight:hot_cocoa":1,"exnihilosequentia:sugarcane_seeds":4,"minecraft:apple":9,"create:mechanical_press":26,"flopper:flopper":1,"pamhc2foodcore:bakedvegetablemedlyitem":5,"minecraft:stone_slab":12,"telepastries:nether_cake":1,"create:large_water_wheel":5,"kubejs:liquid_stone_bucket":1,"pamhc2foodcore:fruitsaladitem":13,"thermal:pbj_sandwich":2,"thermal:cheese_wedge":1,"minecraft:stone_axe":258,"minecraft:fishing_rod":8,"exnihilosequentia:blackstone_pebble":1,"mcwlights:classic_street_lamp":1,"excompressum:auto_hammer":1,"minecraft:bucket":190,"pipez:energy_pipe":2,"create:hand_crank":46,"farmersdelight:fruit_salad":1},"minecraft:crafted":{"pipez:wrench":1,"minecraft:smooth_stone":15,"excompressum:compressed_flint":2,"custommachinery:custom_machine_item":3,"excompressum:compressed_cobblestone":993,"create:brass_nugget":18,"minecraft:diamond_shovel":1,"exnihilosequentia:unfired_crucible":2,"minecraft:lever":7,"sophisticatedbackpacks:crafting_upgrade":1,"thermal:machine_frame":3,"minecraft:iron_bars":16,"exnihilosequentia:stone_barrel":1,"storagenetwork:filter_kabel":4,"minecraft:glass":76,"minecraft:repeater":2,"create:andesite_funnel":2,"minecraft:diamond_helmet":1,"minecraft:diamond_leggings":1,"excompressum:compressed_gravel":911,"create:mechanical_press":2,"exnihilosequentia:raw_aluminum":64,"storagenetwork:import_filter_kabel":4,"mob_grinding_utils:tinted_glass":8,"functionalstorage:configuration_tool":1,"create:brass_funnel":4,"create:cogwheel":32,"supplementaries:flute":1,"pamhc2foodcore:p8juiceitem":1,"minecraft:glass_bottle":6,"minecraft:blue_stained_glass":8,"storagenetwork:kabel":116,"thermal:hearty_stew":1,"excompressum:cow_bait":1,"excompressum:compressed_soul_sand":18,"create:rose_quartz":8,"minecraft:diamond_axe":1,"farmersdelight:iron_knife":1,"minecraft:gravel":9,"create:adjustable_chain_gearshift":1,"farmersdelight:egg_sandwich":1,"minecraft:prismarine_bricks":3,"minecraft:smithing_table":1,"farmersdelight:fruit_salad":1,"exnihilosequentia:fired_crucible":2,"minecraft:copper_ingot":37,"minecraft:campfire":1,"create:encased_chain_drive":6,"create:mechanical_mixer":1,"createaddition:spool":16,"create:gearbox":5,"create:encased_fan":1,"farmersdelight:barbecue_stick":1,"minecraft:stone_slab":300,"quark:oak_chest":87,"minecraft:compass":2,"minecraft:iron_pickaxe":1,"minecraft:iron_block":10,"excompressum:oak_heavy_sieve":1,"minecraft:gold_ingot":26,"sophisticatedstorage:diamond_barrel":5,"create:large_cogwheel":2,"create:propeller":1,"minecraft:netherite_ingot":5,"sophisticatedbackpacks:netherite_backpack":1,"farmersdelight:melon_juice":1,"minecraft:golden_carrot":1,"minecraft:stone_shovel":72,"create:wrench":1,"minecraft:iron_nugget":54,"exnihilosequentia:porcelain_clay":7,"furnacemk2:thermal_core":3,"functionalstorage:linking_tool":1,"quark:cobblestone_bricks":4,"excompressum:compressed_nether_gravel":246,"itemfilters:item_group":9,"minecraft:stone_pickaxe":89,"exnihilosequentia:raw_silver":64,"minecraft:diamond_boots":1,"minecraft:redstone_block":34,"create:electron_tube":4,"create:belt_connector":5,"exnihilosequentia:raw_nickel":64,"create:crafter_slot_cover":6,"sophisticatedstorage:netherite_barrel":2,"minecraft:coal_block":26,"excompressum:compressed_hammer_stone":17,"create:goggles":1,"sophisticatedbackpacks:gold_backpack":1,"cobblefordays:tier_3":1,"cobblefordays:tier_5":1,"create:speedometer":2,"minecraft:oak_fence_gate":1,"functionalstorage:diamond_upgrade":1,"pamhc2foodcore:freshwateritem":8,"exnihilosequentia:diamond_hammer":1,"create:mechanical_arm":1,"excompressum:compressed_netherrack":174,"storagenetwork:inventory":2,"minecraft:blackstone":14,"minecraft:wooden_axe":1,"storagenetwork:request":1,"functionalstorage:storage_controller":1,"create:shaft":136,"storagenetwork:import_kabel":8,"storagenetwork:storage_kabel":12,"exnihilosequentia:string_mesh":8,"mob_grinding_utils:fan":10,"minecraft:brick":4,"minecraft:grindstone":1,"mekanismtools:diamond_paxel":1,"createaddition:capacitor":1,"minecraft:oak_planks":972,"minecraft:cobblestone_slab":96,"minecraft:barrel":9,"sophisticatedstorage:gold_chest":4,"createaddition:rolling_mill":1,"itemfilters:always_true":24,"kubejs:cake_builder_frame":12,"storagenetwork:inventory_remote":3,"sophisticatedstorage:barrel":4,"minecraft:cobblestone_stairs":4,"minecraft:stone":1992,"mob_grinding_utils:tank":3,"create:deployer":1,"furnacemk2:insulation_core":3,"minecraft:hopper":14,"exnihilosequentia:blaze_doll":1,"exnihilosequentia:raw_tin":96,"minecraft:comparator":1,"functionalstorage:gold_upgrade":3,"minecraft:copper_block":6,"kubejs:stone_ingot":11,"cobblefordays:tier_2":1,"mob_grinding_utils:xpsolidifier":1,"create:brass_hand":1,"minecraft:golden_boots":1,"sophisticatedstorage:gold_barrel":5,"minecraft:dropper":2,"sophisticatedstorage:diamond_chest":1,"minecraft:oak_slab":48,"furnacemk2:furnacemk2":3,"mob_grinding_utils:entity_conveyor":6,"excompressum:compressed_sand":169,"minecraft:cauldron":1,"minecraft:crafting_table":51,"create:mechanical_saw":1,"minecraft:gold_ore":164,"uppers:upper":1,"create:fluid_pipe":12,"minecraft:wooden_pickaxe":1,"minecraft:baked_potato":1,"create:zinc_nugget":45,"itemfilters:custom":6,"create:sand_paper":1,"furnacemk2:experience_core":2,"storagenetwork:master":4,"create:gearshift":2,"sophisticatedbackpacks:upgrade_base":2,"mekanismtools:stone_paxel":69,"minecraft:diorite":9,"cobblefordays:tier_1":3,"create:stressometer":1,"minecraft:prismarine_brick_slab":6,"exnihilosequentia:cooked_silkworm":1,"create:water_wheel":17,"minecraft:paper":9,"exnihilosequentia:stone_hammer":108,"minecraft:diamond_pickaxe":1,"sophisticatedbackpacks:diamond_backpack":1,"minecraft:stick":127,"create:mechanical_pump":2,"minecraft:iron_ingot":177,"excompressum:compressed_dirt":15,"minecraft:stone_sword":1,"pamhc2foodcore:juiceritem":1,"minecraft:iron_ore":554,"minecraft:redstone_torch":10,"decorative_blocks:oak_support":3,"minecraft:shears":1,"create:empty_blaze_burner":1,"create:chute":4,"furnacemk2:crystal_gem_item":1,"minecraft:redstone":18,"excompressum:compressed_dust":131,"minecraft:coal":9,"create:steam_engine":1,"minecraft:beehive":1,"pamhc2foodcore:melonjuiceitem":1,"sophisticatedstorage:iron_chest":6,"minecraft:furnace":14,"minecraft:blast_furnace":4,"minecraft:piston":17,"bonsaitrees3:bonsaipot":1,"createaddition:copper_spool":3,"quark:framed_glass":12,"exnihilosequentia:oak_sieve":8,"minecraft:glass_pane":16,"minecraft:diamond_block":2,"exnihilosequentia:beehive_frame":3,"exnihilosequentia:raw_platinum":16,"avaritia:compressed_crafting_table":9,"minecraft:slime_ball":9,"create:millstone":1,"exnihilosequentia:raw_lead":64,"create:fluid_tank":4,"create:basin":2,"thermal:machine_smelter":1,"exnihilosequentia:wooden_crook":1,"functionalstorage:oak_1":20,"sophisticatedstorage:iron_barrel":6,"minecraft:observer":1,"sophisticatedbackpacks:iron_backpack":2,"create:steam_whistle":1,"excompressum:sheep_bait":1,"create:andesite_alloy":44,"create:hand_crank":2,"exnihilosequentia:oak_barrel":1,"storagenetwork:export_kabel":44,"create:large_water_wheel":1,"minecraft:nether_bricks":2,"excompressum:auto_hammer":1,"minecraft:copper_ore":177,"create:item_drain":1,"minecraft:bucket":2,"minecraft:stone_axe":71,"mob_grinding_utils:xp_tap":1,"minecraft:air":1324,"minecraft:blue_dye":1,"avaritia:double_compressed_crafting_table":1,"sophisticatedstorage:chest":6,"exnihilosequentia:dust":9,"functionalstorage:copper_upgrade":3,"minecraft:white_wool":4,"create:whisk":1,"thermal:machine_bottler":1,"minecraft:gold_nugget":9,"create:mechanical_crafter":24,"exnihilosequentia:raw_zinc":87,"minecraft:anvil":1,"minecraft:andesite":42,"minecraft:torch":28,"create:zinc_ingot":13,"minecraft:lapis_block":38,"minecraft:diamond_chestplate":1,"cobblefordays:tier_4":1}},"DataVersion":2975}