{"stats":{"minecraft:broken":{"mekanismtools:stone_paxel":3,"minecraft:shears":3,"exnihilosequentia:stone_hammer":7,"minecraft:wooden_pickaxe":1,"minecraft:stone_pickaxe":4,"minecraft:stone_axe":2,"minecraft:stone_shovel":1,"excompressum:compressed_hammer_stone":6},"minecraft:dropped":{"sophisticatedbackpacks:iron_backpack":1,"minecraft:clay":9,"minecraft:iron_sword":1,"minecraft:diamond":1,"minecraft:dirt":26,"avaritia:double_compressed_crafting_table":2,"decorative_blocks:oak_support":3,"minecraft:bone_meal":50,"thermal:peanut_seeds":1,"exnihilosequentia:tin_pieces":4,"mekanismtools:refined_obsidian_sword":3,"minecraft:stone_axe":2,"minecraft:diamond_block":1,"exnihilosequentia:copper_pieces":5,"minecraft:wheat":4,"minecraft:obsidian":11,"minecraft:oak_planks":1,"exnihilosequentia:potato_seeds":1,"thermal:eggplant_seeds":1,"pamhc2foodcore:cheeseitem":1,"create:bar_of_chocolate":2,"exnihilosequentia:carrot_seeds":2,"exnihilosequentia:wooden_crook":1,"exnihilosequentia:acacia_seeds":1,"minecraft:glass":68,"pamhc2foodcore:carrotcupcakeitem":5,"exnihilosequentia:iron_mesh":1,"minecraft:iron_ingot":81,"thermal:onion_seeds":1,"exnihilosequentia:sweet_berry_seeds":2,"minecraft:wheat_seeds":32,"rsgauges:industrial_rotary_lever":1,"create:polished_rose_quartz":1,"minecraft:cobblestone":362,"minecraft:apple":1,"mekanismtools:stone_paxel":2,"exnihilosequentia:fired_crucible":1,"minecraft:lava_bucket":2,"exnihilosequentia:aluminum_pieces":1,"exnihilosequentia:pickle_seeds":1,"thermal:strawberry":1,"minecraft:shears":1,"exnihilosequentia:gold_pieces":3,"minecraft:pumpkin_seeds":15,"minecraft:potato":35,"exnihilosequentia:grass_seeds":1,"minecraft:stone":241,"create:zinc_ingot":9,"minecraft:bamboo":4,"sophisticatedbackpacks:copper_backpack":1,"exnihilosequentia:oak_seeds":2,"minecraft:moss_block":2,"storagenetwork:inventory_remote":5,"exnihilosequentia:jungle_seeds":5,"exnihilosequentia:spruce_seeds":3,"minecraft:flint":3,"solcarrot:food_book":1,"exnihilosequentia:witch_water_bucket":1,"exnihilosequentia:stone_hammer":7,"ftbquests:book":2,"minecraft:gold_ingot":6,"exnihilosequentia:cactus_seeds":2,"exnihilosequentia:zinc_pieces":5,"buildersdelight:iron_chisel":2,"exnihilomekanism:osmium_pieces":3,"minecraft:beetroot_seeds":13,"minecraft:melon_seeds":13,"create:brass_ingot":12,"comforts:sleeping_bag_white":1,"minecraft:arrow":2,"minecraft:written_book":9,"create:andesite_alloy":4,"minecraft:bread":1,"exnihilosequentia:sugarcane_seeds":2,"storagenetwork:crafting_remote":1,"exnihilosequentia:birch_seeds":1,"exnihilosequentia:iron_pieces":14,"exnihilosequentia:emerald_mesh":1,"minecraft:copper_ingot":49,"exnihilosequentia:string_mesh":2,"sophisticatedstorage:iron_barrel":1,"minecraft:torch":100,"minecraft:cactus":2,"minecraft:bucket":7,"minecraft:sweet_berries":7,"create:shaft":7,"pamhc2foodcore:freshwateritem":1,"exnihilosequentia:dark_oak_seeds":2,"bonsaitrees3:bonsaipot":1,"exnihilosequentia:diamond_mesh":1,"thermal:eggplant":1,"minecraft:andesite":4,"exnihilosequentia:lead_pieces":1,"exnihilosequentia:silver_pieces":1,"minecraft:oak_sapling":1,"thermal:onion":1,"minecraft:stone_pickaxe":9,"bhc:red_heart":1,"excompressum:compressed_gravel":24},"minecraft:killed_by":{"minecraft:zombie":4,"mekanismadditions:baby_skeleton":1,"minecraft:player":58},"minecraft:mined":{"create:copper_casing":1,"quark:azalea_log":1,"quark:azalea_planks":23,"create:andesite_casing":7,"exnihilosequentia:oak_sieve":5,"minecraft:hopper":1,"minecraft:mossy_cobblestone_stairs":1,"mcwlights:classic_street_lamp":1,"minecraft:fire":1,"framedblocks:framed_iron_trapdoor":2,"minecraft:moss_carpet":9,"minecraft:cave_vines":14,"minecraft:dirt_path":5,"minecraft:iron_block":1,"create:mechanical_press":4,"create:cogwheel":25,"minecraft:torch":22,"rsgauges:sensitive_glass_block":1,"minecraft:melon":1,"excompressum:compressed_cobblestone":637,"excompressum:oak_heavy_sieve":2,"minecraft:sugar_cane":11,"create:basin":4,"avaritia:double_compressed_crafting_table":2,"minecraft:wheat":2,"minecraft:grass":61,"minecraft:dark_oak_sapling":1,"create:hand_crank":3,"create:clutch":3,"minecraft:mossy_cobblestone":7,"create:fluid_tank":2,"functionalstorage:oak_1":14,"storagenetwork:master":1,"minecraft:moss_block":298,"create:shaft":7,"minecraft:diamond_block":1,"minecraft:potatoes":1,"minecraft:cobblestone_slab":21,"minecraft:vine":119,"minecraft:bamboo":2,"minecraft:soul_sand":1,"quark:oak_chest":45,"minecraft:dandelion":2,"create:fluid_pipe":6,"create:mechanical_pump":8,"storagenetwork:storage_kabel":3,"create:water_wheel":3,"exnihilosequentia:fired_crucible":6,"minecraft:tall_grass":26,"mcwfurnitures:stripped_spruce_lower_bookshelf_drawer":2,"furnacemk2:furnacemk2":2,"sophisticatedstorage:barrel":3,"minecraft:white_carpet":1,"minecraft:spruce_log":80,"minecraft:mycelium":1,"minecraft:sunflower":1,"minecraft:gravel":13,"create:andesite_funnel":2,"rsgauges:industrial_small_lever":2,"minecraft:oak_sapling":2,"minecraft:brewing_stand":3,"minecraft:cave_vines_plant":3,"minecraft:grass_block":79,"minecraft:white_concrete":3,"comforts:sleeping_bag_white":1,"minecraft:anvil":1,"exnihilosequentia:oak_barrel":6,"sophisticatedstorage:chest":3,"minecraft:azalea_leaves":1,"minecraft:azalea":2,"excompressum:compressed_sand":124,"avaritia:compressed_crafting_table":1,"storagenetwork:inventory":5,"minecraft:clay":5,"quark:cobblestone_bricks":9,"storagenetwork:request":5,"minecraft:poppy":2,"create:brass_casing":6,"minecraft:cobblestone":222,"cobblefordays:tier_3":1,"minecraft:slime_block":1,"minecraft:oak_planks":2,"minecraft:wall_torch":40,"minecraft:cauldron":2,"minecraft:stone_stairs":12,"cobblefordays:tier_2":2,"minecraft:orange_tulip":2,"create:spout":2,"exnihilosequentia:oak_crucible":1,"minecraft:oak_log":113,"minecraft:sand":2,"minecraft:dirt":12,"minecraft:oak_leaves":707,"exnihilosequentia:infested_leaves":42,"excompressum:compressed_dust":1,"minecraft:stone_button":2,"create:large_cogwheel":5,"create:depot":2,"minecraft:spruce_leaves":1,"minecraft:rooted_dirt":5,"minecraft:large_fern":1,"minecraft:spruce_sapling":1,"minecraft:furnace":8,"minecraft:stripped_oak_log":3,"sophisticatedstorage:iron_barrel":12,"minecraft:stone":2784,"minecraft:flowering_azalea":2,"exnihilosequentia:dust":1,"minecraft:crafting_table":52,"cobblefordays:tier_5":1,"exnihilosequentia:stone_barrel":2,"minecraft:stone_slab":2,"excompressum:compressed_gravel":208,"bonsaitrees3:bonsaipot":1,"minecraft:air":22,"minecraft:cactus":1,"minecraft:sweet_berry_bush":1,"minecraft:cocoa":1,"create:mechanical_crafter":18,"engineersdecor:sign_danger":2},"minecraft:killed":{"minecraft:skeleton":60,"minecraft:zombie":35,"mekanismadditions:baby_skeleton":9,"minecraft:spider":1,"minecraft:zombie_villager":1,"mekanismadditions:baby_creeper":14,"minecraft:creeper":36,"minecraft:slime":5,"blue_skies:infested_swarmer":1},"minecraft:picked_up":{"minecraft:seagrass":25,"minecraft:slime_spawn_egg":1,"storagenetwork:inventory_remote":4,"minecraft:anvil":1,"minecraft:prismarine_shard":90,"create:spout":2,"exnihilosequentia:oak_crucible":1,"exnihilomekanism:osmium_pieces":35,"minecraft:stone_slab":2,"minecraft:diamond_sword":1,"minecraft:enchanted_book":2,"exnihilosequentia:andesite_pebble":98,"quark:azalea_log":14,"exnihilosequentia:dark_oak_seeds":4,"minecraft:brewing_stand":4,"create:bar_of_chocolate":2,"exnihilosequentia:flint_mesh":7,"minecraft:string":387,"thermal:tin_ingot":64,"thermal:barley_seeds":4,"create:water_wheel":3,"mysticalagriculture:inferium_essence":32,"exnihilosequentia:oak_sieve":5,"thermal:eggplant":2,"minecraft:written_book":15,"minecraft:enchanted_golden_apple":1,"minecraft:melon_slice":6,"minecraft:coal_block":26,"farmersdelight:ratatouille":1,"thermal:sadiroot_seeds":5,"create:andesite_casing":7,"quark:glowing_glass_item_frame":3,"minecraft:cauldron":4,"thermal:apatite":246,"exnihilosequentia:wooden_crook":3,"minecraft:stone_sword":2,"mekanismadditions:gray_plastic":6,"create:copper_casing":1,"thermal:lead_ingot":64,"excompressum:compressed_sand":14,"minecraft:iron_block":1,"minecraft:water_bucket":1,"minecraft:flint":1506,"exnihilosequentia:gold_pieces":253,"ftbquests:book":1,"furnacemk2:thermal_core":2,"sophisticatedstorage:chest":3,"create:shaft":21,"exnihilosequentia:jungle_seeds":7,"minecraft:glowstone_dust":115,"minecraft:moss_block":407,"exnihilosequentia:iron_mesh":1,"mekanismtools:stone_paxel":3,"thermal:gold_plate":3,"thermal:onion_seeds":1,"exnihilosequentia:silkworm":282,"exnihilosequentia:pickle_seeds":9,"thermal:eggplant_seeds":3,"minecraft:granite":4,"exnihilosequentia:silver_pieces":472,"minecraft:bread":1,"minecraft:rooted_dirt":5,"thermal:copper_plate":15,"minecraft:crafting_table":52,"minecraft:nether_wart":27,"minecraft:clay_ball":24,"storagenetwork:request":5,"exnihilosequentia:witch_water_bucket":1,"pamhc2foodcore:carrotcupcakeitem":12,"exnihilosequentia:spruce_seeds":4,"thermal:strawberry":1,"thermal:nickel_ingot":64,"avaritia:compressed_crafting_table":1,"minecraft:cornflower":3,"create:fluid_pipe":11,"minecraft:white_carpet":36,"excompressum:compressed_cobblestone":1,"framedblocks:framed_iron_trapdoor":6,"thermal:niter":115,"minecraft:iron_nugget":1,"minecraft:poppy":26,"supplementaries:rope":32,"create:clutch":3,"exnihilosequentia:zinc_pieces":388,"create:polished_rose_quartz":1,"minecraft:stone":227,"sophisticatedbackpacks:backpack":1,"exnihilosequentia:granite_pebble":77,"minecraft:redstone":264,"exnihilosequentia:pink_coral_larvae":14,"create:brass_casing":7,"minecraft:prismarine_crystals":12,"exnihilosequentia:diamond_mesh":3,"storagenetwork:inventory":5,"exnihilosequentia:mycelium_spores":2,"excompressum:compressed_gravel":247,"minecraft:stone_shovel":8,"exnihilosequentia:carrot_seeds":5,"minecraft:beetroot_seeds":31,"create:depot":2,"minecraft:gold_ingot":31,"sophisticatedbackpacks:copper_backpack":1,"exnihilosequentia:stone_barrel":2,"rsgauges:sensitive_glass_block":3,"exnihilosequentia:basalt_pebble":99,"minecraft:stripped_oak_log":3,"ae2:fluix_dust":92,"create:brass_sheet":9,"furnacemk2:furnacemk2":2,"engineersdecor:sign_danger":3,"minecraft:oak_log":124,"exnihilosequentia:iron_pieces":1284,"avaritia:double_compressed_crafting_table":4,"minecraft:paper":7,"exnihilosequentia:aluminum_pieces":393,"minecraft:apple":11,"minecraft:kelp":29,"solcarrot:food_book":4,"minecraft:stone_pickaxe":13,"minecraft:iron_ore":48,"minecraft:glass_bottle":3,"exnihilosequentia:oak_seeds":9,"minecraft:iron_sword":1,"minecraft:flowering_azalea":28,"mcwlights:classic_street_lamp":1,"exnihilosequentia:aluminum_ingot":128,"minecraft:sweet_berries":22,"thermal:strawberry_seeds":2,"minecraft:gravel":6442,"mcwfurnitures:stripped_spruce_lower_bookshelf_drawer":2,"exnihilosequentia:birch_seeds":3,"exnihilosequentia:stone_hammer":13,"minecraft:spruce_sapling":28,"minecraft:spruce_log":75,"exnihilosequentia:yellow_coral_larvae":19,"exnihilosequentia:oak_barrel":6,"quark:cobblestone_bricks":10,"minecraft:slime_ball":5,"quark:azalea_planks_slab":12,"minecraft:stone_axe":2,"storagenetwork:master":1,"exnihilosequentia:sweet_berry_seeds":7,"create:mechanical_pump":8,"minecraft:painting":1,"minecraft:oak_button":78,"furnacemk2:insulation_core":2,"pamhc2foodcore:fruitsaladitem":8,"thermal:amaranth_seeds":6,"minecraft:melon_seeds":28,"quark:rope":4,"minecraft:hopper":3,"exnihilosequentia:copper_pieces":590,"minecraft:ender_pearl":4,"storagenetwork:storage_kabel":3,"sophisticatedstorage:iron_barrel":13,"minecraft:wheat":3,"minecraft:redstone_block":23,"create:mechanical_crafter":19,"cobblefordays:tier_5":1,"cobblefordays:tier_3":1,"minecraft:lapis_block":38,"quark:azalea_planks":269,"minecraft:oak_sign":72,"create:sand_paper":6,"create:andesite_funnel":2,"thermal:sulfur":250,"thermal:iron_plate":34,"comforts:sleeping_bag_white":5,"minecraft:bucket":3,"create:mechanical_press":4,"minecraft:cobblestone_slab":117,"blue_skies:bug_guts":2,"minecraft:azalea":28,"minecraft:furnace":8,"minecraft:stick":173,"exnihilosequentia:large_fern_seeds":1,"minecraft:torch":78,"minecraft:dried_kelp":4,"pamhc2foodcore:cookingoilitem":1,"minecraft:vine":61,"create:large_cogwheel":5,"snad:snad":1,"minecraft:cactus":3,"minecraft:rotten_flesh":12,"exnihilosequentia:sugarcane_seeds":4,"rsgauges:industrial_small_lever":3,"minecraft:blaze_powder":163,"minecraft:obsidian":11,"pamhc2foodcore:chocolatecupcakeitem":5,"minecraft:cobblestone":3046,"exnihilosequentia:blackstone_pebble":43,"create:fluid_tank":2,"minecraft:andesite":3,"minecraft:potato":51,"thermal:onion":1,"exnihilosequentia:string_mesh":6,"pamhc2foodcore:marshmellowsitem":12,"create:belt_connector":5,"excompressum:compressed_hammer_iron":2,"exnihilosequentia:tin_pieces":377,"minecraft:lapis_lazuli":411,"minecraft:dirt":182,"thermal:cooked_eggplant":1,"exnihilosequentia:fired_crucible":6,"minecraft:glass":15,"minecraft:bone":20,"mekanismtools:refined_obsidian_sword":2,"furnacemk2:experience_core":2,"minecraft:orange_tulip":14,"minecraft:bow":1,"minecraft:wheat_seeds":77,"thermal:cooked_corn":9,"exnihilosequentia:crafting_doll":4,"exnihilosequentia:grass_seeds":12,"minecraft:bamboo":21,"minecraft:oak_planks":97,"exnihilosequentia:lead_pieces":482,"minecraft:ghast_tear":2,"create:cogwheel":30,"minecraft:poisonous_potato":1,"pamhc2foodcore:freshwateritem":10,"mekanism:enriched_iron":2,"minecraft:sand":1496,"exnihilosequentia:kelp_seeds":40,"buildersdelight:iron_chisel":4,"excompressum:compressed_dust":1,"minecraft:diamond_block":1,"minecraft:mossy_cobblestone":6,"thermal:peanut":1,"pamhc2foodcore:saltitem":1,"minecraft:clay":14,"cobblefordays:tier_2":2,"minecraft:diamond":60,"minecraft:slime_block":2,"rsgauges:industrial_rotary_lever":1,"minecraft:bone_meal":809,"minecraft:golden_apple":8,"minecraft:white_concrete":7,"minecraft:emerald":23,"minecraft:oak_sapling":61,"minecraft:oak_leaves":638,"functionalstorage:oak_1":14,"minecraft:cocoa_beans":13,"minecraft:ladder":64,"bonsaitrees3:bonsaipot":1,"thermal:cinnabar":184,"minecraft:wooden_pickaxe":3,"kubejs:stone_coin":2,"minecraft:oak_trapdoor":38,"minecraft:stone_stairs":21,"minecraft:moss_carpet":158,"thermal:silver_ingot":64,"exnihilosequentia:dust":1120,"exnihilosequentia:potato_seeds":2,"minecraft:blackstone":2,"minecraft:blue_orchid":16,"excompressum:chicken_bait":4,"create:basin":4,"sophisticatedstorage:barrel":3,"thermal:pbj_sandwich":1,"minecraft:sugar_cane":15,"minecraft:dark_oak_sapling":1,"exnihilosequentia:cactus_seeds":3,"minecraft:copper_ingot":23,"exnihilosequentia:uranium_pieces":24,"exnihilosequentia:diorite_pebble":154,"minecraft:stone_button":11,"farmersdelight:fish_stew":1,"create:hand_crank":12,"exnihilosequentia:purple_coral_larvae":14,"supplementaries:candle_holder_green":4,"create:zinc_ingot":74,"exnihilosequentia:nickel_pieces":378,"thermal:peanut_seeds":2,"exnihilosequentia:blue_coral_larvae":18,"minecraft:arrow":39,"ae2:certus_quartz_dust":156,"excompressum:oak_heavy_sieve":2,"twilightforest:experiment_115":2,"excompressum:compressed_flint":128,"pamhc2foodcore:bakedvegetablemedlyitem":3,"create:andesite_alloy":4,"exnihilosequentia:acacia_seeds":2,"minecraft:gunpowder":141,"minecraft:cobblestone_stairs":10,"mekanism:salt":86,"ae2:sky_dust":240,"decorative_blocks:oak_support":5,"minecraft:iron_ingot":96,"thermal:tomato_seeds":3,"minecraft:soul_sand":25,"minecraft:oak_slab":76,"exnihilosequentia:red_coral_larvae":13,"minecraft:quartz":28,"minecraft:dandelion":12,"rftoolsutility:syringe":4,"minecraft:lava_bucket":1,"thermal:green_bean_seeds":1,"quark:oak_chest":79,"minecraft:spider_eye":1,"minecraft:pumpkin_seeds":29,"create:brass_ingot":15,"create:zinc_nugget":12,"mekanism:fluorite_gem":17,"minecraft:mossy_cobblestone_stairs":3,"furnacemk2:crystal_gem_item":1,"minecraft:coal":625,"minecraft:sunflower":4},"minecraft:custom":{"minecraft:interact_with_crafting_table":441,"minecraft:open_barrel":102,"minecraft:leave_game":5,"minecraft:time_since_death":2938,"minecraft:play_time":757048,"minecraft:deaths":82,"minecraft:jump":5445,"minecraft:interact_with_furnace":280,"minecraft:sleep_in_bed":2,"minecraft:damage_dealt":11875,"minecraft:inspect_dispenser":1,"minecraft:interact_with_anvil":3,"minecraft:inspect_hopper":23,"minecraft:damage_dealt_absorbed":12,"minecraft:sneak_time":29515,"minecraft:interact_with_lectern":1,"minecraft:total_world_time":757392,"minecraft:time_since_rest":2978,"minecraft:swim_one_cm":2800,"minecraft:fly_one_cm":1231156,"minecraft:open_chest":1181,"minecraft:fall_one_cm":109752,"minecraft:sprint_one_cm":1095838,"minecraft:drop":243,"minecraft:interact_with_brewingstand":1,"minecraft:walk_on_water_one_cm":18877,"minecraft:player_kills":73,"minecraft:crouch_one_cm":91100,"minecraft:mob_kills":164,"minecraft:damage_dealt_resisted":385,"minecraft:climb_one_cm":61591,"minecraft:walk_one_cm":1578927,"minecraft:walk_under_water_one_cm":6519,"minecraft:damage_taken":19326},"minecraft:used":{"minecraft:beetroot":1,"minecraft:moss_block":191,"functionalstorage:linking_tool":35,"minecraft:ladder":5,"pamhc2foodcore:carrotcupcakeitem":7,"minecraft:stone":73,"excompressum:compressed_hammer_stone":905,"minecraft:rotten_flesh":6,"excompressum:compressed_flint":2,"twilightforest:experiment_115":1,"create:fluid_tank":6,"minecraft:soul_sand":1,"minecraft:cocoa_beans":1,"create:mechanical_crafter":27,"create:depot":2,"minecraft:lava_bucket":10,"abstoneedition:pebbles":4,"pamhc2foodcore:saltitem":1,"create:andesite_funnel":4,"minecraft:sweet_berries":15,"create:shaft":10,"minecraft:furnace":10,"minecraft:oak_sapling":29,"minecraft:potato":4,"storagenetwork:storage_kabel":10,"minecraft:cactus":1,"minecraft:wooden_pickaxe":70,"exnihilosequentia:oak_sieve":12,"exnihilosequentia:stone_barrel":3,"minecraft:clay":5,"create:spout":2,"minecraft:cookie":8,"minecraft:glow_berries":1,"minecraft:sand":5,"pamhc2foodcore:cheeseitem":1,"supplementaries:candle_holder_green":4,"pamhc2foodcore:freshwateritem":26,"minecraft:stone_button":4,"exnihilosequentia:large_fern_seeds":1,"sophisticatedstorage:chest":3,"minecraft:diamond_sword":12,"create:basin":5,"sophisticatedstorage:diamond_barrel":3,"excompressum:compressed_dust":1,"bonsaitrees3:bonsaipot":1,"minecraft:stone_sword":107,"storagenetwork:request":6,"rsgauges:industrial_small_lever":3,"minecraft:stick":7,"minecraft:torch":123,"minecraft:brewing_stand":2,"minecraft:anvil":2,"storagenetwork:inventory_remote":1,"sophisticatedstorage:iron_barrel":12,"thermal:corn":1,"excompressum:compressed_cobblestone":736,"create:wrench":39,"minecraft:iron_block":2,"minecraft:rooted_dirt":5,"thermal:green_bean":1,"storagenetwork:master":2,"cobblefordays:tier_1":2,"create:fluid_pipe":7,"comforts:sleeping_bag_white":3,"create:belt_connector":2,"excompressum:compressed_gravel":190,"minecraft:water_bucket":31,"storagenetwork:inventory":6,"quark:cobblestone_bricks":77,"pamhc2foodcore:cocoapowderitem":1,"mekanismtools:stone_paxel":748,"minecraft:cauldron":2,"avaritia:double_compressed_crafting_table":2,"storagenetwork:crafting_remote":1,"create:blaze_burner":1,"minecraft:mossy_cobblestone":6,"minecraft:diamond_block":1,"minecraft:vine":12,"minecraft:crafting_table":5,"minecraft:oak_log":14,"minecraft:cornflower":1,"exnihilosequentia:oak_barrel":8,"thermal:cooked_eggplant":1,"minecraft:iron_pickaxe":90,"create:water_wheel":5,"thermal:radish":1,"minecraft:spruce_sapling":7,"excompressum:compressed_hammer_iron":193,"sophisticatedstorage:barrel":3,"minecraft:cobblestone":554,"quark:oak_chest":46,"create:clutch":4,"exnihilosequentia:mycelium_spores":2,"minecraft:stripped_oak_log":3,"create:bar_of_chocolate":1,"minecraft:moss_carpet":2,"engineersdecor:sign_danger":1,"excompressum:compressed_sand":124,"exnihilosequentia:sea_water_bucket":3,"farmersdelight:fish_stew":1,"create:cogwheel":44,"exnihilosequentia:cooked_silkworm":1,"exnihilosequentia:oak_crucible":1,"minecraft:carrot":3,"thermal:cooked_corn":9,"pamhc2foodcore:cookingoilitem":1,"thermal:sadiroot_seeds":1,"pamhc2foodcore:chocolatecupcakeitem":5,"rsgauges:sensitive_glass_block":1,"farmersdelight:raw_pasta":1,"minecraft:slime_spawn_egg":1,"quark:glowing_glass_item_frame":2,"minecraft:dark_oak_sapling":1,"minecraft:stone_pickaxe":616,"minecraft:oak_planks":3,"minecraft:sugar_cane":6,"pamhc2foodcore:marshmellowsitem":12,"furnacemk2:furnacemk2":5,"quark:azalea_planks":4,"functionalstorage:storage_controller":1,"minecraft:shears":699,"farmersdelight:ratatouille":1,"exnihilosequentia:sweet_berry_seeds":3,"cobblefordays:tier_3":1,"minecraft:melon_slice":3,"minecraft:bread":2,"create:andesite_casing":2,"minecraft:gravel":53,"exnihilosequentia:dust":1,"exnihilosequentia:stone_hammer":1902,"functionalstorage:oak_1":17,"exnihilosequentia:silkworm":5,"minecraft:white_concrete":1,"minecraft:bone_meal":64,"create:large_cogwheel":11,"minecraft:azalea":1,"avaritia:compressed_crafting_table":1,"minecraft:stone_shovel":205,"thermal:strawberry":1,"minecraft:dried_kelp":4,"storagenetwork:kabel":4,"excompressum:oak_heavy_sieve":3,"sophisticatedstorage:gold_chest":2,"functionalstorage:configuration_tool":5,"create:mechanical_pump":10,"minecraft:dirt":59,"create:mechanical_mixer":1,"minecraft:white_carpet":10,"minecraft:hopper":6,"cobblefordays:tier_2":2,"cobblefordays:tier_5":2,"thermal:tomato":2,"exnihilosequentia:andesite_pebble":1,"exnihilosequentia:wooden_crook":107,"thermal:peanut":1,"thermal:eggplant":1,"minecraft:beetroot_soup":1,"exnihilosequentia:fired_crucible":7,"minecraft:cobblestone_stairs":1,"minecraft:cobblestone_slab":29,"minecraft:painting":1,"sophisticatedstorage:gold_barrel":2,"exnihilosequentia:sugarcane_seeds":4,"minecraft:apple":5,"create:mechanical_press":5,"flopper:flopper":1,"pamhc2foodcore:bakedvegetablemedlyitem":3,"minecraft:stone_slab":10,"kubejs:liquid_stone_bucket":1,"pamhc2foodcore:fruitsaladitem":8,"minecraft:stone_axe":258,"thermal:pbj_sandwich":1,"mcwlights:classic_street_lamp":1,"exnihilosequentia:blackstone_pebble":1,"minecraft:bucket":70,"create:hand_crank":12},"minecraft:crafted":{"minecraft:smooth_stone":15,"excompressum:compressed_flint":2,"excompressum:compressed_cobblestone":735,"exnihilosequentia:unfired_crucible":2,"exnihilosequentia:stone_barrel":1,"minecraft:glass":15,"excompressum:compressed_gravel":675,"create:mechanical_press":1,"exnihilosequentia:raw_aluminum":64,"functionalstorage:configuration_tool":1,"create:cogwheel":3,"supplementaries:flute":1,"minecraft:glass_bottle":6,"storagenetwork:kabel":40,"excompressum:compressed_soul_sand":16,"create:rose_quartz":3,"exnihilosequentia:fired_crucible":2,"minecraft:copper_ingot":37,"create:mechanical_mixer":1,"minecraft:stone_slab":72,"quark:oak_chest":62,"minecraft:iron_pickaxe":1,"minecraft:iron_block":5,"minecraft:gold_ingot":26,"sophisticatedstorage:diamond_barrel":3,"create:large_cogwheel":1,"minecraft:stone_shovel":6,"create:wrench":1,"minecraft:iron_nugget":9,"exnihilosequentia:porcelain_clay":7,"furnacemk2:thermal_core":3,"functionalstorage:linking_tool":1,"quark:cobblestone_bricks":4,"minecraft:stone_pickaxe":5,"exnihilosequentia:raw_silver":64,"minecraft:redstone_block":23,"create:electron_tube":1,"exnihilosequentia:raw_nickel":64,"minecraft:coal_block":26,"excompressum:compressed_hammer_stone":11,"sophisticatedbackpacks:gold_backpack":1,"cobblefordays:tier_3":1,"cobblefordays:tier_5":1,"functionalstorage:diamond_upgrade":1,"storagenetwork:inventory":2,"minecraft:blackstone":14,"minecraft:wooden_axe":1,"storagenetwork:request":1,"functionalstorage:storage_controller":1,"create:shaft":24,"storagenetwork:storage_kabel":8,"exnihilosequentia:string_mesh":8,"minecraft:brick":4,"minecraft:oak_planks":588,"minecraft:cobblestone_slab":24,"minecraft:barrel":6,"sophisticatedstorage:gold_chest":2,"sophisticatedstorage:barrel":3,"minecraft:cobblestone_stairs":4,"minecraft:stone":690,"storagenetwork:inventory_remote":3,"furnacemk2:insulation_core":3,"minecraft:hopper":7,"exnihilosequentia:blaze_doll":1,"exnihilosequentia:raw_tin":96,"minecraft:comparator":1,"functionalstorage:gold_upgrade":2,"sophisticatedstorage:gold_barrel":5,"cobblefordays:tier_2":1,"minecraft:dropper":2,"minecraft:oak_slab":36,"furnacemk2:furnacemk2":3,"excompressum:compressed_sand":155,"minecraft:cauldron":1,"minecraft:crafting_table":51,"minecraft:gold_ore":99,"minecraft:baked_potato":1,"minecraft:wooden_pickaxe":1,"create:fluid_pipe":8,"create:zinc_nugget":27,"furnacemk2:experience_core":2,"storagenetwork:master":4,"mekanismtools:stone_paxel":3,"minecraft:diorite":9,"cobblefordays:tier_1":3,"exnihilosequentia:cooked_silkworm":1,"minecraft:paper":9,"exnihilosequentia:stone_hammer":108,"create:water_wheel":2,"sophisticatedbackpacks:diamond_backpack":1,"minecraft:stick":96,"create:mechanical_pump":1,"minecraft:iron_ingot":177,"excompressum:compressed_dirt":9,"minecraft:iron_ore":264,"minecraft:redstone_torch":4,"decorative_blocks:oak_support":3,"minecraft:shears":1,"create:empty_blaze_burner":1,"furnacemk2:crystal_gem_item":1,"minecraft:redstone":9,"excompressum:compressed_dust":124,"sophisticatedstorage:iron_chest":2,"minecraft:furnace":8,"minecraft:blast_furnace":3,"bonsaitrees3:bonsaipot":1,"minecraft:diamond_block":1,"exnihilosequentia:oak_sieve":7,"avaritia:compressed_crafting_table":9,"minecraft:slime_ball":9,"exnihilosequentia:raw_lead":64,"create:fluid_tank":4,"create:basin":1,"exnihilosequentia:wooden_crook":1,"functionalstorage:oak_1":9,"sophisticatedstorage:iron_barrel":5,"sophisticatedbackpacks:iron_backpack":2,"create:andesite_alloy":16,"create:hand_crank":1,"exnihilosequentia:oak_barrel":1,"minecraft:copper_ore":49,"minecraft:bucket":2,"minecraft:stone_axe":5,"minecraft:air":729,"avaritia:double_compressed_crafting_table":1,"sophisticatedstorage:chest":2,"exnihilosequentia:dust":9,"functionalstorage:copper_upgrade":2,"create:whisk":1,"minecraft:white_wool":4,"create:mechanical_crafter":9,"exnihilosequentia:raw_zinc":87,"minecraft:anvil":1,"minecraft:andesite":42,"minecraft:torch":12,"create:zinc_ingot":13,"minecraft:lapis_block":38,"cobblefordays:tier_4":1}},"DataVersion":2975}