{"stats":{"minecraft:broken":{"mekanismtools:stone_paxel":4,"minecraft:shears":3,"supplementaries:flute":1,"exnihilosequentia:stone_hammer":9,"minecraft:wooden_pickaxe":1,"minecraft:iron_pickaxe":1,"minecraft:stone_pickaxe":22,"minecraft:stone_axe":2,"minecraft:stone_shovel":1,"excompressum:compressed_hammer_stone":9,"create:sand_paper":1},"minecraft:dropped":{"sophisticatedbackpacks:iron_backpack":2,"minecraft:clay":9,"minecraft:iron_sword":1,"minecraft:lapis_lazuli":6,"minecraft:glass_bottle":1,"minecraft:diamond":1,"minecraft:dirt":26,"minecraft:gray_concrete":14,"supplementaries:rope":16,"avaritia:double_compressed_crafting_table":2,"decorative_blocks:oak_support":3,"minecraft:bone_meal":50,"thermal:peanut_seeds":1,"exnihilosequentia:tin_pieces":4,"mekanismtools:refined_obsidian_sword":4,"minecraft:stone_axe":2,"minecraft:sugar_cane":1,"minecraft:diamond_block":1,"exnihilosequentia:nickel_pieces":2,"minecraft:wheat":4,"minecraft:obsidian":20,"exnihilosequentia:copper_pieces":15,"minecraft:oak_planks":1,"thermal:corn":1,"exnihilosequentia:potato_seeds":3,"thermal:eggplant_seeds":1,"pamhc2foodcore:cheeseitem":1,"create:bar_of_chocolate":2,"pamhc2foodcore:freshmilkitem":3,"exnihilosequentia:carrot_seeds":4,"exnihilosequentia:wooden_crook":1,"exnihilosequentia:acacia_seeds":2,"minecraft:glass":68,"pamhc2foodcore:carrotcupcakeitem":5,"exnihilosequentia:iron_mesh":1,"minecraft:iron_ingot":95,"thermal:onion_seeds":1,"exnihilosequentia:sweet_berry_seeds":3,"minecraft:wheat_seeds":88,"rsgauges:industrial_rotary_lever":1,"create:polished_rose_quartz":1,"farmersdelight:skillet":3,"mekanism:dust_obsidian":1,"minecraft:cobblestone":429,"minecraft:apple":1,"vanillahammers:obsidian_hammer":2,"mekanismtools:stone_paxel":2,"exnihilosequentia:fired_crucible":1,"minecraft:lava_bucket":2,"exnihilosequentia:aluminum_pieces":3,"minecraft:string":1,"pamhc2foodcore:grinderitem":2,"pamhc2foodcore:potitem":1,"minecraft:moss_carpet":12,"minecraft:stone_sword":2,"minecraft:stone_shovel":1,"sophisticatedbackpacks:backpack":2,"exnihilosequentia:pickle_seeds":1,"thermal:strawberry":1,"minecraft:pumpkin_seeds":28,"minecraft:shears":1,"exnihilosequentia:gold_pieces":9,"minecraft:diamond_sword":3,"minecraft:potato":35,"exnihilosequentia:grass_seeds":7,"minecraft:stone":241,"create:zinc_ingot":23,"minecraft:bamboo":4,"sophisticatedbackpacks:copper_backpack":1,"exnihilosequentia:oak_seeds":3,"farmersdelight:diamond_knife":2,"supplementaries:flute":5,"create:belt_connector":5,"exnihilosequentia:mycelium_spores":3,"storagenetwork:inventory_remote":5,"minecraft:moss_block":5,"pamhc2foodcore:bakewareitem":1,"exnihilosequentia:jungle_seeds":7,"exnihilosequentia:bamboo_seeds":2,"excompressum:sheep_bait":1,"exnihilosequentia:spruce_seeds":5,"minecraft:flint":7,"solcarrot:food_book":3,"exnihilosequentia:witch_water_bucket":1,"exnihilosequentia:stone_hammer":7,"ftbquests:book":2,"thermal:green_bean_seeds":3,"minecraft:gold_ingot":17,"minecraft:gravel":1,"exnihilosequentia:cactus_seeds":5,"exnihilosequentia:zinc_pieces":7,"buildersdelight:iron_chisel":3,"exnihilomekanism:osmium_pieces":3,"minecraft:beetroot_seeds":24,"minecraft:melon_seeds":24,"create:brass_ingot":16,"comforts:sleeping_bag_white":1,"minecraft:arrow":3,"minecraft:written_book":9,"create:andesite_alloy":21,"minecraft:water_bucket":2,"minecraft:bread":1,"exnihilosequentia:sugarcane_seeds":2,"create:unprocessed_obsidian_sheet":8,"storagenetwork:crafting_remote":2,"kubejs:stone_ingot":3,"exnihilosequentia:birch_seeds":2,"exnihilosequentia:iron_pieces":20,"exnihilosequentia:emerald_mesh":1,"minecraft:copper_ingot":69,"exnihilosequentia:string_mesh":2,"sophisticatedstorage:iron_barrel":1,"minecraft:torch":100,"minecraft:cactus":2,"minecraft:bucket":22,"minecraft:redstone_block":7,"mekanismtools:diamond_paxel":1,"minecraft:sweet_berries":7,"create:shaft":7,"pamhc2foodcore:freshwateritem":1,"exnihilosequentia:dark_oak_seeds":2,"bonsaitrees3:bonsaipot":1,"exnihilosequentia:diamond_mesh":1,"thermal:eggplant":1,"minecraft:andesite":4,"exnihilosequentia:lead_pieces":7,"exnihilosequentia:silver_pieces":5,"minecraft:oak_sapling":1,"thermal:onion":1,"thermal:bell_pepper_seeds":5,"minecraft:stone_pickaxe":12,"bhc:red_heart":1,"excompressum:compressed_gravel":24},"minecraft:killed_by":{"mekanismadditions:baby_creeper":1,"minecraft:zombie":4,"minecraft:creeper":1,"mekanismadditions:baby_skeleton":1,"minecraft:player":81},"minecraft:mined":{"create:copper_casing":1,"quark:azalea_log":1,"quark:azalea_planks":23,"create:andesite_casing":9,"minecraft:carved_pumpkin":1,"exnihilosequentia:oak_sieve":5,"minecraft:hopper":1,"create:belt":1,"minecraft:mossy_cobblestone_stairs":1,"mcwlights:classic_street_lamp":1,"minecraft:fire":1,"framedblocks:framed_iron_trapdoor":2,"minecraft:moss_carpet":10,"minecraft:pumpkin":2,"minecraft:cave_vines":14,"minecraft:dirt_path":5,"create:gearshift":1,"minecraft:iron_block":1,"create:mechanical_press":6,"create:cogwheel":34,"engineersdecor:metal_sliding_door":1,"minecraft:torch":30,"rsgauges:sensitive_glass_block":1,"minecraft:melon":1,"excompressum:compressed_cobblestone":637,"excompressum:oak_heavy_sieve":2,"minecraft:sugar_cane":11,"create:basin":4,"avaritia:double_compressed_crafting_table":2,"minecraft:wheat":12,"create:mechanical_mixer":1,"minecraft:grass":65,"create:hand_crank":10,"minecraft:dark_oak_sapling":1,"create:clutch":3,"excompressum:sheep_bait":1,"minecraft:mossy_cobblestone":11,"create:fluid_tank":2,"functionalstorage:oak_1":16,"storagenetwork:master":1,"create:mechanical_arm":8,"minecraft:moss_block":302,"supplementaries:rope":3,"create:shaft":14,"minecraft:diamond_block":1,"minecraft:potatoes":1,"minecraft:cobblestone_slab":21,"minecraft:vine":119,"create:deployer":1,"minecraft:bamboo":3,"minecraft:soul_sand":1,"rsgauges:industrial_lever":1,"quark:oak_chest":49,"minecraft:dandelion":2,"create:fluid_pipe":7,"create:mechanical_pump":9,"storagenetwork:storage_kabel":3,"create:water_wheel":3,"exnihilosequentia:fired_crucible":6,"minecraft:tall_grass":27,"mcwfurnitures:stripped_spruce_lower_bookshelf_drawer":2,"create:blaze_burner":1,"furnacemk2:furnacemk2":2,"sophisticatedstorage:barrel":3,"minecraft:white_carpet":1,"minecraft:spruce_log":80,"create:crushing_wheel":6,"minecraft:mycelium":1,"minecraft:sunflower":1,"minecraft:gravel":37,"create:andesite_funnel":2,"minecraft:oak_sapling":2,"rsgauges:industrial_small_lever":2,"minecraft:brewing_stand":3,"minecraft:cave_vines_plant":3,"minecraft:grass_block":79,"minecraft:white_concrete":3,"comforts:sleeping_bag_white":1,"minecraft:anvil":1,"exnihilosequentia:oak_barrel":6,"sophisticatedstorage:chest":3,"minecraft:azalea_leaves":1,"minecraft:azalea":2,"mob_grinding_utils:tinted_glass":2,"excompressum:compressed_sand":124,"avaritia:compressed_crafting_table":1,"storagenetwork:inventory":5,"minecraft:clay":5,"quark:cobblestone_bricks":10,"storagenetwork:request":5,"minecraft:poppy":2,"create:brass_casing":15,"cobblefordays:tier_3":1,"minecraft:cobblestone":273,"minecraft:slime_block":1,"minecraft:oak_planks":5,"minecraft:wall_torch":43,"minecraft:cauldron":2,"create:large_water_wheel":1,"minecraft:stone_stairs":12,"cobblefordays:tier_2":2,"excompressum:chicken_bait":1,"create:steam_whistle":1,"minecraft:orange_tulip":2,"create:spout":4,"exnihilosequentia:oak_crucible":1,"minecraft:oak_log":113,"minecraft:sand":2,"minecraft:dirt":13,"minecraft:oak_leaves":707,"exnihilosequentia:infested_leaves":42,"create:brass_funnel":5,"excompressum:compressed_dust":1,"minecraft:stone_button":2,"create:large_cogwheel":8,"create:depot":8,"minecraft:spruce_leaves":1,"minecraft:rooted_dirt":5,"minecraft:large_fern":1,"minecraft:spruce_sapling":1,"minecraft:furnace":8,"minecraft:stripped_oak_log":4,"sophisticatedstorage:iron_barrel":12,"minecraft:stone":6739,"minecraft:podzol":58,"minecraft:flowering_azalea":3,"exnihilosequentia:dust":1,"minecraft:crafting_table":53,"cobblefordays:tier_5":3,"exnihilosequentia:stone_barrel":2,"minecraft:stone_slab":6,"excompressum:compressed_gravel":272,"bonsaitrees3:bonsaipot":1,"minecraft:air":54,"minecraft:cactus":1,"minecraft:sweet_berry_bush":2,"minecraft:bee_nest":1,"minecraft:cocoa":1,"create:mechanical_crafter":48,"engineersdecor:sign_danger":2},"minecraft:killed":{"minecraft:skeleton":72,"minecraft:zombie":40,"mekanismadditions:baby_skeleton":12,"minecraft:spider":2,"minecraft:zombie_villager":1,"mekanismadditions:baby_creeper":14,"minecraft:creeper":47,"minecraft:slime":14,"blue_skies:infested_swarmer":1},"minecraft:picked_up":{"minecraft:seagrass":25,"minecraft:slime_spawn_egg":1,"storagenetwork:inventory_remote":4,"thermal:amaranth":2,"minecraft:anvil":1,"minecraft:prismarine_shard":90,"exnihilomekanism:osmium_pieces":35,"exnihilosequentia:oak_crucible":1,"create:spout":4,"minecraft:stone_slab":6,"minecraft:diamond_sword":2,"minecraft:enchanted_book":2,"exnihilosequentia:andesite_pebble":184,"quark:azalea_log":14,"exnihilosequentia:dark_oak_seeds":8,"minecraft:brewing_stand":4,"create:bar_of_chocolate":2,"exnihilosequentia:flint_mesh":7,"minecraft:string":389,"thermal:tin_ingot":64,"thermal:barley_seeds":4,"create:unprocessed_obsidian_sheet":7,"create:water_wheel":3,"mysticalagriculture:inferium_essence":36,"exnihilosequentia:oak_sieve":5,"minecraft:written_book":15,"thermal:eggplant":2,"minecraft:enchanted_golden_apple":1,"minecraft:melon_slice":6,"minecraft:coal_block":26,"farmersdelight:ratatouille":1,"thermal:sadiroot_seeds":5,"create:andesite_casing":9,"farmersdelight:sweet_berry_cheesecake":1,"quark:glowing_glass_item_frame":3,"engineersdecor:sign_hotwire":1,"minecraft:cauldron":4,"thermal:apatite":246,"exnihilosequentia:wooden_crook":3,"minecraft:stone_sword":5,"mekanismadditions:gray_plastic":6,"aquaculture:algae":1,"create:copper_casing":1,"thermal:lead_ingot":64,"excompressum:compressed_sand":14,"pamhc2foodcore:chocolatepuddingitem":2,"minecraft:iron_block":1,"minecraft:carved_pumpkin":1,"create:mechanical_arm":8,"minecraft:water_bucket":2,"minecraft:flint":1510,"exnihilosequentia:gold_pieces":259,"minecraft:gray_concrete":14,"ftbquests:book":1,"furnacemk2:thermal_core":2,"sophisticatedstorage:chest":3,"create:shaft":35,"minecraft:glowstone_dust":115,"exnihilosequentia:jungle_seeds":9,"minecraft:moss_block":410,"create:gearshift":1,"exnihilosequentia:iron_mesh":1,"mekanismtools:stone_paxel":3,"thermal:gold_plate":8,"create:steam_whistle":1,"thermal:onion_seeds":1,"exnihilosequentia:silkworm":282,"exnihilosequentia:pickle_seeds":9,"minecraft:lever":1,"thermal:eggplant_seeds":3,"minecraft:granite":4,"exnihilosequentia:silver_pieces":476,"minecraft:bread":1,"aquaculture:box":1,"minecraft:rooted_dirt":5,"thermal:copper_plate":22,"create:precision_mechanism":1,"minecraft:crafting_table":53,"minecraft:nether_wart":38,"minecraft:clay_ball":24,"storagenetwork:request":5,"pamhc2foodcore:yogurtitem":9,"exnihilosequentia:witch_water_bucket":1,"pamhc2foodcore:carrotcupcakeitem":12,"exnihilosequentia:spruce_seeds":7,"thermal:strawberry":1,"thermal:nickel_ingot":64,"avaritia:compressed_crafting_table":1,"minecraft:cornflower":3,"create:fluid_pipe":12,"minecraft:white_carpet":36,"create:brass_funnel":5,"excompressum:compressed_cobblestone":15,"framedblocks:framed_iron_trapdoor":6,"thermal:niter":115,"minecraft:iron_nugget":1,"minecraft:poppy":26,"supplementaries:rope":82,"create:clutch":3,"minecraft:egg":2,"exnihilosequentia:zinc_pieces":390,"create:polished_rose_quartz":1,"minecraft:stone":227,"sophisticatedbackpacks:backpack":1,"exnihilosequentia:granite_pebble":106,"minecraft:redstone":369,"create:brass_casing":16,"exnihilosequentia:pink_coral_larvae":14,"minecraft:prismarine_crystals":12,"exnihilosequentia:diamond_mesh":3,"storagenetwork:inventory":5,"exnihilosequentia:mycelium_spores":7,"minecraft:stone_shovel":8,"excompressum:compressed_gravel":247,"exnihilosequentia:carrot_seeds":7,"minecraft:beetroot_seeds":50,"mekanismtools:lapis_lazuli_leggings":1,"create:depot":8,"minecraft:gold_ingot":44,"sophisticatedbackpacks:copper_backpack":1,"pamhc2foodcore:freshmilkitem":4,"exnihilosequentia:stone_barrel":2,"rsgauges:sensitive_glass_block":3,"exnihilosequentia:basalt_pebble":146,"minecraft:stripped_oak_log":4,"ae2:fluix_dust":92,"exnihilosequentia:fern_seeds":2,"create:brass_sheet":20,"excompressum:cow_bait":1,"engineersdecor:sign_danger":3,"furnacemk2:furnacemk2":2,"minecraft:oak_log":124,"exnihilosequentia:iron_pieces":1290,"farmersdelight:skillet":1,"avaritia:double_compressed_crafting_table":5,"minecraft:paper":7,"create:crushing_wheel":6,"exnihilosequentia:aluminum_pieces":395,"minecraft:apple":11,"minecraft:kelp":29,"solcarrot:food_book":5,"thermal:corn":2,"minecraft:stone_pickaxe":16,"minecraft:iron_ore":48,"minecraft:glass_bottle":4,"exnihilosequentia:oak_seeds":11,"minecraft:iron_sword":1,"minecraft:flowering_azalea":28,"mcwlights:classic_street_lamp":1,"minecraft:sweet_berries":35,"exnihilosequentia:aluminum_ingot":128,"thermal:strawberry_seeds":2,"minecraft:gravel":6449,"mcwfurnitures:stripped_spruce_lower_bookshelf_drawer":2,"exnihilosequentia:stone_hammer":13,"minecraft:spruce_sapling":28,"exnihilosequentia:birch_seeds":5,"minecraft:spruce_log":75,"exnihilosequentia:yellow_coral_larvae":19,"exnihilosequentia:oak_barrel":6,"quark:cobblestone_bricks":11,"pamhc2foodcore:fruitcrumbleitem":1,"minecraft:slime_ball":13,"quark:azalea_planks_slab":12,"minecraft:stone_axe":2,"storagenetwork:master":1,"exnihilosequentia:sweet_berry_seeds":8,"create:mechanical_pump":9,"minecraft:painting":1,"minecraft:oak_button":78,"pamhc2foodcore:hotchocolateitem":3,"minecraft:melon_seeds":45,"thermal:amaranth_seeds":13,"furnacemk2:insulation_core":2,"pamhc2foodcore:fruitsaladitem":8,"quark:rope":4,"exnihilosequentia:copper_pieces":600,"minecraft:hopper":3,"minecraft:ender_pearl":4,"storagenetwork:storage_kabel":3,"sophisticatedstorage:iron_barrel":13,"minecraft:wheat":64,"minecraft:redstone_block":30,"create:mechanical_crafter":47,"vanillahammers:obsidian_hammer":1,"cobblefordays:tier_5":3,"cobblefordays:tier_3":1,"minecraft:lapis_block":38,"quark:azalea_planks":269,"create:sand_paper":6,"minecraft:oak_sign":72,"create:andesite_funnel":2,"thermal:sulfur":250,"thermal:iron_plate":47,"create:mechanical_press":6,"thermal:tomato":7,"minecraft:bucket":5,"comforts:sleeping_bag_white":5,"create:sturdy_sheet":1,"minecraft:cobblestone_slab":117,"blue_skies:bug_guts":2,"minecraft:azalea":28,"minecraft:furnace":8,"minecraft:stick":228,"create:mechanical_mixer":1,"exnihilosequentia:large_fern_seeds":3,"minecraft:torch":95,"pamhc2foodcore:carrotbreaditem":2,"minecraft:dried_kelp":4,"pamhc2foodcore:cookingoilitem":1,"minecraft:vine":61,"create:large_cogwheel":8,"snad:snad":1,"minecraft:cactus":5,"minecraft:rotten_flesh":12,"thermal:corn_seeds":5,"exnihilosequentia:sugarcane_seeds":4,"rsgauges:industrial_small_lever":4,"minecraft:obsidian":22,"pamhc2foodcore:chocolatecupcakeitem":5,"minecraft:cod":3,"minecraft:blaze_powder":163,"minecraft:cobblestone":9441,"mekanismtools:lapis_lazuli_chestplate":1,"exnihilosequentia:blackstone_pebble":71,"create:fluid_tank":2,"minecraft:andesite":18,"mekanismtools:lapis_lazuli_helmet":1,"minecraft:potato":51,"exnihilosequentia:string_mesh":6,"pamhc2foodcore:marshmellowsitem":12,"create:belt_connector":14,"thermal:onion":1,"supplementaries:flute":2,"excompressum:compressed_hammer_iron":2,"pamhc2foodcore:chocolatedonutitem":1,"exnihilosequentia:tin_pieces":377,"minecraft:lapis_lazuli":417,"minecraft:dirt":241,"thermal:cooked_eggplant":1,"mekanism:dust_obsidian":6,"exnihilosequentia:fired_crucible":6,"minecraft:glass":17,"minecraft:bone":47,"mekanismtools:refined_obsidian_sword":2,"furnacemk2:experience_core":2,"minecraft:bow":1,"minecraft:wheat_seeds":273,"minecraft:orange_tulip":15,"thermal:cooked_corn":9,"exnihilosequentia:crafting_doll":4,"farmersdelight:pumpkin_slice":4,"exnihilosequentia:grass_seeds":26,"minecraft:bamboo":35,"minecraft:oak_planks":116,"exnihilosequentia:lead_pieces":488,"minecraft:ghast_tear":4,"thermal:bell_pepper_seeds":5,"create:cogwheel":39,"minecraft:poisonous_potato":1,"pamhc2foodcore:freshwateritem":10,"minecraft:sand":1738,"mekanism:enriched_iron":2,"exnihilosequentia:kelp_seeds":40,"buildersdelight:iron_chisel":4,"excompressum:compressed_dust":1,"minecraft:diamond_block":1,"minecraft:mossy_cobblestone":10,"thermal:peanut":1,"pamhc2foodcore:saltitem":1,"minecraft:sugar":4,"minecraft:clay":14,"cobblefordays:tier_2":2,"minecraft:diamond":63,"minecraft:slime_block":2,"rsgauges:industrial_rotary_lever":1,"minecraft:bone_meal":809,"minecraft:golden_apple":8,"minecraft:white_concrete":7,"mob_grinding_utils:tinted_glass":2,"minecraft:emerald":23,"minecraft:oak_sapling":61,"minecraft:oak_leaves":638,"functionalstorage:oak_1":16,"minecraft:cocoa_beans":13,"minecraft:ladder":64,"bonsaitrees3:bonsaipot":1,"thermal:cinnabar":184,"minecraft:wooden_pickaxe":3,"excompressum:sheep_bait":3,"kubejs:stone_coin":2,"minecraft:oak_trapdoor":38,"minecraft:stone_stairs":22,"minecraft:moss_carpet":186,"exnihilosequentia:potato_seeds":4,"thermal:silver_ingot":64,"exnihilosequentia:dust":1120,"thermal:jar":2,"kubejs:stone_plate":3,"minecraft:blackstone":2,"minecraft:blue_orchid":16,"excompressum:chicken_bait":7,"create:basin":4,"sophisticatedstorage:barrel":3,"thermal:pbj_sandwich":2,"minecraft:sugar_cane":18,"minecraft:dark_oak_sapling":1,"exnihilosequentia:cactus_seeds":6,"minecraft:copper_ingot":23,"pamhc2foodcore:donutitem":1,"minecraft:stone_button":14,"exnihilosequentia:diorite_pebble":222,"farmersdelight:fish_stew":1,"create:hand_crank":21,"exnihilosequentia:uranium_pieces":24,"thermal:green_bean":2,"exnihilosequentia:purple_coral_larvae":14,"supplementaries:candle_holder_green":4,"create:zinc_ingot":75,"exnihilosequentia:nickel_pieces":380,"create:deployer":1,"farmersdelight:cooked_cod_slice":1,"thermal:peanut_seeds":2,"exnihilosequentia:bamboo_seeds":2,"exnihilosequentia:blue_coral_larvae":18,"minecraft:arrow":41,"ae2:certus_quartz_dust":156,"rsgauges:industrial_lever":4,"excompressum:oak_heavy_sieve":2,"twilightforest:experiment_115":2,"excompressum:compressed_flint":128,"pamhc2foodcore:bakedvegetablemedlyitem":3,"create:andesite_alloy":38,"exnihilosequentia:acacia_seeds":3,"create:blaze_burner":1,"minecraft:gunpowder":146,"thermal:cheese_wedge":1,"minecraft:cobblestone_stairs":10,"mekanism:salt":86,"ae2:sky_dust":240,"decorative_blocks:oak_support":5,"minecraft:iron_ingot":100,"thermal:tomato_seeds":17,"farmersdelight:hot_cocoa":1,"minecraft:soul_sand":25,"minecraft:oak_slab":78,"create:large_water_wheel":2,"minecraft:pumpkin":2,"thermal:bell_pepper":3,"minecraft:quartz":56,"exnihilosequentia:red_coral_larvae":13,"minecraft:dandelion":12,"rftoolsutility:syringe":4,"minecraft:lava_bucket":2,"mekanismtools:lapis_lazuli_boots":1,"thermal:green_bean_seeds":3,"pamhc2foodcore:grinderitem":1,"quark:oak_chest":86,"minecraft:spider_eye":1,"minecraft:pumpkin_seeds":56,"create:brass_ingot":15,"create:zinc_nugget":56,"mekanism:fluorite_gem":17,"minecraft:mossy_cobblestone_stairs":3,"furnacemk2:crystal_gem_item":1,"minecraft:coal":627,"minecraft:sunflower":4},"minecraft:custom":{"minecraft:interact_with_crafting_table":485,"minecraft:open_barrel":136,"minecraft:eat_cake_slice":5,"minecraft:leave_game":12,"minecraft:time_since_death":149174,"minecraft:play_time":1132093,"minecraft:deaths":112,"minecraft:jump":7487,"minecraft:interact_with_furnace":301,"minecraft:sleep_in_bed":2,"minecraft:damage_dealt":24119,"minecraft:inspect_dispenser":1,"minecraft:interact_with_smithing_table":1,"minecraft:interact_with_anvil":6,"minecraft:inspect_hopper":26,"minecraft:damage_dealt_absorbed":12,"minecraft:sneak_time":39901,"minecraft:interact_with_lectern":1,"minecraft:total_world_time":1132437,"minecraft:time_since_rest":149202,"minecraft:swim_one_cm":15796,"minecraft:fly_one_cm":1596117,"minecraft:open_chest":1237,"minecraft:fish_caught":3,"minecraft:fall_one_cm":149951,"minecraft:sprint_one_cm":1587809,"minecraft:drop":427,"minecraft:interact_with_brewingstand":1,"minecraft:walk_on_water_one_cm":39361,"minecraft:player_kills":112,"minecraft:crouch_one_cm":111621,"minecraft:mob_kills":204,"minecraft:damage_dealt_resisted":385,"minecraft:climb_one_cm":104355,"minecraft:walk_one_cm":2289965,"minecraft:walk_under_water_one_cm":72363,"minecraft:boat_one_cm":1478,"minecraft:damage_taken":30584},"minecraft:used":{"minecraft:moss_block":191,"minecraft:beetroot":1,"create:deployer":1,"pamhc2foodcore:carrotcupcakeitem":7,"minecraft:ladder":5,"functionalstorage:linking_tool":36,"minecraft:stone":73,"excompressum:compressed_hammer_stone":1169,"minecraft:rotten_flesh":7,"excompressum:compressed_flint":2,"twilightforest:experiment_115":1,"farmersdelight:sweet_berry_cheesecake":1,"create:fluid_tank":10,"minecraft:soul_sand":1,"minecraft:cocoa_beans":1,"create:mechanical_crafter":69,"create:depot":8,"minecraft:lava_bucket":19,"abstoneedition:pebbles":4,"pamhc2foodcore:saltitem":1,"create:andesite_funnel":4,"create:steam_engine":1,"minecraft:cooked_cod":1,"minecraft:furnace":10,"create:shaft":17,"minecraft:oak_sapling":30,"minecraft:sweet_berries":26,"minecraft:egg":1,"minecraft:potato":4,"storagenetwork:storage_kabel":10,"pamhc2foodcore:freshmilkitem":9,"minecraft:cactus":1,"minecraft:wooden_pickaxe":70,"exnihilosequentia:stone_barrel":3,"exnihilosequentia:oak_sieve":12,"minecraft:clay":5,"farmersdelight:pumpkin_slice":1,"minecraft:cookie":8,"create:spout":4,"minecraft:glow_berries":1,"mob_grinding_utils:tinted_glass":9,"minecraft:sand":5,"supplementaries:candle_holder_green":4,"pamhc2foodcore:cheeseitem":1,"pamhc2foodcore:freshwateritem":26,"minecraft:stone_button":6,"exnihilosequentia:large_fern_seeds":2,"sophisticatedstorage:chest":3,"excompressum:cow_bait":1,"minecraft:diamond_sword":33,"create:basin":5,"mob_grinding_utils:fan":1,"minecraft:smithing_table":1,"minecraft:poisonous_potato":1,"sophisticatedstorage:diamond_barrel":3,"excompressum:compressed_dust":1,"create:steam_whistle":1,"bonsaitrees3:bonsaipot":1,"minecraft:stone_sword":171,"storagenetwork:request":6,"rsgauges:industrial_small_lever":4,"minecraft:torch":156,"minecraft:stick":7,"minecraft:brewing_stand":2,"minecraft:anvil":2,"storagenetwork:inventory_remote":1,"exnihilosequentia:grass_seeds":4,"sophisticatedstorage:iron_barrel":12,"minecraft:oak_fence_gate":1,"thermal:bell_pepper":4,"rsgauges:industrial_lever":3,"thermal:corn":1,"excompressum:compressed_cobblestone":736,"create:wrench":156,"minecraft:iron_block":2,"minecraft:rooted_dirt":5,"thermal:green_bean":2,"storagenetwork:master":2,"pamhc2foodcore:chocolatepuddingitem":1,"cobblefordays:tier_1":2,"exnihilosequentia:dark_oak_seeds":2,"create:fluid_pipe":10,"comforts:sleeping_bag_white":3,"create:belt_connector":2,"excompressum:compressed_gravel":190,"minecraft:wheat_seeds":9,"farmersdelight:iron_knife":2,"minecraft:water_bucket":72,"pamhc2foodcore:carrotbreaditem":2,"storagenetwork:inventory":6,"quark:cobblestone_bricks":96,"pamhc2foodcore:cocoapowderitem":1,"exnihilosequentia:fern_seeds":2,"mekanismtools:stone_paxel":1283,"minecraft:cauldron":2,"avaritia:double_compressed_crafting_table":2,"storagenetwork:crafting_remote":1,"create:blaze_burner":2,"minecraft:mossy_cobblestone":6,"minecraft:diamond_block":1,"minecraft:vine":12,"minecraft:crafting_table":7,"engineersdecor:sign_hotwire":1,"minecraft:cod":1,"minecraft:oak_log":31,"minecraft:cornflower":1,"exnihilosequentia:oak_barrel":8,"thermal:cooked_eggplant":1,"minecraft:iron_pickaxe":249,"create:water_wheel":5,"create:mechanical_arm":85,"supplementaries:rope":3,"minecraft:spruce_sapling":7,"thermal:radish":1,"excompressum:compressed_hammer_iron":193,"sophisticatedstorage:barrel":3,"minecraft:cobblestone":694,"minecraft:stripped_oak_log":3,"quark:oak_chest":50,"exnihilosequentia:mycelium_spores":2,"create:clutch":4,"create:bar_of_chocolate":1,"pamhc2foodcore:chocolatedonutitem":1,"aquaculture:algae":1,"minecraft:moss_carpet":17,"engineersdecor:sign_danger":1,"pamhc2foodcore:fruitcrumbleitem":1,"excompressum:compressed_sand":124,"exnihilosequentia:sea_water_bucket":3,"farmersdelight:fish_stew":1,"exnihilosequentia:oak_crucible":1,"create:cogwheel":57,"exnihilosequentia:cooked_silkworm":1,"farmersdelight:cooked_cod_slice":1,"minecraft:carrot":3,"excompressum:sheep_bait":2,"thermal:cooked_corn":10,"mekanismtools:diamond_paxel":36,"pamhc2foodcore:cookingoilitem":1,"thermal:sadiroot_seeds":1,"pamhc2foodcore:chocolatecupcakeitem":5,"rsgauges:sensitive_glass_block":1,"farmersdelight:raw_pasta":1,"minecraft:slime_spawn_egg":2,"quark:glowing_glass_item_frame":2,"minecraft:dark_oak_sapling":1,"minecraft:stone_pickaxe":3477,"create:crushing_wheel":4,"thermal:corn_seeds":1,"minecraft:oak_planks":7,"minecraft:sugar_cane":6,"pamhc2foodcore:marshmellowsitem":12,"furnacemk2:furnacemk2":5,"thermal:hearty_stew":1,"quark:azalea_planks":4,"functionalstorage:storage_controller":1,"minecraft:shears":699,"farmersdelight:ratatouille":1,"minecraft:lever":1,"exnihilosequentia:sweet_berry_seeds":3,"cobblefordays:tier_3":1,"minecraft:melon_slice":6,"minecraft:bread":2,"minecraft:gravel":53,"create:andesite_casing":2,"exnihilosequentia:dust":1,"exnihilosequentia:stone_hammer":2389,"functionalstorage:oak_1":30,"exnihilosequentia:silkworm":5,"minecraft:white_concrete":1,"minecraft:bone_meal":222,"create:large_cogwheel":16,"minecraft:azalea":1,"pamhc2foodcore:melonjuiceitem":1,"avaritia:compressed_crafting_table":1,"minecraft:dried_kelp":4,"excompressum:chicken_bait":4,"minecraft:stone_shovel":257,"storagenetwork:kabel":4,"thermal:strawberry":1,"excompressum:oak_heavy_sieve":3,"pamhc2foodcore:p8juiceitem":1,"functionalstorage:configuration_tool":5,"sophisticatedstorage:gold_chest":2,"minecraft:dirt":87,"create:mechanical_pump":12,"create:mechanical_mixer":1,"minecraft:white_carpet":10,"minecraft:hopper":6,"cobblefordays:tier_2":2,"cobblefordays:tier_5":4,"pamhc2foodcore:donutitem":1,"thermal:tomato":3,"exnihilosequentia:andesite_pebble":1,"exnihilosequentia:wooden_crook":107,"thermal:peanut":1,"thermal:onion":1,"pamhc2foodcore:yogurtitem":8,"thermal:eggplant":1,"minecraft:pumpkin":1,"minecraft:beetroot_soup":1,"create:gearshift":1,"exnihilosequentia:fired_crucible":7,"minecraft:cobblestone_stairs":1,"minecraft:baked_potato":4,"minecraft:cobblestone_slab":46,"create:brass_funnel":5,"pamhc2foodcore:hotchocolateitem":1,"minecraft:painting":1,"farmersdelight:hot_cocoa":1,"sophisticatedstorage:gold_barrel":2,"exnihilosequentia:sugarcane_seeds":4,"minecraft:apple":6,"create:mechanical_press":6,"flopper:flopper":1,"pamhc2foodcore:bakedvegetablemedlyitem":3,"minecraft:stone_slab":12,"create:large_water_wheel":2,"kubejs:liquid_stone_bucket":1,"pamhc2foodcore:fruitsaladitem":8,"thermal:pbj_sandwich":2,"minecraft:stone_axe":258,"thermal:cheese_wedge":1,"minecraft:fishing_rod":8,"mcwlights:classic_street_lamp":1,"exnihilosequentia:blackstone_pebble":1,"minecraft:bucket":115,"create:hand_crank":21,"farmersdelight:fruit_salad":1},"minecraft:crafted":{"minecraft:smooth_stone":15,"excompressum:compressed_flint":2,"excompressum:compressed_cobblestone":735,"exnihilosequentia:unfired_crucible":2,"exnihilosequentia:stone_barrel":1,"minecraft:glass":33,"minecraft:repeater":2,"excompressum:compressed_gravel":675,"create:mechanical_press":1,"exnihilosequentia:raw_aluminum":64,"create:brass_funnel":4,"functionalstorage:configuration_tool":1,"mob_grinding_utils:tinted_glass":8,"create:cogwheel":13,"supplementaries:flute":1,"pamhc2foodcore:p8juiceitem":1,"minecraft:glass_bottle":6,"minecraft:blue_stained_glass":8,"storagenetwork:kabel":40,"thermal:hearty_stew":1,"excompressum:compressed_soul_sand":18,"create:rose_quartz":7,"farmersdelight:iron_knife":1,"minecraft:smithing_table":1,"farmersdelight:fruit_salad":1,"exnihilosequentia:fired_crucible":2,"minecraft:copper_ingot":37,"create:mechanical_mixer":1,"farmersdelight:barbecue_stick":1,"minecraft:stone_slab":72,"quark:oak_chest":75,"minecraft:iron_pickaxe":1,"minecraft:iron_block":5,"minecraft:gold_ingot":26,"sophisticatedstorage:diamond_barrel":3,"create:large_cogwheel":2,"farmersdelight:melon_juice":1,"minecraft:stone_shovel":7,"create:wrench":1,"minecraft:iron_nugget":18,"exnihilosequentia:porcelain_clay":7,"furnacemk2:thermal_core":3,"functionalstorage:linking_tool":1,"quark:cobblestone_bricks":4,"minecraft:stone_pickaxe":24,"exnihilosequentia:raw_silver":64,"minecraft:redstone_block":23,"create:electron_tube":3,"exnihilosequentia:raw_nickel":64,"minecraft:coal_block":26,"excompressum:compressed_hammer_stone":11,"create:goggles":1,"sophisticatedbackpacks:gold_backpack":1,"cobblefordays:tier_3":1,"cobblefordays:tier_5":1,"minecraft:oak_fence_gate":1,"functionalstorage:diamond_upgrade":1,"create:mechanical_arm":1,"storagenetwork:inventory":2,"minecraft:blackstone":14,"minecraft:wooden_axe":1,"storagenetwork:request":1,"functionalstorage:storage_controller":1,"create:shaft":48,"storagenetwork:storage_kabel":8,"exnihilosequentia:string_mesh":8,"mob_grinding_utils:fan":1,"minecraft:brick":4,"minecraft:oak_planks":656,"minecraft:cobblestone_slab":96,"minecraft:barrel":8,"sophisticatedstorage:gold_chest":2,"storagenetwork:inventory_remote":3,"sophisticatedstorage:barrel":3,"minecraft:cobblestone_stairs":4,"minecraft:stone":695,"mob_grinding_utils:tank":1,"create:deployer":1,"furnacemk2:insulation_core":3,"minecraft:hopper":7,"exnihilosequentia:blaze_doll":1,"exnihilosequentia:raw_tin":96,"minecraft:comparator":1,"functionalstorage:gold_upgrade":3,"minecraft:copper_block":1,"kubejs:stone_ingot":3,"mob_grinding_utils:xpsolidifier":1,"create:brass_hand":1,"sophisticatedstorage:gold_barrel":5,"cobblefordays:tier_2":1,"minecraft:dropper":2,"minecraft:oak_slab":42,"furnacemk2:furnacemk2":3,"mob_grinding_utils:entity_conveyor":6,"excompressum:compressed_sand":155,"minecraft:cauldron":1,"minecraft:crafting_table":51,"minecraft:gold_ore":100,"create:fluid_pipe":8,"minecraft:wooden_pickaxe":1,"minecraft:baked_potato":1,"create:zinc_nugget":27,"furnacemk2:experience_core":2,"storagenetwork:master":4,"create:gearshift":1,"mekanismtools:stone_paxel":4,"minecraft:diorite":9,"cobblefordays:tier_1":3,"exnihilosequentia:cooked_silkworm":1,"minecraft:paper":9,"exnihilosequentia:stone_hammer":108,"create:water_wheel":3,"sophisticatedbackpacks:diamond_backpack":1,"minecraft:stick":99,"create:mechanical_pump":1,"minecraft:iron_ingot":177,"excompressum:compressed_dirt":15,"minecraft:stone_sword":1,"pamhc2foodcore:juiceritem":1,"minecraft:iron_ore":378,"minecraft:redstone_torch":6,"decorative_blocks:oak_support":3,"minecraft:shears":1,"create:empty_blaze_burner":1,"furnacemk2:crystal_gem_item":1,"minecraft:redstone":18,"excompressum:compressed_dust":124,"minecraft:coal":9,"create:steam_engine":1,"pamhc2foodcore:melonjuiceitem":1,"sophisticatedstorage:iron_chest":2,"minecraft:furnace":8,"minecraft:blast_furnace":3,"minecraft:piston":1,"bonsaitrees3:bonsaipot":1,"quark:framed_glass":12,"minecraft:diamond_block":1,"exnihilosequentia:oak_sieve":7,"avaritia:compressed_crafting_table":9,"minecraft:slime_ball":9,"exnihilosequentia:raw_lead":64,"create:fluid_tank":4,"create:basin":1,"exnihilosequentia:wooden_crook":1,"functionalstorage:oak_1":11,"sophisticatedstorage:iron_barrel":5,"sophisticatedbackpacks:iron_backpack":2,"create:steam_whistle":1,"create:andesite_alloy":16,"create:hand_crank":1,"exnihilosequentia:oak_barrel":1,"create:large_water_wheel":1,"minecraft:copper_ore":49,"minecraft:bucket":2,"minecraft:stone_axe":6,"mob_grinding_utils:xp_tap":1,"minecraft:air":1079,"minecraft:blue_dye":1,"avaritia:double_compressed_crafting_table":1,"sophisticatedstorage:chest":2,"exnihilosequentia:dust":9,"functionalstorage:copper_upgrade":3,"minecraft:white_wool":4,"create:whisk":1,"create:mechanical_crafter":9,"exnihilosequentia:raw_zinc":87,"minecraft:anvil":1,"minecraft:andesite":42,"minecraft:torch":28,"create:zinc_ingot":13,"minecraft:lapis_block":38,"cobblefordays:tier_4":1}},"DataVersion":2975}