{"stats":{"minecraft:broken":{"minecraft:shears":3,"mekanismtools:lapis_lazuli_helmet":1,"exnihilosequentia:stone_hammer":9,"minecraft:wooden_pickaxe":1,"minecraft:iron_pickaxe":1,"minecraft:stone_pickaxe":22,"minecraft:stone_axe":2,"minecraft:stone_shovel":1,"mekanismtools:stone_paxel":26,"create:potato_cannon":1,"exnihilosequentia:wooden_crook":1,"supplementaries:flute":1,"mekanismtools:lapis_lazuli_boots":1,"excompressum:compressed_hammer_stone":12,"create:sand_paper":2},"minecraft:dropped":{"minecraft:iron_sword":2,"minecraft:lapis_lazuli":45,"minecraft:glass_bottle":1,"minecraft:diamond":38,"minecraft:gray_concrete":14,"decorative_blocks:oak_support":3,"thermal:nickel_ingot":1,"minecraft:netherite_boots":1,"excompressum:auto_hammer":1,"exnihilosequentia:tin_pieces":4,"mekanismtools:refined_obsidian_sword":4,"minecraft:stone_axe":19,"minecraft:diamond_block":2,"exnihilosequentia:aluminum_ingot":148,"minecraft:wheat":5,"minecraft:obsidian":42,"exnihilosequentia:copper_pieces":65,"minecraft:rotten_flesh":1,"minecraft:oak_planks":1,"thermal:corn":1,"minecraft:glowstone_dust":3,"create:potato_cannon":2,"exnihilosequentia:potato_seeds":3,"exnihilosequentia:raw_zinc":2,"thermal:eggplant_seeds":1,"pamhc2foodcore:cheeseitem":1,"create:bar_of_chocolate":2,"pamhc2foodcore:freshmilkitem":3,"mysticalagriculture:inferium_essence":193,"create:wand_of_symmetry":1,"exnihilosequentia:wooden_crook":1,"minecraft:glass":111,"create:mechanical_mixer":2,"excompressum:compressed_hammer_stone":1,"thermal:onion_seeds":1,"exnihilosequentia:sweet_berry_seeds":3,"minecraft:black_dye":2,"minecraft:wheat_seeds":107,"minecraft:netherite_chestplate":2,"minecraft:lava_bucket":6,"exnihilosequentia:aluminum_pieces":3,"exnihilosequentia:crafting_doll":16,"mekanism:salt":11,"pamhc2foodcore:grinderitem":2,"pamhc2foodcore:potitem":1,"thermal:silver_ingot":9,"minecraft:stone_shovel":34,"minecraft:iron_boots":2,"sophisticatedbackpacks:backpack":2,"exnihilosequentia:porcelain_clay":39,"minecraft:shears":1,"exnihilosequentia:platinum_ingot":5,"minecraft:diamond_sword":4,"pipez:energy_pipe":2,"create:zinc_ingot":78,"minecraft:redstone_torch":1,"minecraft:bamboo":4,"sophisticatedbackpacks:copper_backpack":1,"exnihilosequentia:oak_seeds":3,"pipez:wrench":1,"farmersdelight:diamond_knife":2,"thermal:silver_gear":1,"create:belt_connector":5,"minecraft:moss_block":5,"storagenetwork:inventory_remote":5,"mysticalagradditions:dragon_scale":8,"minecraft:oak_log":56,"minecraft:ender_pearl":39,"exnihilosequentia:jungle_seeds":7,"minecraft:leather":14,"excompressum:sheep_bait":1,"exnihilosequentia:spruce_seeds":5,"solcarrot:food_book":3,"exnihilosequentia:stone_hammer":7,"thermal:green_bean_seeds":3,"minecraft:gold_ingot":922,"buildersdelight:iron_chisel":3,"thermal:tin_ingot":1,"exnihilomekanism:osmium_pieces":81,"minecraft:beetroot_seeds":24,"minecraft:iron_ore":1,"mysticalagradditions:inferium_apple":1,"minecraft:splash_potion":1,"create:andesite_alloy":33,"minecraft:bread":5,"exnihilosequentia:sugarcane_seeds":2,"storagenetwork:crafting_remote":3,"kubejs:stone_ingot":4,"exnihilosequentia:iron_pieces":20,"create:zinc_nugget":3,"create:extendo_grip":2,"mysticalagriculture:prosperity_shard":95,"minecraft:cactus":2,"minecraft:redstone_block":7,"minecraft:kelp":12,"minecraft:sweet_berries":7,"furnacemk2:crystal_gem_item":3,"minecraft:stripped_oak_log":2,"pamhc2foodcore:freshwateritem":7,"thermal:tin_gear":2,"create:netherite_backtank":1,"minecraft:shulker_box":3,"exnihilosequentia:dark_oak_seeds":2,"minecraft:netherite_leggings":1,"exnihilosequentia:diamond_mesh":1,"pipez:fluid_pipe":5,"createaddition:copper_rod":6,"minecraft:andesite":5,"exnihilosequentia:lead_pieces":71,"minecraft:oak_sapling":49,"createaddition:gold_rod":15,"thermal:onion":1,"excompressum:compressed_gravel":25,"create:golden_sheet":1,"sophisticatedbackpacks:iron_backpack":2,"minecraft:clay":9,"nourished_end:ennegel_stem":7,"minecraft:cookie":1,"create:cogwheel":7,"thermal:silver_plate":4,"minecraft:dirt":26,"supplementaries:rope":16,"avaritia:double_compressed_crafting_table":2,"mysticalagriculture:absorption_i_augment":1,"minecraft:bone_meal":77,"create:goggles":1,"thermal:peanut_seeds":13,"pamhc2foodcore:carrotcakeitem":1,"quark:oak_chest":4,"minecraft:bone":1,"minecraft:sugar_cane":1,"mysticalagriculture:infusion_pedestal":1,"exnihilosequentia:nickel_pieces":2,"minecraft:blaze_powder":1,"minecraft:charcoal":128,"create:track_station":3,"exnihilosequentia:carrot_seeds":4,"exnihilosequentia:acacia_seeds":2,"pamhc2foodcore:carrotcupcakeitem":5,"exnihilosequentia:iron_mesh":3,"minecraft:egg":2,"minecraft:iron_ingot":301,"rsgauges:industrial_rotary_lever":1,"create:polished_rose_quartz":1,"farmersdelight:skillet":3,"mekanism:dust_obsidian":5,"minecraft:netherite_helmet":2,"minecraft:feather":1,"minecraft:cobblestone":2096,"minecraft:apple":1,"vanillahammers:obsidian_hammer":3,"mekanismtools:stone_paxel":77,"minecraft:coal":135,"exnihilosequentia:fired_crucible":1,"create:andesite_casing":4,"exnihilosequentia:raw_nickel":8,"exnihilosequentia:raw_silver":3,"thermal:peanut_butter":1,"minecraft:string":1,"minecraft:moss_carpet":12,"thermal:gold_plate":3,"minecraft:netherite_ingot":2,"minecraft:stone_sword":2,"minecraft:chicken":2,"exnihilosequentia:pickle_seeds":1,"thermal:strawberry":1,"minecraft:pumpkin_seeds":29,"exnihilosequentia:gold_pieces":9,"kubejs:wood_plate":19,"minecraft:potato":69,"exnihilosequentia:grass_seeds":7,"minecraft:stone":821,"kubejs:stone_coin":1,"supplementaries:flute":6,"minecraft:gold_ore":2,"exnihilosequentia:mycelium_spores":3,"create:super_glue":2,"exnihilosequentia:uranium_pieces":24,"pamhc2foodcore:bakewareitem":1,"exnihilosequentia:bamboo_seeds":2,"minecraft:flint":650,"minecraft:netherite_scrap":1,"exnihilosequentia:raw_tin":6,"pamhc2foodcore:chocolatecakeitem":1,"exnihilosequentia:witch_water_bucket":1,"ftbquests:book":2,"create:crushing_wheel":2,"minecraft:gravel":558,"exnihilosequentia:cactus_seeds":5,"exnihilosequentia:zinc_pieces":7,"minecraft:stone_stairs":3,"exnihilosequentia:crushed_netherrack":3,"minecraft:gunpowder":2,"excompressum:compressed_nether_gravel":13,"minecraft:melon_seeds":24,"create:brass_ingot":45,"create:depot":1,"comforts:sleeping_bag_white":1,"minecraft:arrow":5,"create:mechanical_press":1,"minecraft:written_book":9,"mob_grinding_utils:fluid_xp_bucket":1,"thermal:copper_plate":12,"minecraft:netherrack":577,"minecraft:water_bucket":2,"excompressum:compressed_dust":26,"nourished_end:stardust":192,"create:unprocessed_obsidian_sheet":9,"exnihilosequentia:birch_seeds":3,"exnihilosequentia:emerald_mesh":1,"minecraft:copper_ingot":150,"minecraft:stick":7,"exnihilosequentia:string_mesh":2,"sophisticatedstorage:iron_barrel":1,"minecraft:torch":100,"create:sturdy_sheet":7,"minecraft:iron_leggings":1,"minecraft:bucket":22,"minecraft:redstone":30,"mekanismtools:diamond_paxel":2,"sophisticatedstorage:diamond_barrel":1,"create:shaft":8,"thermal:hearty_stew":1,"culinaryconstruct:sandwich":2,"minecraft:ender_eye":8,"exnihilosequentia:platinum_pieces":9,"bonsaitrees3:bonsaipot":1,"thermal:eggplant":1,"minecraft:cake":1,"exnihilosequentia:silver_pieces":5,"thermal:bell_pepper_seeds":5,"minecraft:stone_pickaxe":115,"bhc:red_heart":2},"minecraft:killed_by":{"mekanismadditions:baby_creeper":1,"minecraft:zombie":4,"mekanismadditions:baby_skeleton":1,"minecraft:ender_dragon":1,"minecraft:creeper":1,"minecraft:witch":2,"minecraft:player":90},"minecraft:mined":{"create:copper_casing":2,"quark:azalea_log":1,"mysticalagradditions:end_prosperity_ore":26,"nourished_end:tube_sprouts":1,"quark:dusky_myalite":4,"minecraft:nether_wart":1,"minecraft:mossy_cobblestone_stairs":1,"mcwlights:classic_street_lamp":1,"create:speedometer":16,"minecraft:fire":2,"pipez:fluid_pipe":2,"thermal:amaranth":3,"cfm:oak_kitchen_counter":1,"create:mechanical_press":26,"minecraft:tripwire":1,"create:cogwheel":69,"engineersdecor:metal_sliding_door":1,"minecraft:torch":51,"rsgauges:sensitive_glass_block":1,"minecraft:melon":1,"excompressum:compressed_cobblestone":907,"excompressum:oak_heavy_sieve":2,"minecraft:sugar_cane":72,"create:basin":14,"nourished_end:seldge_bush":5,"createaddition:electric_motor":6,"sophisticatedbackpacks:diamond_backpack":1,"minecraft:grass":67,"minecraft:dark_oak_sapling":1,"excompressum:sheep_bait":2,"minecraft:mossy_cobblestone":15,"sophisticatedstorage:iron_chest":1,"minecraft:end_stone":353,"create:fluid_tank":2,"thermal:machine_smelter":1,"nourished_end:cobalt_void_shale":14,"storagenetwork:master":1,"create:mechanical_arm":8,"supplementaries:rope":3,"excompressum:auto_hammer":2,"create:shaft":54,"excompressum:compressed_netherrack":332,"minecraft:cobblestone_slab":25,"minecraft:vine":119,"create:deployer":3,"minecraft:oak_slab":3,"nourished_end:verdant_grass":1,"minecraft:soul_sand":1,"rsgauges:industrial_lever":2,"quark:oak_chest":63,"minecraft:dandelion":2,"create:fluid_pipe":10,"create:mechanical_pump":13,"storagenetwork:storage_kabel":3,"minecraft:campfire":1,"exnihilosequentia:fired_crucible":7,"minecraft:tall_grass":28,"furnacemk2:furnacemk2":3,"sophisticatedstorage:barrel":3,"minecraft:sunflower":2,"minecraft:gravel":38,"thermal:machine_bottler":1,"minecraft:oak_sapling":2,"minecraft:brewing_stand":3,"minecraft:white_concrete":3,"cobblefordays:tier_1":1,"minecraft:mossy_cobblestone_slab":1,"nourished_end:ennegel":5,"exnihilosequentia:oak_barrel":6,"sophisticatedstorage:chest":3,"minecraft:iron_bars":1,"minecraft:azalea":2,"rftoolsbase:dimensionalshard_end":19,"sophisticatedstorage:gold_barrel":2,"excompressum:compressed_sand":131,"mob_grinding_utils:fan":3,"mob_grinding_utils:dreadful_dirt":1,"create:adjustable_chain_gearshift":5,"nourished_end:verdant_eylium":1,"quark:cobblestone_bricks":10,"storagenetwork:request":5,"create:brass_casing":20,"minecraft:oak_planks":27,"minecraft:wall_torch":51,"minecraft:cauldron":2,"create:large_water_wheel":1,"minecraft:stone_stairs":21,"cobblefordays:tier_2":2,"excompressum:chicken_bait":1,"minecraft:oak_log":124,"nourished_end:seldge_fan_plant_empty":1,"minecraft:dirt":13,"nourished_end:stardust":31,"exnihilosequentia:infested_leaves":91,"excompressum:compressed_dust":1,"minecraft:lever":4,"minecraft:stone_button":2,"create:depot":18,"minecraft:spruce_leaves":1,"thermal:strawberry":3,"minecraft:bookshelf":12,"minecraft:stripped_oak_log":11,"create:track":1,"cobblefordays:tier_5":5,"minecraft:stone_slab":7,"bonsaitrees3:bonsaipot":1,"minecraft:bee_nest":1,"minecraft:cocoa":2,"create:mechanical_crafter":143,"nourished_end:cosmic_log":64,"engineersdecor:sign_danger":2,"storagenetwork:kabel":5,"quark:azalea_planks":23,"create:andesite_casing":42,"minecraft:carved_pumpkin":1,"minecraft:obsidian":192,"exnihilosequentia:oak_sieve":5,"create:belt":8,"minecraft:hopper":9,"framedblocks:framed_iron_trapdoor":2,"minecraft:pumpkin":2,"minecraft:moss_carpet":18,"minecraft:cave_vines":14,"minecraft:dirt_path":5,"storagenetwork:export_kabel":10,"create:gearshift":4,"minecraft:iron_block":1,"pipez:energy_pipe":8,"mysticalagradditions:end_inferium_ore":50,"nourished_end:end_weeds":16,"create:andesite_belt_funnel":1,"avaritia:double_compressed_crafting_table":3,"minecraft:wheat":36,"create:mechanical_mixer":9,"create:hand_crank":31,"excompressum:compressed_nether_gravel":3,"create:clutch":3,"create:copper_backtank":6,"create:millstone":1,"functionalstorage:oak_1":21,"nourished_end:seldge_fan_plant":1,"minecraft:moss_block":304,"kubejs:cake_builder_frame":12,"minecraft:diamond_block":1,"minecraft:potatoes":1,"excompressum:auto_sieve":1,"minecraft:bamboo":3,"minecraft:cake":1,"mob_grinding_utils:saw":6,"create:water_wheel":12,"mcwfurnitures:stripped_spruce_lower_bookshelf_drawer":2,"create:blaze_burner":7,"create:gearbox":14,"minecraft:white_carpet":1,"minecraft:spruce_log":86,"mob_grinding_utils:tank_sink":1,"sophisticatedstorage:diamond_barrel":2,"create:crushing_wheel":6,"minecraft:mycelium":1,"create:andesite_funnel":2,"rsgauges:industrial_small_lever":3,"minecraft:cobblestone_stairs":8,"uppers:upper":3,"minecraft:cave_vines_plant":3,"nourished_end:malachite_ore":21,"minecraft:grass_block":79,"comforts:sleeping_bag_white":1,"minecraft:anvil":1,"minecraft:azalea_leaves":1,"mob_grinding_utils:tinted_glass":40,"createaddition:alternator":8,"avaritia:compressed_crafting_table":1,"storagenetwork:inventory":5,"minecraft:clay":5,"minecraft:poppy":2,"cobblefordays:tier_3":1,"minecraft:cobblestone":457,"minecraft:slime_block":1,"create:steam_whistle":1,"minecraft:orange_tulip":2,"create:spout":4,"exnihilosequentia:oak_crucible":1,"minecraft:sand":5,"create:encased_chain_drive":32,"minecraft:netherrack":2871,"mysticalagriculture:infusion_pedestal":2,"minecraft:oak_leaves":707,"create:brass_funnel":6,"create:large_cogwheel":15,"nourished_end:stardust_block":79,"minecraft:rooted_dirt":5,"minecraft:large_fern":1,"createaddition:rolling_mill":8,"minecraft:spruce_sapling":6,"minecraft:furnace":13,"sophisticatedstorage:iron_barrel":15,"minecraft:stone":9223,"minecraft:redstone_wall_torch":1,"minecraft:podzol":93,"supplementaries:book_pile_horizontal":1,"quark:myalite":28,"minecraft:flowering_azalea":3,"exnihilosequentia:dust":1,"minecraft:crafting_table":58,"exnihilosequentia:stone_barrel":3,"minecraft:lectern":93,"excompressum:compressed_gravel":275,"minecraft:air":595,"create:schematic_table":1,"minecraft:cactus":1,"minecraft:sweet_berry_bush":2},"minecraft:killed":{"minecraft:ender_dragon":1,"minecraft:zombie":43,"minecraft:witch":4,"minecraft:spider":38,"minecraft:piglin":1,"mekanismadditions:baby_enderman":7,"minecraft:zombie_villager":2,"mekanismadditions:baby_creeper":14,"minecraft:slime":75,"blue_skies:infested_swarmer":1,"nourished_end:giant_isopod":1,"nourished_end:flarebug":1,"minecraft:skeleton":75,"minecraft:chicken":6,"minecraft:cow":1,"mekanismadditions:baby_skeleton":16,"nourished_end:ringling":1,"minecraft:enderman":6,"minecraft:creeper":48,"nourished_end:radjelly":14},"minecraft:picked_up":{"exnihilosequentia:platinum_ingot":4,"exnihilosequentia:oak_crucible":1,"create:spout":4,"minecraft:stone_slab":80,"create:item_drain":1,"minecraft:enchanted_book":3,"exnihilosequentia:dark_oak_seeds":8,"exnihilosequentia:flint_mesh":8,"minecraft:string":627,"thermal:tin_ingot":370,"mob_grinding_utils:entity_conveyor":4,"kubejs:cake_builder_frame":12,"exnihilosequentia:oak_sieve":6,"thermal:eggplant":2,"nourished_end:cosmic_log":64,"create:andesite_casing":44,"mysticalagriculture:prosperity_shard":95,"thermal:copper_gear":4,"thermal:sadiroot_seeds":5,"mob_grinding_utils:saw":2,"quark:glowing_glass_item_frame":4,"storagenetwork:export_kabel":28,"engineersdecor:sign_hotwire":1,"minecraft:cauldron":4,"mob_grinding_utils:rotten_egg":1,"thermal:apatite":355,"minecraft:stone_sword":7,"create:copper_casing":2,"create:track":1,"itemfilters:always_true":11,"excompressum:compressed_sand":14,"pamhc2foodcore:chocolatepuddingitem":2,"minecraft:carved_pumpkin":2,"minecraft:end_rod":5,"minecraft:iron_bars":15,"minecraft:feather":15,"minecraft:water_bucket":7,"minecraft:copper_block":1,"minecraft:flint":4102,"pamhc2foodcore:juiceritem":1,"itemfilters:custom":6,"exnihilosequentia:gold_pieces":3296,"bhc:relic_apple":1,"furnacemk2:thermal_core":4,"sophisticatedstorage:chest":3,"create:goggles":1,"kubejs:stone_ingot":4,"create:gearshift":4,"exnihilosequentia:iron_mesh":2,"patchouli:guide_book":1,"thermal:gold_plate":13,"create:steam_whistle":2,"exnihilosequentia:pickle_seeds":9,"minecraft:lever":19,"minecraft:granite":8,"aquaculture:box":1,"minecraft:rooted_dirt":5,"exnihilosequentia:raw_nickel":28,"thermal:copper_plate":32,"minecraft:clay_ball":24,"pamhc2foodcore:yogurtitem":9,"exnihilosequentia:witch_water_bucket":1,"exnihilosequentia:spruce_seeds":7,"functionalstorage:configuration_tool":1,"minecraft:cornflower":3,"create:fluid_pipe":21,"minecraft:white_carpet":36,"excompressum:compressed_cobblestone":15,"thermal:niter":249,"minecraft:poppy":26,"supplementaries:rope":82,"minecraft:piston":2,"cfm:white_sofa":1,"create:polished_rose_quartz":1,"minecraft:stone":10418,"sophisticatedbackpacks:backpack":1,"minecraft:fire_charge":14,"exnihilosequentia:raw_aluminum":58,"nourished_end:ennegel_ring":9,"create:copper_backtank":6,"exnihilosequentia:granite_pebble":145,"exnihilosequentia:pink_coral_larvae":14,"exnihilosequentia:diamond_mesh":3,"storagenetwork:inventory":5,"excompressum:compressed_gravel":251,"minecraft:stone_shovel":76,"exnihilosequentia:carrot_seeds":7,"pamhc2foodcore:carrotcakeitem":2,"mekanismtools:lapis_lazuli_leggings":2,"create:depot":17,"sophisticatedbackpacks:copper_backpack":1,"engineersdecor:sign_danger":3,"exnihilosequentia:iron_pieces":3671,"createaddition:capacitor":1,"farmersdelight:skillet":1,"avaritia:double_compressed_crafting_table":6,"minecraft:paper":134,"create:crushing_wheel":6,"mob_grinding_utils:xp_tap":1,"exnihilosequentia:aluminum_pieces":1449,"minecraft:apple":14,"minecraft:stone_pickaxe":182,"kubejs:stone_casing":11,"minecraft:iron_ore":69,"nourished_end:end_nucleus":1,"minecraft:milk_bucket":1,"mcwlights:classic_street_lamp":1,"minecraft:sweet_berries":41,"exnihilosequentia:aluminum_ingot":380,"mcwfurnitures:stripped_spruce_lower_bookshelf_drawer":2,"exnihilosequentia:stone_hammer":25,"exnihilosequentia:yellow_coral_larvae":19,"minecraft:crying_obsidian":37,"minecraft:dragon_egg":1,"quark:cobblestone_bricks":14,"createaddition:zinc_sheet":1,"pamhc2foodcore:fruitcrumbleitem":1,"create:millstone":2,"minecraft:slime_ball":187,"quark:azalea_planks_slab":21,"minecraft:painting":1,"minecraft:baked_potato":14,"pamhc2foodcore:fruitsaladitem":17,"furnacemk2:insulation_core":4,"minecraft:hopper":14,"storagenetwork:storage_kabel":3,"sophisticatedstorage:iron_barrel":16,"create:mechanical_crafter":149,"cobblefordays:tier_3":1,"vanillahammers:obsidian_hammer":2,"thermal:machine_frame":3,"quark:dusky_myalite":4,"minecraft:lapis_block":76,"quark:azalea_planks":316,"create:sand_paper":7,"thermal:sulfur":350,"minecraft:bucket":13,"minecraft:smooth_stone":4,"comforts:sleeping_bag_white":6,"create:sturdy_sheet":16,"minecraft:cobblestone_slab":120,"minecraft:ender_eye":4,"minecraft:azalea":29,"farmersdelight:pasta_with_meatballs":1,"nourished_end:ring_fern_sprout_1":4,"pamhc2foodcore:carrotbreaditem":2,"pamhc2foodcore:cookingoilitem":1,"minecraft:vine":61,"create:large_cogwheel":17,"minecraft:rotten_flesh":360,"exnihilosequentia:crushed_netherrack":2891,"exnihilosequentia:sugarcane_seeds":4,"minecraft:obsidian":254,"rsgauges:industrial_small_lever":6,"minecraft:blaze_powder":219,"minecraft:cobblestone":17051,"exnihilosequentia:blackstone_pebble":72,"create:fluid_tank":2,"minecraft:andesite":73,"mekanismtools:lapis_lazuli_helmet":2,"minecraft:potato":431,"thermal:onion":1,"pamhc2foodcore:marshmellowsitem":12,"create:belt_connector":21,"supplementaries:flute":3,"exnihilosequentia:porcelain_clay":64,"exnihilosequentia:tin_pieces":1366,"minecraft:dirt":290,"thermal:cooked_eggplant":1,"mekanism:dust_obsidian":26,"bhc:green_heart":1,"minecraft:glass":69,"minecraft:bone":410,"farmersdelight:iron_knife":1,"minecraft:bow":16,"minecraft:wheat_seeds":394,"minecraft:orange_tulip":15,"thermal:cooked_corn":9,"farmersdelight:pumpkin_slice":4,"minecraft:bamboo":38,"exnihilosequentia:lead_pieces":2371,"pamhc2foodcore:freshwateritem":62,"mekanism:enriched_iron":2,"exnihilosequentia:kelp_seeds":40,"excompressum:compressed_dust":1,"minecraft:diamond_block":1,"minecraft:spectral_arrow":109,"minecraft:mossy_cobblestone":19,"minecraft:sugar":40,"minecraft:netherite_helmet":1,"minecraft:slime_block":2,"waystones:waystone":1,"rsgauges:industrial_rotary_lever":1,"minecraft:bone_meal":1080,"minecraft:golden_apple":12,"mob_grinding_utils:tinted_glass":49,"minecraft:emerald":176,"minecraft:netherrack":2813,"minecraft:chorus_fruit":38,"create:stressometer":1,"minecraft:oak_leaves":638,"minecraft:splash_potion":6,"minecraft:ladder":64,"create:schematic_table":1,"excompressum:auto_sieve":1,"mysticalagriculture:infusion_pedestal":2,"minecraft:moss_carpet":203,"minecraft:oak_trapdoor":57,"mob_grinding_utils:saw_upgrade_sharpness":1,"exnihilosequentia:dust":1183,"thermal:silver_ingot":299,"exnihilosequentia:potato_seeds":4,"minecraft:blackstone":121,"minecraft:blue_orchid":16,"thermal:hearty_stew":2,"excompressum:chicken_bait":7,"thermal:machine_bottler":1,"nourished_end:ennegel_stem":11,"sophisticatedstorage:iron_chest":1,"exnihilosequentia:cactus_seeds":6,"minecraft:end_stone":382,"create:railway_casing":1,"pamhc2foodcore:donutitem":2,"exnihilosequentia:diorite_pebble":222,"minecraft:cookie":30,"farmersdelight:fish_stew":1,"create:hand_crank":62,"exnihilosequentia:uranium_pieces":777,"thermal:green_bean":2,"mysticalagradditions:dragon_scale":8,"exnihilosequentia:purple_coral_larvae":14,"supplementaries:candle_holder_green":4,"create:zinc_ingot":79,"create:deployer":4,"farmersdelight:cooked_cod_slice":1,"thermal:peanut_seeds":14,"exnihilosequentia:bamboo_seeds":2,"exnihilosequentia:blue_coral_larvae":18,"kubejs:wood_plate":9,"minecraft:red_shulker_box":1,"ae2:certus_quartz_dust":231,"minecraft:nether_bricks":2,"pamhc2foodcore:chocolatebaritem":4,"rsgauges:industrial_lever":5,"minecraft:netherite_boots":1,"excompressum:compressed_flint":192,"minecraft:leather":51,"minecraft:gunpowder":519,"mekanism:salt":151,"ae2:sky_dust":331,"create:adjustable_chain_gearshift":6,"minecraft:iron_ingot":398,"thermal:tomato_seeds":17,"uppers:upper":3,"create:large_water_wheel":5,"exnihilosequentia:red_coral_larvae":20,"minecraft:quartz":108,"minecraft:dandelion":12,"minecraft:lava_bucket":4,"mekanismtools:diamond_paxel":1,"pamhc2foodcore:grinderitem":1,"minecraft:pumpkin_seeds":57,"mysticalagriculture:absorption_i_augment":2,"create:zinc_nugget":59,"mekanism:fluorite_gem":396,"minecraft:mossy_cobblestone_stairs":3,"minecraft:sunflower":6,"minecraft:seagrass":25,"minecraft:slime_spawn_egg":1,"storagenetwork:inventory_remote":4,"thermal:amaranth":8,"minecraft:anvil":1,"minecraft:prismarine_shard":98,"exnihilomekanism:osmium_pieces":1180,"minecraft:diamond_sword":2,"create:wrench":1,"exnihilosequentia:andesite_pebble":184,"quark:azalea_log":21,"minecraft:brewing_stand":4,"create:bar_of_chocolate":2,"thermal:barley_seeds":4,"sophisticatedstorage:diamond_barrel":3,"pipez:energy_pipe":8,"create:unprocessed_obsidian_sheet":7,"chimes:bamboo_chimes":1,"create:water_wheel":17,"mysticalagriculture:inferium_essence":580,"minecraft:gold_nugget":7,"minecraft:written_book":16,"minecraft:enchanted_golden_apple":2,"minecraft:melon_slice":6,"minecraft:coal_block":26,"farmersdelight:ratatouille":1,"farmersdelight:sweet_berry_cheesecake":1,"exnihilosequentia:platinum_pieces":155,"createaddition:copper_spool":3,"minecraft:black_dye":2,"exnihilosequentia:wooden_crook":3,"create:wand_of_symmetry":2,"mekanismadditions:gray_plastic":6,"aquaculture:algae":1,"thermal:lead_ingot":64,"minecraft:iron_block":3,"create:mechanical_arm":9,"minecraft:netherite_chestplate":1,"nourished_end:luck_root":1,"minecraft:mossy_cobblestone_slab":1,"mob_grinding_utils:fluid_xp_bucket":2,"minecraft:netherite_leggings":1,"mob_grinding_utils:tank_sink":2,"thermal:copper_nugget":9,"minecraft:gray_concrete":14,"create:encased_chain_drive":35,"bhc:red_heart":13,"pipez:fluid_pipe":2,"ftbquests:book":1,"create:shaft":91,"minecraft:glowstone_dust":232,"exnihilosequentia:jungle_seeds":9,"minecraft:moss_block":414,"mekanism:hazmat_boots":2,"mekanismtools:stone_paxel":101,"thermal:onion_seeds":1,"exnihilosequentia:silkworm":335,"farmersdelight:cake_slice":2,"nourished_end:seldge_bush":6,"thermal:eggplant_seeds":3,"exnihilosequentia:silver_pieces":1532,"minecraft:bread":1,"create:precision_mechanism":3,"minecraft:crafting_table":67,"minecraft:nether_wart":56,"storagenetwork:request":5,"pamhc2foodcore:carrotcupcakeitem":12,"thermal:strawberry":4,"avaritia:compressed_crafting_table":1,"thermal:nickel_ingot":306,"minecraft:netherite_scrap":53,"create:brass_funnel":9,"custommachinery:custom_machine_item":1,"minecraft:beef":3,"framedblocks:framed_iron_trapdoor":6,"minecraft:iron_nugget":274,"create:clutch":3,"minecraft:egg":65,"exnihilosequentia:zinc_pieces":1130,"minecraft:cake":8,"minecraft:carrot":10,"minecraft:redstone":612,"create:brass_casing":21,"minecraft:prismarine_crystals":12,"create:vertical_gearbox":1,"exnihilosequentia:mycelium_spores":7,"thermal:machine_smelter":1,"minecraft:beetroot_seeds":50,"minecraft:shears":1,"minecraft:gold_ingot":1196,"farmersdelight:beef_stew":1,"pamhc2foodcore:freshmilkitem":8,"exnihilosequentia:stone_barrel":3,"rsgauges:sensitive_glass_block":3,"minecraft:white_wool":22,"createaddition:biomass":18,"exnihilosequentia:basalt_pebble":209,"minecraft:stripped_oak_log":10,"ae2:fluix_dust":159,"exnihilosequentia:raw_tin":140,"exnihilosequentia:fern_seeds":2,"create:brass_sheet":26,"furnacemk2:furnacemk2":3,"excompressum:cow_bait":1,"mob_grinding_utils:tank":1,"minecraft:oak_log":2427,"kubejs:stone_gear":8,"storagenetwork:import_kabel":3,"excompressum:compressed_nether_gravel":30,"solcarrot:food_book":6,"minecraft:kelp":29,"thermal:corn":2,"minecraft:glass_bottle":18,"exnihilosequentia:oak_seeds":11,"minecraft:iron_sword":1,"minecraft:flowering_azalea":38,"create:mechanical_saw":1,"thermal:strawberry_seeds":12,"minecraft:gravel":9146,"exnihilosequentia:birch_seeds":6,"minecraft:spruce_sapling":67,"create:schematic":1,"minecraft:spruce_log":160,"exnihilosequentia:oak_barrel":6,"create:gearbox":7,"mob_grinding_utils:xpsolidifier":1,"minecraft:stone_axe":78,"storagenetwork:master":1,"exnihilosequentia:sweet_berry_seeds":8,"create:mechanical_pump":13,"create:rose_quartz":1,"minecraft:oak_button":78,"pamhc2foodcore:hotchocolateitem":3,"minecraft:melon_seeds":45,"thermal:amaranth_seeds":25,"quark:rope":4,"exnihilosequentia:copper_pieces":2397,"minecraft:ender_pearl":158,"minecraft:wheat":102,"minecraft:redstone_block":33,"cobblefordays:tier_5":5,"minecraft:potion":15,"minecraft:nether_brick":78,"cfm:oak_kitchen_counter":26,"minecraft:oak_sign":104,"create:andesite_funnel":2,"thermal:iron_plate":109,"cobblefordays:tier_1":1,"create:mechanical_press":25,"thermal:tomato":7,"excompressum:compressed_hammer_stone":1,"minecraft:redstone_torch":2,"create:potato_cannon":2,"blue_skies:bug_guts":2,"functionalstorage:linking_tool":1,"minecraft:furnace":14,"minecraft:iron_boots":7,"minecraft:stick":1695,"minecraft:orange_shulker_box":1,"createaddition:electric_motor":7,"create:mechanical_mixer":10,"exnihilosequentia:large_fern_seeds":3,"minecraft:torch":504,"minecraft:dried_kelp":60,"exnihilosequentia:raw_zinc":31,"nourished_end:cobalt":21,"minecraft:blue_stained_glass":1,"mekanism:hazmat_gown":2,"snad:snad":1,"farmersdelight:fried_egg":3,"minecraft:cactus":7,"thermal:corn_seeds":5,"create:speedometer":16,"pamhc2foodcore:chocolatecakeitem":2,"pamhc2foodcore:chocolatecupcakeitem":5,"minecraft:cod":3,"mekanismtools:lapis_lazuli_chestplate":2,"nourished_end:stardust":318,"exnihilosequentia:string_mesh":6,"excompressum:compressed_hammer_iron":2,"pamhc2foodcore:chocolatedonutitem":2,"minecraft:green_shulker_box":1,"thermal:tin_gear":9,"minecraft:lapis_lazuli":1934,"thermal:rf_coil":3,"createaddition:alternator":9,"thermal:silver_plate":4,"exnihilosequentia:fired_crucible":7,"mekanismtools:refined_obsidian_sword":2,"furnacemk2:experience_core":4,"exnihilosequentia:crafting_doll":4,"minecraft:light_blue_dye":1,"exnihilosequentia:grass_seeds":26,"minecraft:oak_planks":457,"minecraft:ghast_tear":8,"thermal:bell_pepper_seeds":8,"create:cogwheel":87,"minecraft:poisonous_potato":3,"minecraft:sand":1910,"buildersdelight:iron_chisel":4,"mob_grinding_utils:fan":5,"thermal:peanut":7,"pamhc2foodcore:saltitem":1,"minecraft:clay":14,"minecraft:diamond":188,"cobblefordays:tier_2":2,"minecraft:white_concrete":7,"minecraft:oak_sapling":110,"minecraft:cocoa_beans":16,"minecraft:fishing_rod":1,"functionalstorage:oak_1":21,"minecraft:charcoal":15,"minecraft:chicken":8,"create:crafter_slot_cover":6,"bonsaitrees3:bonsaipot":1,"thermal:cinnabar":363,"minecraft:wooden_pickaxe":3,"excompressum:sheep_bait":4,"createaddition:rolling_mill":9,"createaddition:iron_rod":2,"kubejs:stone_coin":11,"nourished_end:ennegel":5,"minecraft:stone_stairs":28,"thermal:jar":4,"create:chute":3,"kubejs:stone_plate":21,"minecraft:oak_boat":6,"mysticalagradditions:inferium_apple":1,"create:basin":13,"sophisticatedstorage:barrel":3,"minecraft:lectern":93,"thermal:pbj_sandwich":2,"minecraft:sugar_cane":103,"itemfilters:item_group":9,"minecraft:dark_oak_sapling":1,"mekanism:hazmat_pants":2,"minecraft:copper_ingot":82,"minecraft:bowl":2,"nourished_end:tube_sprouts_empty":1,"thermal:nickel_gear":4,"minecraft:stone_button":14,"exnihilosequentia:nickel_pieces":1383,"sophisticatedstorage:gold_barrel":2,"minecraft:arrow":344,"thermal:silver_gear":4,"excompressum:oak_heavy_sieve":2,"nourished_end:malachite":21,"createaddition:spool":13,"twilightforest:experiment_115":2,"pamhc2foodcore:bakedvegetablemedlyitem":5,"create:andesite_alloy":105,"exnihilosequentia:acacia_seeds":3,"create:blaze_burner":7,"thermal:cheese_wedge":1,"minecraft:cobblestone_stairs":18,"pamhc2foodcore:gummybearsitem":1,"rftoolsbase:dimensionalshard":87,"decorative_blocks:oak_support":6,"farmersdelight:hot_cocoa":1,"minecraft:soul_sand":48,"sophisticatedbackpacks:diamond_backpack":1,"minecraft:book":37,"quark:myalite":28,"minecraft:oak_slab":113,"pamhc2foodcore:smoresitem":4,"mekanism:hazmat_mask":2,"minecraft:pumpkin":2,"thermal:bell_pepper":7,"rftoolsutility:syringe":5,"mekanismtools:lapis_lazuli_boots":2,"thermal:green_bean_seeds":3,"minecraft:gold_ore":36,"quark:oak_chest":139,"minecraft:spider_eye":27,"create:extendo_grip":3,"create:brass_ingot":64,"mysticalagriculture:inferium_helmet":1,"mysticalagriculture:inferium_chestplate":1,"furnacemk2:crystal_gem_item":5,"exnihilosequentia:raw_silver":50,"storagenetwork:kabel":7,"excompressum:auto_hammer":2,"minecraft:coal":2226,"farmersdelight:honey_cookie":2},"minecraft:custom":{"minecraft:interact_with_crafting_table":639,"minecraft:play_time":2371091,"minecraft:deaths":131,"minecraft:jump":15356,"minecraft:inspect_dispenser":1,"minecraft:interact_with_anvil":15,"minecraft:inspect_hopper":53,"minecraft:time_since_rest":97728,"minecraft:swim_one_cm":20346,"minecraft:open_chest":1413,"minecraft:open_shulker_box":3,"minecraft:damage_resisted":7,"minecraft:talked_to_villager":115,"minecraft:interact_with_brewingstand":6,"minecraft:damage_dealt_resisted":385,"minecraft:boat_one_cm":7806,"minecraft:damage_taken":45739,"minecraft:aviate_one_cm":744,"minecraft:open_barrel":229,"minecraft:eat_cake_slice":25,"minecraft:leave_game":21,"minecraft:time_since_death":97690,"minecraft:enchant_item":13,"minecraft:interact_with_furnace":421,"minecraft:traded_with_villager":41,"minecraft:sleep_in_bed":2,"minecraft:waystone_activated":1,"minecraft:damage_dealt":51249,"minecraft:interact_with_smithing_table":14,"minecraft:damage_dealt_absorbed":12,"minecraft:sneak_time":85517,"minecraft:interact_with_lectern":1,"minecraft:total_world_time":2371435,"minecraft:fly_one_cm":3280818,"minecraft:fish_caught":3,"minecraft:fall_one_cm":254994,"minecraft:animals_bred":9,"minecraft:sprint_one_cm":3156737,"minecraft:drop":1195,"minecraft:walk_on_water_one_cm":86024,"minecraft:player_kills":154,"minecraft:crouch_one_cm":222661,"minecraft:mob_kills":357,"minecraft:climb_one_cm":110234,"minecraft:walk_one_cm":4415846,"minecraft:walk_under_water_one_cm":83539,"minecraft:interact_with_grindstone":5},"minecraft:used":{"minecraft:moss_block":191,"create:deployer":4,"functionalstorage:linking_tool":40,"minecraft:stone":97,"minecraft:rotten_flesh":10,"excompressum:compressed_flint":3,"minecraft:soul_sand":1,"minecraft:cocoa_beans":4,"minecraft:lava_bucket":21,"abstoneedition:pebbles":4,"pamhc2foodcore:saltitem":1,"minecraft:netherite_boots":1,"nourished_end:luck_root":1,"create:shaft":116,"create:steam_engine":1,"minecraft:oak_sapling":31,"minecraft:cooked_cod":1,"storagenetwork:storage_kabel":11,"storagenetwork:export_kabel":35,"minecraft:cactus":1,"minecraft:wooden_pickaxe":70,"exnihilosequentia:oak_sieve":12,"minecraft:clay":5,"farmersdelight:pumpkin_slice":1,"minecraft:glow_berries":1,"minecraft:golden_apple":1,"mob_grinding_utils:tinted_glass":47,"bhc:relic_apple":1,"pamhc2foodcore:cheeseitem":1,"supplementaries:candle_holder_green":4,"pamhc2foodcore:freshwateritem":142,"exnihilosequentia:large_fern_seeds":3,"sophisticatedstorage:chest":3,"excompressum:cow_bait":2,"minecraft:diamond_sword":99,"create:basin":16,"minecraft:smithing_table":1,"minecraft:poisonous_potato":1,"minecraft:oak_boat":8,"excompressum:auto_sieve":2,"create:schematic_table":1,"nourished_end:ennegel_ring":1,"minecraft:torch":325,"minecraft:brewing_stand":3,"thermal:bell_pepper":8,"minecraft:oak_fence_gate":1,"mysticalagriculture:infusion_pedestal":1,"thermal:corn":1,"excompressum:compressed_cobblestone":748,"minecraft:iron_block":3,"thermal:green_bean":3,"storagenetwork:master":2,"sophisticatedstorage:diamond_chest":1,"pamhc2foodcore:chocolatepuddingitem":1,"exnihilosequentia:dark_oak_seeds":2,"cobblefordays:tier_1":3,"chimes:bamboo_chimes":1,"create:fluid_pipe":15,"comforts:sleeping_bag_white":3,"create:belt_connector":40,"excompressum:compressed_gravel":193,"create:wand_of_symmetry":8,"minecraft:wheat_seeds":33,"farmersdelight:iron_knife":2,"storagenetwork:inventory":6,"exnihilosequentia:fern_seeds":2,"minecraft:cauldron":2,"farmersdelight:barbecue_stick":1,"avaritia:double_compressed_crafting_table":4,"create:blaze_burner":8,"minecraft:diamond_block":1,"engineersdecor:sign_hotwire":1,"minecraft:campfire":1,"pamhc2foodcore:chocolatebaritem":4,"excompressum:pig_bait":2,"minecraft:diamond_pickaxe":282,"exnihilosequentia:oak_barrel":8,"cfm:white_sofa":1,"thermal:cooked_eggplant":1,"thermal:machine_smelter":2,"mob_grinding_utils:absorption_hopper":1,"create:mechanical_arm":85,"thermal:radish":1,"minecraft:spruce_sapling":25,"minecraft:potion":6,"sophisticatedstorage:iron_chest":3,"quark:oak_chest":68,"create:clutch":4,"minecraft:stripped_oak_log":6,"exnihilosequentia:mycelium_spores":2,"create:bar_of_chocolate":1,"aquaculture:algae":1,"pamhc2foodcore:chocolatedonutitem":2,"minecraft:moss_carpet":18,"engineersdecor:sign_danger":1,"pamhc2foodcore:fruitcrumbleitem":1,"exnihilosequentia:sea_water_bucket":3,"create:cogwheel":129,"farmersdelight:fish_stew":1,"farmersdelight:cooked_cod_slice":1,"excompressum:sheep_bait":4,"thermal:cooked_corn":10,"mekanismtools:diamond_paxel":1954,"minecraft:obsidian":25,"pamhc2foodcore:chocolatecupcakeitem":5,"rsgauges:sensitive_glass_block":1,"minecraft:written_book":1,"minecraft:dark_oak_sapling":1,"minecraft:end_rod":5,"create:crushing_wheel":4,"minecraft:stone_pickaxe":3477,"minecraft:oak_planks":47,"minecraft:sugar_cane":6,"quark:azalea_planks":4,"minecraft:end_stone":200,"cfm:oak_kitchen_counter":8,"mob_grinding_utils:saw":4,"waystones:waystone":1,"farmersdelight:ratatouille":1,"minecraft:lever":27,"minecraft:bread":2,"create:andesite_casing":3,"functionalstorage:oak_1":42,"exnihilosequentia:silkworm":10,"create:vertical_gearbox":3,"minecraft:bone_meal":810,"create:large_cogwheel":24,"pamhc2foodcore:melonjuiceitem":1,"mekanismtools:lapis_lazuli_leggings":1,"avaritia:compressed_crafting_table":1,"excompressum:chicken_bait":4,"thermal:strawberry":1,"minecraft:dried_kelp":4,"storagenetwork:kabel":50,"thermal:amaranth_seeds":3,"excompressum:oak_heavy_sieve":4,"functionalstorage:configuration_tool":5,"sophisticatedstorage:gold_chest":2,"pamhc2foodcore:p8juiceitem":1,"minecraft:dirt":113,"create:mechanical_mixer":7,"cobblefordays:tier_2":2,"create:netherite_backtank":1,"pamhc2foodcore:chocolatecakeitem":1,"cobblefordays:tier_5":6,"pamhc2foodcore:donutitem":2,"create:brown_toolbox":2,"exnihilosequentia:wooden_crook":156,"thermal:onion":1,"pamhc2foodcore:carrotcakeitem":1,"uppers:upper":4,"sophisticatedstorage:gold_shulker_box":3,"minecraft:pumpkin":1,"minecraft:beetroot_soup":1,"create:gearshift":7,"pipez:fluid_pipe":5,"exnihilosequentia:fired_crucible":8,"minecraft:cobblestone_stairs":149,"minecraft:baked_potato":22,"create:brass_funnel":8,"pamhc2foodcore:hotchocolateitem":5,"sophisticatedstorage:gold_barrel":2,"create:mechanical_press":30,"farmersdelight:cake_slice":2,"pamhc2foodcore:bakedvegetablemedlyitem":5,"minecraft:stone_slab":12,"create:large_water_wheel":5,"pamhc2foodcore:fruitsaladitem":13,"thermal:pbj_sandwich":2,"minecraft:stone_axe":258,"thermal:cheese_wedge":1,"mcwlights:classic_street_lamp":1,"pipez:energy_pipe":10,"minecraft:beetroot":1,"pamhc2foodcore:carrotcupcakeitem":7,"minecraft:ladder":5,"excompressum:compressed_hammer_stone":1733,"twilightforest:experiment_115":1,"farmersdelight:sweet_berry_cheesecake":1,"create:fluid_tank":10,"create:mechanical_crafter":194,"create:depot":19,"create:andesite_funnel":12,"minecraft:sweet_berries":32,"minecraft:furnace":11,"minecraft:egg":15,"nourished_end:stardust":2,"minecraft:potato":25,"excompressum:compressed_nether_gravel":3,"farmersdelight:beef_stew":1,"pamhc2foodcore:freshmilkitem":14,"exnihilosequentia:stone_barrel":4,"minecraft:cookie":28,"create:spout":5,"minecraft:sand":8,"farmersdelight:honey_cookie":2,"create:copper_backtank":6,"minecraft:stone_button":6,"minecraft:lectern":95,"create:adjustable_chain_gearshift":8,"mob_grinding_utils:fan":15,"sophisticatedstorage:diamond_barrel":5,"excompressum:compressed_dust":1,"create:steam_whistle":1,"telepastries:overworld_cake":1,"bonsaitrees3:bonsaipot":1,"minecraft:stone_sword":171,"storagenetwork:request":6,"farmingforblockheads:market":1,"rsgauges:industrial_small_lever":5,"minecraft:netherrack":17,"minecraft:stick":7,"minecraft:dragon_egg":1,"minecraft:anvil":2,"storagenetwork:inventory_remote":1,"exnihilosequentia:grass_seeds":4,"sophisticatedstorage:iron_barrel":16,"rsgauges:industrial_lever":4,"create:wrench":385,"create:gearbox":16,"minecraft:rooted_dirt":5,"create:encased_chain_drive":39,"culinaryconstruct:sandwich":1,"minecraft:water_bucket":141,"pamhc2foodcore:carrotbreaditem":2,"minecraft:prismarine_brick_slab":4,"quark:cobblestone_bricks":96,"pamhc2foodcore:cocoapowderitem":1,"mekanismtools:stone_paxel":6708,"storagenetwork:crafting_remote":1,"minecraft:mossy_cobblestone":6,"minecraft:vine":12,"create:encased_fan":1,"minecraft:oak_slab":7,"minecraft:crafting_table":14,"minecraft:cod":1,"minecraft:cake":3,"create:filter":1,"minecraft:oak_log":78,"create:track":1,"minecraft:cornflower":1,"farmersdelight:pasta_with_meatballs":1,"minecraft:iron_pickaxe":249,"create:water_wheel":38,"thermal:strawberry_seeds":3,"supplementaries:rope":3,"excompressum:compressed_hammer_iron":239,"sophisticatedstorage:barrel":3,"minecraft:cobblestone":947,"farmersdelight:egg_sandwich":1,"kubejs:cake_builder_frame":24,"excompressum:compressed_sand":131,"thermal:machine_bottler":2,"farmersdelight:melon_juice":1,"exnihilosequentia:cooked_silkworm":1,"pamhc2foodcore:gummybearsitem":1,"exnihilosequentia:oak_crucible":1,"minecraft:carrot":4,"create:speedometer":15,"pamhc2foodcore:cookingoilitem":1,"sophisticatedbackpacks:diamond_backpack":2,"thermal:sadiroot_seeds":1,"create:millstone":1,"farmersdelight:raw_pasta":1,"minecraft:slime_spawn_egg":2,"createaddition:electric_motor":6,"quark:glowing_glass_item_frame":2,"sophisticatedstorage:netherite_barrel":2,"minecraft:golden_boots":1,"thermal:corn_seeds":1,"quark:myalite":14,"minecraft:ender_pearl":13,"pamhc2foodcore:marshmellowsitem":12,"pamhc2foodcore:smoresitem":4,"furnacemk2:furnacemk2":6,"thermal:hearty_stew":2,"create:track_station":2,"createaddition:rolling_mill":9,"functionalstorage:storage_controller":1,"minecraft:shears":699,"minecraft:redstone_torch":1,"exnihilosequentia:sweet_berry_seeds":3,"cobblefordays:tier_3":1,"quark:dusky_myalite":1,"custommachinery:custom_machine_item":4,"minecraft:melon_slice":6,"minecraft:gravel":54,"exnihilosequentia:dust":1,"mysticalagriculture:inferium_chestplate":1,"mob_grinding_utils:fluid_xp_bucket":18,"mekanismtools:lapis_lazuli_chestplate":1,"storagenetwork:import_kabel":1,"exnihilosequentia:stone_hammer":2389,"minecraft:grindstone":1,"minecraft:white_concrete":1,"minecraft:azalea":1,"minecraft:stone_shovel":257,"create:mechanical_pump":17,"minecraft:white_carpet":10,"minecraft:hopper":19,"minecraft:diamond_helmet":1,"create:chute":1,"minecraft:bookshelf":12,"mob_grinding_utils:rotten_egg":8,"thermal:tomato":3,"exnihilosequentia:andesite_pebble":1,"thermal:peanut":1,"minecraft:golden_carrot":1,"pamhc2foodcore:yogurtitem":8,"thermal:eggplant":1,"minecraft:stone_pressure_plate":3,"farmersdelight:fried_egg":1,"minecraft:glass_bottle":2,"minecraft:cobblestone_slab":48,"minecraft:painting":1,"minecraft:book":1,"createaddition:alternator":8,"farmersdelight:hot_cocoa":1,"exnihilosequentia:sugarcane_seeds":4,"minecraft:apple":9,"flopper:flopper":1,"telepastries:nether_cake":1,"kubejs:liquid_stone_bucket":1,"minecraft:fishing_rod":8,"excompressum:auto_hammer":2,"exnihilosequentia:blackstone_pebble":1,"minecraft:bucket":219,"create:hand_crank":62,"farmersdelight:fruit_salad":1,"minecraft:smooth_stone":2,"minecraft:splash_potion":1},"minecraft:crafted":{"pipez:wrench":1,"excompressum:compressed_flint":2,"excompressum:compressed_cobblestone":993,"create:brass_nugget":18,"minecraft:diamond_shovel":1,"thermal:machine_frame":3,"exnihilosequentia:stone_barrel":1,"minecraft:diamond_helmet":1,"create:andesite_funnel":2,"storagenetwork:import_filter_kabel":4,"create:brass_funnel":4,"functionalstorage:configuration_tool":1,"create:cogwheel":44,"minecraft:blue_stained_glass":8,"thermal:hearty_stew":1,"excompressum:cow_bait":1,"create:rose_quartz":8,"farmersdelight:egg_sandwich":1,"minecraft:smithing_table":1,"farmersdelight:fruit_salad":1,"exnihilosequentia:fired_crucible":2,"create:encased_chain_drive":6,"create:mechanical_mixer":1,"minecraft:lectern":2,"farmersdelight:barbecue_stick":1,"minecraft:stone_slab":300,"quark:oak_chest":87,"minecraft:iron_pickaxe":1,"create:large_cogwheel":7,"farmingforblockheads:market":1,"minecraft:netherite_ingot":8,"sophisticatedbackpacks:netherite_backpack":1,"pamhc2foodcore:freshmilkitem":8,"minecraft:golden_carrot":1,"create:wrench":1,"minecraft:iron_nugget":54,"furnacemk2:thermal_core":3,"create:copper_backtank":1,"minecraft:lantern":10,"quark:cobblestone_bricks":4,"excompressum:compressed_nether_gravel":305,"minecraft:stone_pickaxe":89,"mob_grinding_utils:mob_swab":1,"create:belt_connector":5,"create:crafter_slot_cover":6,"sophisticatedstorage:netherite_barrel":2,"excompressum:compressed_hammer_stone":17,"create:goggles":1,"sophisticatedbackpacks:gold_backpack":1,"minecraft:enchanted_book":19,"minecraft:oak_fence_gate":1,"pamhc2foodcore:freshwateritem":40,"create:mechanical_arm":1,"storagenetwork:inventory":2,"storagenetwork:request":1,"create:shaft":160,"mob_grinding_utils:fan":10,"exnihilosequentia:string_mesh":8,"minecraft:grindstone":1,"mekanismtools:diamond_paxel":1,"createaddition:capacitor":2,"minecraft:cobblestone_slab":96,"minecraft:barrel":9,"sophisticatedstorage:gold_chest":4,"kubejs:cake_builder_frame":12,"minecraft:stone":1992,"storagenetwork:inventory_remote":3,"mob_grinding_utils:tank":3,"furnacemk2:insulation_core":3,"minecraft:comparator":1,"functionalstorage:gold_upgrade":4,"minecraft:copper_block":6,"mob_grinding_utils:absorption_hopper":1,"kubejs:stone_ingot":11,"mob_grinding_utils:xpsolidifier":1,"create:brass_hand":2,"minecraft:golden_boots":1,"minecraft:dropper":2,"furnacemk2:furnacemk2":3,"excompressum:compressed_sand":169,"minecraft:cauldron":1,"mob_grinding_utils:entity_conveyor":6,"create:fluid_pipe":16,"mob_grinding_utils:solid_xp_mould_baby":1,"create:zinc_nugget":45,"itemfilters:custom":6,"minecraft:red_wool":1,"create:gearshift":2,"sophisticatedbackpacks:upgrade_base":2,"cobblefordays:tier_1":3,"create:stressometer":1,"minecraft:prismarine_brick_slab":6,"exnihilosequentia:cooked_silkworm":1,"create:water_wheel":17,"exnihilosequentia:stone_hammer":108,"sophisticatedbackpacks:diamond_backpack":1,"minecraft:stick":127,"create:mechanical_pump":2,"minecraft:iron_ingot":177,"excompressum:compressed_dirt":15,"minecraft:iron_ore":554,"pamhc2foodcore:juiceritem":1,"decorative_blocks:oak_support":3,"create:chute":4,"excompressum:compressed_dust":131,"minecraft:beehive":1,"sophisticatedstorage:gold_shulker_box":4,"sophisticatedstorage:iron_chest":6,"minecraft:furnace":14,"minecraft:blast_furnace":4,"minecraft:piston":17,"create:schematic_table":1,"quark:framed_glass":12,"exnihilosequentia:oak_sieve":8,"exnihilosequentia:raw_platinum":16,"exnihilosequentia:raw_lead":64,"create:basin":2,"functionalstorage:oak_1":20,"sophisticatedstorage:iron_barrel":6,"create:steam_whistle":1,"excompressum:sheep_bait":1,"create:andesite_alloy":44,"exnihilosequentia:oak_barrel":1,"create:large_water_wheel":1,"create:item_drain":1,"minecraft:copper_ore":177,"mob_grinding_utils:xp_tap":1,"avaritia:double_compressed_crafting_table":1,"sophisticatedstorage:chest":6,"exnihilosequentia:dust":9,"functionalstorage:copper_upgrade":4,"create:whisk":1,"mob_grinding_utils:solid_xp_mould_blank":1,"minecraft:white_dye":1,"create:mechanical_crafter":24,"sophisticatedstorage:iron_shulker_box":4,"minecraft:anvil":1,"minecraft:andesite":42,"minecraft:torch":28,"cobblefordays:tier_4":1,"minecraft:diamond_chestplate":1,"minecraft:smooth_stone":15,"custommachinery:custom_machine_item":3,"exnihilosequentia:unfired_crucible":2,"minecraft:lever":7,"sophisticatedbackpacks:crafting_upgrade":1,"minecraft:bookshelf":14,"minecraft:iron_bars":16,"storagenetwork:filter_kabel":4,"minecraft:glass":76,"minecraft:repeater":2,"minecraft:diamond_leggings":1,"excompressum:compressed_gravel":911,"create:mechanical_press":2,"exnihilosequentia:raw_aluminum":64,"mob_grinding_utils:tinted_glass":8,"supplementaries:flute":1,"pamhc2foodcore:p8juiceitem":1,"minecraft:glass_bottle":6,"storagenetwork:kabel":116,"excompressum:compressed_soul_sand":18,"minecraft:diamond_axe":1,"farmersdelight:iron_knife":1,"minecraft:gravel":9,"create:adjustable_chain_gearshift":1,"minecraft:prismarine_bricks":3,"minecraft:copper_ingot":37,"minecraft:campfire":1,"createaddition:spool":16,"create:gearbox":5,"create:encased_fan":1,"minecraft:compass":2,"minecraft:iron_block":10,"excompressum:oak_heavy_sieve":1,"sophisticatedstorage:diamond_barrel":5,"minecraft:gold_ingot":26,"create:propeller":1,"farmersdelight:melon_juice":1,"create:netherite_backtank":1,"minecraft:stone_shovel":72,"exnihilosequentia:porcelain_clay":7,"functionalstorage:linking_tool":1,"itemfilters:item_group":9,"exnihilosequentia:raw_silver":64,"minecraft:diamond_boots":1,"minecraft:redstone_block":34,"create:electron_tube":4,"exnihilosequentia:raw_nickel":64,"minecraft:coal_block":26,"cobblefordays:tier_3":1,"cobblefordays:tier_5":1,"create:speedometer":2,"functionalstorage:diamond_upgrade":2,"exnihilosequentia:diamond_hammer":1,"minecraft:golden_apple":1,"excompressum:compressed_netherrack":174,"minecraft:blackstone":14,"minecraft:wooden_axe":1,"functionalstorage:storage_controller":1,"storagenetwork:import_kabel":8,"storagenetwork:storage_kabel":12,"minecraft:brick":4,"minecraft:oak_planks":972,"createaddition:rolling_mill":1,"itemfilters:always_true":24,"sophisticatedstorage:barrel":4,"minecraft:cobblestone_stairs":116,"create:deployer":1,"sophisticatedstorage:shulker_box":4,"minecraft:hopper":14,"exnihilosequentia:blaze_doll":1,"exnihilosequentia:raw_tin":96,"sophisticatedstorage:gold_barrel":5,"cobblefordays:tier_2":1,"sophisticatedstorage:diamond_chest":1,"minecraft:oak_slab":60,"minecraft:crafting_table":51,"create:mechanical_saw":1,"minecraft:gold_ore":164,"uppers:upper":1,"minecraft:wooden_pickaxe":1,"minecraft:baked_potato":1,"create:sand_paper":1,"furnacemk2:experience_core":2,"storagenetwork:master":4,"mekanismtools:stone_paxel":69,"minecraft:diorite":9,"minecraft:book":3,"minecraft:paper":9,"minecraft:diamond_pickaxe":1,"create:super_glue":2,"minecraft:light_blue_dye":2,"minecraft:stone_sword":1,"minecraft:redstone_torch":10,"minecraft:shears":1,"create:empty_blaze_burner":1,"furnacemk2:crystal_gem_item":1,"minecraft:redstone":18,"minecraft:coal":9,"create:steam_engine":1,"create:brown_toolbox":1,"pamhc2foodcore:melonjuiceitem":1,"bonsaitrees3:bonsaipot":1,"createaddition:copper_spool":4,"minecraft:glass_pane":16,"minecraft:diamond_block":2,"exnihilosequentia:beehive_frame":3,"avaritia:compressed_crafting_table":9,"minecraft:slime_ball":9,"create:millstone":1,"create:empty_schematic":1,"create:fluid_tank":4,"thermal:machine_smelter":1,"exnihilosequentia:wooden_crook":1,"minecraft:observer":1,"sophisticatedbackpacks:iron_backpack":2,"create:hand_crank":2,"storagenetwork:export_kabel":44,"minecraft:nether_bricks":2,"excompressum:auto_hammer":1,"minecraft:bucket":2,"minecraft:stone_axe":71,"minecraft:air":1612,"minecraft:blue_dye":1,"minecraft:oak_boat":2,"minecraft:white_wool":7,"thermal:machine_bottler":1,"minecraft:gold_nugget":18,"exnihilosequentia:raw_zinc":87,"create:zinc_ingot":13,"minecraft:lapis_block":38}},"DataVersion":2975}