{"stats":{"minecraft:crafted":{"minecraft:oak_planks":68,"minecraft:stone_shovel":2,"excompressum:compressed_flint":1,"excompressum:compressed_cobblestone":11,"minecraft:furnace":1,"exnihilosequentia:oak_sieve":5,"quark:cobblestone_bricks":4,"minecraft:stone_pickaxe":1,"exnihilosequentia:wooden_crook":1,"minecraft:oak_slab":6,"excompressum:compressed_hammer_stone":1,"minecraft:wooden_pickaxe":1,"minecraft:stone_axe":1,"minecraft:air":5,"exnihilosequentia:stone_hammer":10,"minecraft:stick":32,"quark:oak_chest":3,"decorative_blocks:oak_support":3,"exnihilosequentia:string_mesh":5},"minecraft:dropped":{"minecraft:bread":1,"minecraft:moss_block":2,"minecraft:cobblestone":3,"minecraft:apple":1,"exnihilosequentia:string_mesh":1,"minecraft:flint":3,"decorative_blocks:oak_support":3,"thermal:peanut_seeds":1,"exnihilosequentia:stone_hammer":1,"ftbquests:book":2,"pamhc2foodcore:cheeseitem":1,"create:bar_of_chocolate":1,"exnihilosequentia:wooden_crook":1,"minecraft:written_book":4},"minecraft:killed":{"blue_skies:infested_swarmer":1},"minecraft:killed_by":{"minecraft:player":6,"minecraft:zombie":4},"minecraft:mined":{"minecraft:oak_sapling":1,"quark:azalea_log":1,"minecraft:brewing_stand":1,"minecraft:cave_vines_plant":1,"minecraft:grass_block":79,"minecraft:white_concrete":1,"minecraft:moss_block":180,"minecraft:moss_carpet":6,"minecraft:cave_vines":3,"minecraft:vine":22,"minecraft:azalea_leaves":1,"minecraft:stone":431,"minecraft:flowering_azalea":1,"quark:oak_chest":2,"exnihilosequentia:dust":1,"minecraft:dandelion":2,"minecraft:crafting_table":3,"quark:cobblestone_bricks":1,"rsgauges:sensitive_glass_block":1,"minecraft:poppy":2,"excompressum:compressed_cobblestone":12,"minecraft:tall_grass":20,"minecraft:cobblestone":6,"minecraft:slime_block":1,"minecraft:oak_planks":1,"minecraft:orange_tulip":2,"minecraft:grass":42,"minecraft:oak_log":32,"minecraft:gravel":3,"minecraft:sunflower":1,"minecraft:sand":1,"minecraft:dirt":1,"minecraft:oak_leaves":69,"exnihilosequentia:infested_leaves":42},"minecraft:custom":{"minecraft:mob_kills":2,"minecraft:interact_with_crafting_table":31,"minecraft:open_barrel":4,"minecraft:leave_game":3,"minecraft:time_since_death":2549,"minecraft:climb_one_cm":159,"minecraft:sprint_one_cm":76677,"minecraft:walk_one_cm":183293,"minecraft:drop":22,"minecraft:play_time":65746,"minecraft:deaths":24,"minecraft:sneak_time":5613,"minecraft:interact_with_lectern":1,"minecraft:jump":302,"minecraft:total_world_time":66090,"minecraft:time_since_rest":2579,"minecraft:damage_taken":3284,"minecraft:damage_dealt":686,"minecraft:fly_one_cm":43857,"minecraft:player_kills":5,"minecraft:open_chest":31,"minecraft:crouch_one_cm":22748,"minecraft:fall_one_cm":35979,"minecraft:inspect_dispenser":1},"minecraft:broken":{"minecraft:wooden_pickaxe":1,"minecraft:stone_pickaxe":1,"exnihilosequentia:stone_hammer":1,"minecraft:stone_shovel":1},"minecraft:picked_up":{"minecraft:cocoa_beans":2,"minecraft:crafting_table":3,"minecraft:brewing_stand":2,"create:bar_of_chocolate":2,"minecraft:cornflower":1,"exnihilosequentia:flint_mesh":2,"quark:azalea_planks":25,"minecraft:moss_carpet":61,"minecraft:string":128,"exnihilosequentia:dust":3,"thermal:barley_seeds":4,"minecraft:white_carpet":12,"minecraft:blue_orchid":8,"mysticalagriculture:inferium_essence":4,"excompressum:compressed_cobblestone":1,"minecraft:written_book":5,"minecraft:azalea":26,"minecraft:poppy":12,"minecraft:enchanted_golden_apple":1,"minecraft:stick":35,"thermal:sadiroot_seeds":4,"supplementaries:candle_holder_green":4,"exnihilosequentia:wooden_crook":1,"thermal:peanut_seeds":2,"snad:snad":1,"minecraft:arrow":6,"minecraft:rotten_flesh":5,"rsgauges:sensitive_glass_block":1,"minecraft:cobblestone":431,"twilightforest:experiment_115":2,"exnihilosequentia:string_mesh":2,"minecraft:flint":28,"minecraft:oak_log":38,"exnihilosequentia:iron_pieces":3,"minecraft:dirt":153,"minecraft:bone":1,"minecraft:apple":10,"minecraft:orange_tulip":9,"minecraft:wheat_seeds":8,"decorative_blocks:oak_support":3,"ftbquests:book":1,"thermal:tomato_seeds":3,"minecraft:moss_block":251,"minecraft:oak_planks":1,"minecraft:flowering_azalea":9,"thermal:strawberry_seeds":2,"minecraft:dandelion":12,"rftoolsutility:syringe":2,"minecraft:gravel":105,"minecraft:sand":3,"exnihilosequentia:stone_hammer":3,"quark:oak_chest":2,"exnihilosequentia:silkworm":50,"quark:cobblestone_bricks":4,"minecraft:slime_block":2,"thermal:eggplant_seeds":2,"minecraft:golden_apple":8,"minecraft:white_concrete":1,"minecraft:bread":1,"minecraft:oak_sapling":32,"thermal:amaranth_seeds":4,"minecraft:coal":2,"minecraft:ender_pearl":2,"minecraft:sunflower":2},"minecraft:used":{"minecraft:azalea":1,"minecraft:moss_block":99,"minecraft:stone_shovel":161,"excompressum:compressed_hammer_stone":11,"excompressum:compressed_flint":1,"excompressum:compressed_cobblestone":12,"abstoneedition:pebbles":4,"rsgauges:sensitive_glass_block":1,"exnihilosequentia:wooden_crook":107,"minecraft:oak_sapling":12,"minecraft:furnace":1,"quark:cobblestone_bricks":1,"minecraft:stone_pickaxe":134,"minecraft:wooden_pickaxe":59,"exnihilosequentia:oak_sieve":5,"minecraft:sand":1,"minecraft:crafting_table":3,"minecraft:cornflower":1,"minecraft:apple":1,"pamhc2foodcore:cheeseitem":1,"supplementaries:candle_holder_green":4,"minecraft:bread":1,"minecraft:gravel":3,"exnihilosequentia:dust":1,"excompressum:compressed_hammer_iron":3,"minecraft:stone_axe":109,"minecraft:cobblestone":111,"exnihilosequentia:stone_hammer":256,"quark:oak_chest":3,"exnihilosequentia:silkworm":5,"minecraft:white_concrete":1}},"DataVersion":2975}