{"stats":{"minecraft:dropped":{"ftbquests:book":2},"minecraft:killed_by":{"minecraft:zombie":3,"minecraft:player":5},"minecraft:custom":{"minecraft:open_barrel":3,"minecraft:damage_dealt":76,"minecraft:time_since_rest":180,"minecraft:damage_taken":2791,"minecraft:leave_game":3,"minecraft:crouch_one_cm":12188,"minecraft:play_time":17746,"minecraft:time_since_death":133,"minecraft:sprint_one_cm":7502,"minecraft:walk_one_cm":29287,"minecraft:deaths":22,"minecraft:sneak_time":2833,"minecraft:total_world_time":18090,"minecraft:fall_one_cm":32708,"minecraft:drop":2,"minecraft:fly_one_cm":14793,"minecraft:player_kills":5,"minecraft:jump":49},"minecraft:picked_up":{"minecraft:arrow":2,"ftbquests:book":1}},"DataVersion":2975}