{
  "comforts:sleeping_bag_light_gray": {
    "criteria": {
      "has_the_recipe": "2024-07-05 00:29:14 +0000"
    },
    "done": true
  },
  "comforts:hammock_white": {
    "criteria": {
      "has_the_recipe": "2024-07-05 00:29:14 +0000"
    },
    "done": true
  },
  "comforts:hammock_cyan_from_white": {
    "criteria": {
      "has_the_recipe": "2024-07-05 00:29:14 +0000"
    },
    "done": true
  },
  "comforts:hammock_black": {
    "criteria": {
      "has_the_recipe": "2024-07-05 00:29:14 +0000"
    },
    "done": true
  },
  "comforts:sleeping_bag_light_blue": {
    "criteria": {
      "has_the_recipe": "2024-07-05 00:29:14 +0000"
    },
    "done": true
  },
  "comforts:sleeping_bag_green_from_white": {
    "criteria": {
      "has_the_recipe": "2024-07-05 00:29:14 +0000"
    },
    "done": true
  },
  "comforts:sleeping_bag_lime": {
    "criteria": {
      "has_the_recipe": "2024-07-05 00:29:14 +0000"
    },
    "done": true
  },
  "upgradednetherite:recipes/upgraded_netherite_chestplate_smithing": {
    "criteria": {
      "has_the_recipe8": "2024-07-05 00:29:14 +0000"
    },
    "done": true
  },
  "upgradednetherite_ultimate:recipes/upgraded_netherite_pickaxe_smithing": {
    "criteria": {
      "has_the_recipe1": "2024-07-05 00:29:14 +0000"
    },
    "done": true
  },
  "upgradednetherite:recipes/upgraded_netherite_helmet_smithing": {
    "criteria": {
      "has_the_recipe7": "2024-07-05 00:29:14 +0000"
    },
    "done": true
  },
  "naturescompass:natures_compass": {
    "criteria": {
      "has_compass": "2024-07-05 00:29:14 +0000"
    },
    "done": true
  },
  "comforts:sleeping_bag_lime_from_white": {
    "criteria": {
      "has_the_recipe": "2024-07-05 00:29:14 +0000"
    },
    "done": true
  },
  "upgradednetherite:recipes/upgraded_netherite_shovel_smithing": {
    "criteria": {
      "has_the_recipe4": "2024-07-05 00:29:14 +0000"
    },
    "done": true
  },
  "comforts:sleeping_bag_black_from_white": {
    "criteria": {
      "has_the_recipe": "2024-07-05 00:29:14 +0000"
    },
    "done": true
  },
  "upgradednetherite_ultimate:recipes/upgraded_netherite_horse_armor": {
    "criteria": {
      "has_the_recipe1": "2024-07-05 00:29:14 +0000"
    },
    "done": true
  },
  "comforts:hammock_light_blue_from_white": {
    "criteria": {
      "has_the_recipe": "2024-07-05 00:29:14 +0000"
    },
    "done": true
  },
  "comforts:sleeping_bag_black": {
    "criteria": {
      "has_the_recipe": "2024-07-05 00:29:14 +0000"
    },
    "done": true
  },
  "upgradednetherite:recipes/upgraded_netherite_axe_smithing": {
    "criteria": {
      "has_the_recipe1": "2024-07-05 00:29:14 +0000"
    },
    "done": true
  },
  "upgradednetherite_ultimate:recipes/upgraded_netherite_ingot": {
    "criteria": {
      "has_the_recipe1": "2024-07-05 00:29:14 +0000"
    },
    "done": true
  },
  "comforts:hammock_red_from_white": {
    "criteria": {
      "has_the_recipe": "2024-07-05 00:29:14 +0000"
    },
    "done": true
  },
  "undergarden:undergarden/root": {
    "criteria": {
      "tick": "2024-07-05 00:29:14 +0000"
    },
    "done": true
  },
  "comforts:hammock_yellow": {
    "criteria": {
      "has_the_recipe": "2024-07-05 00:29:14 +0000"
    },
    "done": true
  },
  "buildersdelight:root": {
    "criteria": {
      "crafting_table": "2024-07-05 00:29:14 +0000"
    },
    "done": true
  },
  "comforts:hammock_cyan": {
    "criteria": {
      "has_the_recipe": "2024-07-05 00:29:14 +0000"
    },
    "done": true
  },
  "upgradednetherite_ultimate:recipes/upgraded_netherite_sword_smithing": {
    "criteria": {
      "has_the_recipe1": "2024-07-05 00:29:14 +0000"
    },
    "done": true
  },
  "comforts:sleeping_bag_purple": {
    "criteria": {
      "has_the_recipe": "2024-07-05 00:29:14 +0000"
    },
    "done": true
  },
  "comforts:hammock_pink_from_white": {
    "criteria": {
      "has_the_recipe": "2024-07-05 00:29:14 +0000"
    },
    "done": true
  },
  "upgradednetherite:recipes/upgraded_netherite_bow_smithing": {
    "criteria": {
      "has_the_recipe8": "2024-07-05 00:29:14 +0000"
    },
    "done": true
  },
  "mining_dimension:recipes/decorations/teleporter": {
    "criteria": {
      "has_log": "2024-07-05 00:39:40 +0000"
    },
    "done": true
  },
  "comforts:sleeping_bag_purple_from_white": {
    "criteria": {
      "has_the_recipe": "2024-07-05 00:29:14 +0000"
    },
    "done": true
  },
  "upgradednetherite_ultimate:recipes/upgraded_netherite_axe_smithing": {
    "criteria": {
      "has_the_recipe1": "2024-07-05 00:29:14 +0000"
    },
    "done": true
  },
  "comforts:sleeping_bag_yellow": {
    "criteria": {
      "has_the_recipe": "2024-07-05 00:29:14 +0000"
    },
    "done": true
  },
  "comforts:hammock_light_gray": {
    "criteria": {
      "has_the_recipe": "2024-07-05 00:29:14 +0000"
    },
    "done": true
  },
  "comforts:hammock_purple": {
    "criteria": {
      "has_the_recipe": "2024-07-05 00:29:14 +0000"
    },
    "done": true
  },
  "comforts:sleeping_bag_orange_from_white": {
    "criteria": {
      "has_the_recipe": "2024-07-05 00:29:14 +0000"
    },
    "done": true
  },
  "comforts:hammock_yellow_from_white": {
    "criteria": {
      "has_the_recipe": "2024-07-05 00:29:14 +0000"
    },
    "done": true
  },
  "upgradednetherite_ultimate:recipes/upgraded_netherite_leggings_smithing": {
    "criteria": {
      "has_the_recipe1": "2024-07-05 00:29:14 +0000"
    },
    "done": true
  },
  "comforts:sleeping_bag_blue_from_white": {
    "criteria": {
      "has_the_recipe": "2024-07-05 00:29:14 +0000"
    },
    "done": true
  },
  "comforts:sleeping_bag_green": {
    "criteria": {
      "has_the_recipe": "2024-07-05 00:29:14 +0000"
    },
    "done": true
  },
  "comforts:hammock_lime": {
    "criteria": {
      "has_the_recipe": "2024-07-05 00:29:14 +0000"
    },
    "done": true
  },
  "comforts:sleeping_bag_brown_from_white": {
    "criteria": {
      "has_the_recipe": "2024-07-05 00:29:14 +0000"
    },
    "done": true
  },
  "comforts:sleeping_bag_white": {
    "criteria": {
      "has_the_recipe": "2024-07-05 00:29:14 +0000"
    },
    "done": true
  },
  "comforts:sleeping_bag_pink": {
    "criteria": {
      "has_the_recipe": "2024-07-05 00:29:14 +0000"
    },
    "done": true
  },
  "comforts:hammock_light_gray_from_white": {
    "criteria": {
      "has_the_recipe": "2024-07-05 00:29:14 +0000"
    },
    "done": true
  },
  "comforts:sleeping_bag_brown": {
    "criteria": {
      "has_the_recipe": "2024-07-05 00:29:14 +0000"
    },
    "done": true
  },
  "comforts:sleeping_bag_gray": {
    "criteria": {
      "has_the_recipe": "2024-07-05 00:29:14 +0000"
    },
    "done": true
  },
  "naturescompass:natures_compass_sapling": {
    "criteria": {
      "has_sapling": "2024-07-05 00:35:34 +0000"
    },
    "done": true
  },
  "comforts:sleeping_bag_light_blue_from_white": {
    "criteria": {
      "has_the_recipe": "2024-07-05 00:29:14 +0000"
    },
    "done": true
  },
  "minecraft:story/root": {
    "criteria": {
      "crafting_table": "2024-07-05 00:44:37 +0000"
    },
    "done": true
  },
  "upgradednetherite_ultimate:recipes/upgraded_netherite_chestplate_smithing": {
    "criteria": {
      "has_the_recipe1": "2024-07-05 00:29:14 +0000"
    },
    "done": true
  },
  "comforts:hammock_light_blue": {
    "criteria": {
      "has_the_recipe": "2024-07-05 00:29:14 +0000"
    },
    "done": true
  },
  "comforts:rope_and_nail": {
    "criteria": {
      "has_the_recipe": "2024-07-05 00:29:14 +0000"
    },
    "done": true
  },
  "comforts:hammock_magenta": {
    "criteria": {
      "has_the_recipe": "2024-07-05 00:29:14 +0000"
    },
    "done": true
  },
  "comforts:sleeping_bag_red": {
    "criteria": {
      "has_the_recipe": "2024-07-05 00:29:14 +0000"
    },
    "done": true
  },
  "comforts:sleeping_bag_red_from_white": {
    "criteria": {
      "has_the_recipe": "2024-07-05 00:29:14 +0000"
    },
    "done": true
  },
  "minecraft:adventure/kill_a_mob": {
    "criteria": {
      "minecraft:zombie": "2024-07-05 00:45:12 +0000"
    },
    "done": true
  },
  "comforts:sleeping_bag_magenta_from_white": {
    "criteria": {
      "has_the_recipe": "2024-07-05 00:29:14 +0000"
    },
    "done": true
  },
  "comforts:hammock_magenta_from_white": {
    "criteria": {
      "has_the_recipe": "2024-07-05 00:29:14 +0000"
    },
    "done": true
  },
  "comforts:sleeping_bag_blue": {
    "criteria": {
      "has_the_recipe": "2024-07-05 00:29:14 +0000"
    },
    "done": true
  },
  "comforts:hammock_brown_from_white": {
    "criteria": {
      "has_the_recipe": "2024-07-05 00:29:14 +0000"
    },
    "done": true
  },
  "minecraft:story/mine_stone": {
    "criteria": {
      "get_stone": "2024-07-05 00:42:17 +0000"
    },
    "done": true
  },
  "minecraft:adventure/adventuring_time": {
    "criteria": {
      "minecraft:forest": "2024-07-05 00:29:14 +0000"
    },
    "done": false
  },
  "comforts:hammock_blue_from_white": {
    "criteria": {
      "has_the_recipe": "2024-07-05 00:29:14 +0000"
    },
    "done": true
  },
  "upgradednetherite:recipes/upgraded_netherite_upgrade_smithing": {
    "criteria": {
      "has_the_recipe1": "2024-07-05 00:29:14 +0000"
    },
    "done": true
  },
  "comforts:sleeping_bag_gray_from_white": {
    "criteria": {
      "has_the_recipe": "2024-07-05 00:29:14 +0000"
    },
    "done": true
  },
  "upgradednetherite_ultimate:recipes/upgraded_netherite_boots_smithing": {
    "criteria": {
      "has_the_recipe1": "2024-07-05 00:29:14 +0000"
    },
    "done": true
  },
  "comforts:sleeping_bag_orange": {
    "criteria": {
      "has_the_recipe": "2024-07-05 00:29:14 +0000"
    },
    "done": true
  },
  "comforts:sleeping_bag_cyan": {
    "criteria": {
      "has_the_recipe": "2024-07-05 00:29:14 +0000"
    },
    "done": true
  },
  "upgradednetherite:recipes/upgraded_netherite_pickaxe_smithing": {
    "criteria": {
      "has_the_recipe7": "2024-07-05 00:29:14 +0000"
    },
    "done": true
  },
  "upgradednetherite:recipes/upgraded_netherite_leggings_smithing": {
    "criteria": {
      "has_the_recipe9": "2024-07-05 00:29:14 +0000"
    },
    "done": true
  },
  "comforts:hammock_purple_from_white": {
    "criteria": {
      "has_the_recipe": "2024-07-05 00:29:14 +0000"
    },
    "done": true
  },
  "minecraft:adventure/root": {
    "criteria": {
      "killed_something": "2024-07-05 00:30:39 +0000"
    },
    "done": true
  },
  "upgradednetherite:recipes/upgraded_netherite_horse_armor": {
    "criteria": {
      "has_the_recipe5": "2024-07-05 00:29:14 +0000"
    },
    "done": true
  },
  "comforts:sleeping_bag_pink_from_white": {
    "criteria": {
      "has_the_recipe": "2024-07-05 00:29:14 +0000"
    },
    "done": true
  },
  "comforts:hammock_red": {
    "criteria": {
      "has_the_recipe": "2024-07-05 00:29:14 +0000"
    },
    "done": true
  },
  "farmersdelight:main/root": {
    "criteria": {
      "seeds": "2024-07-05 00:29:14 +0000"
    },
    "done": true
  },
  "comforts:hammock_black_from_white": {
    "criteria": {
      "has_the_recipe": "2024-07-05 00:29:14 +0000"
    },
    "done": true
  },
  "comforts:sleeping_bag_yellow_from_white": {
    "criteria": {
      "has_the_recipe": "2024-07-05 00:29:14 +0000"
    },
    "done": true
  },
  "comforts:hammock_gray_from_white": {
    "criteria": {
      "has_the_recipe": "2024-07-05 00:29:14 +0000"
    },
    "done": true
  },
  "upgradednetherite:recipes/upgraded_netherite_ingot": {
    "criteria": {
      "has_the_recipe3": "2024-07-05 00:29:14 +0000"
    },
    "done": true
  },
  "minecraft:adventure/kill_all_mobs": {
    "criteria": {
      "minecraft:zombie": "2024-07-05 00:45:12 +0000"
    },
    "done": false
  },
  "upgradednetherite_ultimate:recipes/upgraded_netherite_bow_smithing": {
    "criteria": {
      "has_the_recipe1": "2024-07-05 00:29:14 +0000"
    },
    "done": true
  },
  "comforts:hammock_green_from_white": {
    "criteria": {
      "has_the_recipe": "2024-07-05 00:29:14 +0000"
    },
    "done": true
  },
  "comforts:hammock_orange": {
    "criteria": {
      "has_the_recipe": "2024-07-05 00:29:14 +0000"
    },
    "done": true
  },
  "comforts:hammock_lime_from_white": {
    "criteria": {
      "has_the_recipe": "2024-07-05 00:29:14 +0000"
    },
    "done": true
  },
  "upgradednetherite:recipes/upgraded_netherite_sword_smithing": {
    "criteria": {
      "has_the_recipe9": "2024-07-05 00:29:14 +0000"
    },
    "done": true
  },
  "comforts:hammock_pink": {
    "criteria": {
      "has_the_recipe": "2024-07-05 00:29:14 +0000"
    },
    "done": true
  },
  "comforts:hammock_orange_from_white": {
    "criteria": {
      "has_the_recipe": "2024-07-05 00:29:14 +0000"
    },
    "done": true
  },
  "comforts:sleeping_bag_magenta": {
    "criteria": {
      "has_the_recipe": "2024-07-05 00:29:14 +0000"
    },
    "done": true
  },
  "upgradednetherite:recipes/upgraded_netherite_boots_smithing": {
    "criteria": {
      "has_the_recipe2": "2024-07-05 00:29:14 +0000"
    },
    "done": true
  },
  "comforts:sleeping_bag_cyan_from_white": {
    "criteria": {
      "has_the_recipe": "2024-07-05 00:29:14 +0000"
    },
    "done": true
  },
  "comforts:sleeping_bag_light_gray_from_white": {
    "criteria": {
      "has_the_recipe": "2024-07-05 00:29:14 +0000"
    },
    "done": true
  },
  "create:root": {
    "criteria": {
      "0": "2024-07-05 00:29:14 +0000"
    },
    "done": true
  },
  "naturescompass:natures_compass_log": {
    "criteria": {
      "has_log": "2024-07-05 00:39:40 +0000"
    },
    "done": true
  },
  "comforts:hammock_brown": {
    "criteria": {
      "has_the_recipe": "2024-07-05 00:29:14 +0000"
    },
    "done": true
  },
  "comforts:hammock_blue": {
    "criteria": {
      "has_the_recipe": "2024-07-05 00:29:14 +0000"
    },
    "done": true
  },
  "upgradednetherite_ultimate:recipes/upgraded_netherite_helmet_smithing": {
    "criteria": {
      "has_the_recipe1": "2024-07-05 00:29:14 +0000"
    },
    "done": true
  },
  "comforts:hammock_green": {
    "criteria": {
      "has_the_recipe": "2024-07-05 00:29:14 +0000"
    },
    "done": true
  },
  "comforts:hammock_gray": {
    "criteria": {
      "has_the_recipe": "2024-07-05 00:29:14 +0000"
    },
    "done": true
  },
  "upgradednetherite_ultimate:recipes/upgraded_netherite_shovel_smithing": {
    "criteria": {
      "has_the_recipe1": "2024-07-05 00:29:14 +0000"
    },
    "done": true
  },
  "DataVersion": 2975
}